-- MySQL dump 10.16  Distrib 10.1.41-MariaDB, for Linux (x86_64)
--
-- Host: localhost    Database: assetv2
-- ------------------------------------------------------
-- Server version	10.1.41-MariaDB

/*!40101 SET @OLD_CHARACTER_SET_CLIENT=@@CHARACTER_SET_CLIENT */;
/*!40101 SET @OLD_CHARACTER_SET_RESULTS=@@CHARACTER_SET_RESULTS */;
/*!40101 SET @OLD_COLLATION_CONNECTION=@@COLLATION_CONNECTION */;
/*!40101 SET NAMES utf8 */;
/*!40103 SET @OLD_TIME_ZONE=@@TIME_ZONE */;
/*!40103 SET TIME_ZONE='+00:00' */;
/*!40014 SET @OLD_UNIQUE_CHECKS=@@UNIQUE_CHECKS, UNIQUE_CHECKS=0 */;
/*!40014 SET @OLD_FOREIGN_KEY_CHECKS=@@FOREIGN_KEY_CHECKS, FOREIGN_KEY_CHECKS=0 */;
/*!40101 SET @OLD_SQL_MODE=@@SQL_MODE, SQL_MODE='NO_AUTO_VALUE_ON_ZERO' */;
/*!40111 SET @OLD_SQL_NOTES=@@SQL_NOTES, SQL_NOTES=0 */;

--
-- Temporary table structure for view `abmdeposito`
--

DROP TABLE IF EXISTS `abmdeposito`;
/*!50001 DROP VIEW IF EXISTS `abmdeposito`*/;
SET @saved_cs_client     = @@character_set_client;
SET character_set_client = utf8;
/*!50001 CREATE TABLE `abmdeposito` (
  `depositoId` tinyint NOT NULL,
  `depositodescrip` tinyint NOT NULL,
  `direccion` tinyint NOT NULL,
  `GPS` tinyint NOT NULL,
  `id_localidad` tinyint NOT NULL,
  `id_provincial` tinyint NOT NULL,
  `id_pais` tinyint NOT NULL,
  `id_empresa` tinyint NOT NULL,
  `estado` tinyint NOT NULL
) ENGINE=MyISAM */;
SET character_set_client = @saved_cs_client;

--
-- Temporary table structure for view `abmproveedores`
--

DROP TABLE IF EXISTS `abmproveedores`;
/*!50001 DROP VIEW IF EXISTS `abmproveedores`*/;
SET @saved_cs_client     = @@character_set_client;
SET character_set_client = utf8;
/*!50001 CREATE TABLE `abmproveedores` (
  `provid` tinyint NOT NULL,
  `provnombre` tinyint NOT NULL,
  `provcuit` tinyint NOT NULL,
  `provdomicilio` tinyint NOT NULL,
  `provtelefono` tinyint NOT NULL,
  `provmail` tinyint NOT NULL,
  `id_empresa` tinyint NOT NULL,
  `fec_alta` tinyint NOT NULL,
  `estado` tinyint NOT NULL
) ENGINE=MyISAM */;
SET character_set_client = @saved_cs_client;

--
-- Table structure for table `admcustomers`
--

DROP TABLE IF EXISTS `admcustomers`;
/*!40101 SET @saved_cs_client     = @@character_set_client */;
/*!40101 SET character_set_client = utf8 */;
CREATE TABLE `admcustomers` (
  `cliId` int(11) NOT NULL AUTO_INCREMENT,
  `cliName` varchar(50) COLLATE utf8_spanish_ci DEFAULT NULL,
  `cliLastName` varchar(50) COLLATE utf8_spanish_ci DEFAULT NULL,
  `cliDni` varchar(8) COLLATE utf8_spanish_ci DEFAULT NULL,
  `cliDateOfBirth` date DEFAULT NULL,
  `cliNroCustomer` varchar(10) COLLATE utf8_spanish_ci DEFAULT NULL,
  `cliAddress` varchar(255) COLLATE utf8_spanish_ci DEFAULT NULL,
  `cliPhone` varchar(25) COLLATE utf8_spanish_ci DEFAULT NULL,
  `cliMovil` varchar(25) COLLATE utf8_spanish_ci DEFAULT NULL,
  `cliEmail` varchar(50) COLLATE utf8_spanish_ci DEFAULT NULL,
  `cliImagePath` varchar(100) COLLATE utf8_spanish_ci DEFAULT NULL,
  `zonaId` int(11) DEFAULT NULL,
  `cliDay` int(11) DEFAULT '30',
  `cliColor` varchar(7) COLLATE utf8_spanish_ci DEFAULT NULL,
  `estado` varchar(4) COLLATE utf8_spanish_ci DEFAULT NULL,
  `id_empresa` int(11) NOT NULL,
  `cliRazonSocial` varchar(45) COLLATE utf8_spanish_ci NOT NULL,
  `plant_id` int(11) DEFAULT NULL,
  PRIMARY KEY (`cliId`)
) ENGINE=InnoDB AUTO_INCREMENT=6 DEFAULT CHARSET=utf8 COLLATE=utf8_spanish_ci;
/*!40101 SET character_set_client = @saved_cs_client */;

--
-- Dumping data for table `admcustomers`
--

LOCK TABLES `admcustomers` WRITE;
/*!40000 ALTER TABLE `admcustomers` DISABLE KEYS */;
INSERT INTO `admcustomers` VALUES (1,'Cliente 1','aaa','1111',NULL,NULL,'aaaaa','222222',NULL,'qqqqq',NULL,NULL,30,NULL,'AC',6,'Cliente 1',NULL),(2,'aaa',NULL,'1111',NULL,NULL,'aaaa','1111',NULL,'sssss',NULL,NULL,30,NULL,'AN',6,'aaaaa',NULL),(3,'Eliana ',NULL,'21111233',NULL,NULL,'san lorenzo','12345',NULL,'elianabernaldez@gmail.com',NULL,NULL,30,NULL,'AN',6,'eliber',NULL),(4,'Cliente 3',NULL,'33333333',NULL,NULL,'Av Siempre Viva 555 ','22222222',NULL,'xxxxx@yyy.com',NULL,NULL,30,NULL,'AC',6,'Cliente 3 SA',NULL),(5,'Enrique','Urriche','xxxxx',NULL,NULL,'xxxx','xxxx',NULL,'xxxx',NULL,NULL,30,NULL,'AC',6,'xxxx',NULL);
/*!40000 ALTER TABLE `admcustomers` ENABLE KEYS */;
UNLOCK TABLES;

--
-- Table structure for table `admstock`
--

DROP TABLE IF EXISTS `admstock`;
/*!40101 SET @saved_cs_client     = @@character_set_client */;
/*!40101 SET character_set_client = utf8 */;
CREATE TABLE `admstock` (
  `stkId` int(11) NOT NULL AUTO_INCREMENT,
  `prodId` int(11) NOT NULL,
  `stkCant` int(11) NOT NULL,
  `usrId` int(11) NOT NULL,
  `stkDate` datetime NOT NULL,
  `stkMotive` varchar(50) COLLATE utf8_spanish_ci DEFAULT NULL,
  PRIMARY KEY (`stkId`),
  KEY `prodId` (`prodId`),
  KEY `usrId` (`usrId`)
) ENGINE=InnoDB DEFAULT CHARSET=utf8 COLLATE=utf8_spanish_ci;
/*!40101 SET character_set_client = @saved_cs_client */;

--
-- Dumping data for table `admstock`
--

LOCK TABLES `admstock` WRITE;
/*!40000 ALTER TABLE `admstock` DISABLE KEYS */;
/*!40000 ALTER TABLE `admstock` ENABLE KEYS */;
UNLOCK TABLES;

--
-- Table structure for table `admvisits`
--

DROP TABLE IF EXISTS `admvisits`;
/*!40101 SET @saved_cs_client     = @@character_set_client */;
/*!40101 SET character_set_client = utf8 */;
CREATE TABLE `admvisits` (
  `vstId` int(11) NOT NULL AUTO_INCREMENT,
  `vstDate` datetime NOT NULL,
  `cliId` int(11) NOT NULL,
  `vstNote` text COLLATE utf8_spanish_ci NOT NULL,
  `vstStatus` varchar(2) COLLATE utf8_spanish_ci NOT NULL,
  PRIMARY KEY (`vstId`),
  KEY `cliId` (`cliId`)
) ENGINE=InnoDB DEFAULT CHARSET=utf8 COLLATE=utf8_spanish_ci;
/*!40101 SET character_set_client = @saved_cs_client */;

--
-- Dumping data for table `admvisits`
--

LOCK TABLES `admvisits` WRITE;
/*!40000 ALTER TABLE `admvisits` DISABLE KEYS */;
/*!40000 ALTER TABLE `admvisits` ENABLE KEYS */;
UNLOCK TABLES;

--
-- Table structure for table `alm_articulos`
--

DROP TABLE IF EXISTS `alm_articulos`;
/*!40101 SET @saved_cs_client     = @@character_set_client */;
/*!40101 SET character_set_client = utf8 */;
CREATE TABLE `alm_articulos` (
  `arti_id` int(11) NOT NULL AUTO_INCREMENT,
  `barcode` varchar(50) COLLATE utf8_spanish_ci NOT NULL,
  `descripcion` varchar(50) COLLATE utf8_spanish_ci NOT NULL,
  `costo` decimal(14,2) NOT NULL,
  `es_caja` tinyint(4) NOT NULL,
  `cantidad_caja` int(11) DEFAULT NULL,
  `punto_pedido` int(11) DEFAULT NULL,
  `estado_id` varchar(45) COLLATE utf8_spanish_ci DEFAULT '1',
  `unidad_id` int(11) NOT NULL,
  `empr_id` int(11) NOT NULL,
  `es_loteado` tinyint(4) NOT NULL,
  `fec_alta` datetime DEFAULT CURRENT_TIMESTAMP,
  `eliminado` tinyint(4) NOT NULL DEFAULT '0',
  PRIMARY KEY (`arti_id`)
) ENGINE=InnoDB AUTO_INCREMENT=367 DEFAULT CHARSET=utf8 COLLATE=utf8_spanish_ci;
/*!40101 SET character_set_client = @saved_cs_client */;

--
-- Dumping data for table `alm_articulos`
--

LOCK TABLES `alm_articulos` WRITE;
/*!40000 ALTER TABLE `alm_articulos` DISABLE KEYS */;
INSERT INTO `alm_articulos` VALUES (2,'51574','FILTRO DE COMBUSTIBLE P/TAMROCK N°88',0.00,0,0,2,'1',1,6,0,'2019-06-18 14:35:37',0),(10,'123456','BUJE DE ROTACION P/TAMROCK 680',0.00,0,0,5,'1',1,6,0,'2019-06-18 14:35:37',0),(11,'50686','BULON NRO. 86321729 P/TAMROCK HL 500',0.00,0,0,0,'1',1,6,0,'2019-06-18 14:35:37',0),(12,'51258','DIAFRAGMA N:04114808 P/TAMROCK',0.00,1,3,0,'0',1,6,0,'2019-06-18 14:35:37',0),(13,'51265','DIAFRAGMA P/COMP. TAMROCK HL 680-2 A',0.00,0,0,0,'0',1,6,0,'2019-06-18 14:35:37',0),(14,'51315','EJE P/ TAMROCK N† 15178158',0.00,0,0,2,'1',0,6,0,'2019-06-18 14:35:37',0),(15,'51317','EJE P/TAMROCK 500 ART. 23313378',0.00,0,0,0,'0',1,6,0,'2019-06-18 14:35:37',0),(16,'51471','FILTRO  COMBUSTIBLE P 557440 TAMROCK',0.00,1,3,0,'0',1,6,0,'2019-06-18 14:35:37',0),(17,'51571','FILTRO TAMROCK ACEITE CAT 1R-0739',0.00,0,0,0,'0',1,6,0,'2019-06-18 14:35:37',0),(18,'51545','FILTRO TAMROCK AIRE †88546679',0.00,0,0,0,'0',1,6,0,'2019-06-18 14:35:37',0),(19,'51546','FILTRO TAMROCK AIRE/CABINA PRIMARIO',0.00,0,0,0,'0',1,6,0,'2019-06-18 14:35:37',0),(20,'51548','FILTRO TAMROCK AIRE/COMPRESOR 885467',0.00,1,1,0,'0',1,6,0,'2019-06-18 14:35:37',0),(21,'51550','FILTRO TAMROCK CIRC/HID.RETORNO 8672',0.00,0,0,0,'0',1,6,0,'2019-06-18 14:35:37',0),(22,'51551','FILTRO TAMROCK CIRC/HID.SANDVICK 815',0.00,0,0,0,'0',1,6,0,'2019-06-18 14:35:37',0),(23,'51552','FILTRO TAMROCK COMB,N† 1R-0751',0.00,0,0,0,'0',1,6,0,'2019-06-18 14:35:37',0),(24,'51553','FILTRO TAMROCK COMB,TRAMPA/AGUA 1466',0.00,0,0,0,'0',1,6,0,'2019-06-18 14:35:37',0),(25,'53605','TRAMPA DE AGUA PARA TAMROCK',0.00,1,2,0,'0',1,6,0,'2019-06-18 14:35:37',0),(26,'53701','TUERCA NRO.81125969 P/TAMROCK',0.00,1,1,0,'0',1,6,0,'2019-06-18 14:35:37',0),(27,'53947','KIT DE SELLOS NRO.879484449 TAMROCK',0.00,0,0,0,'0',1,6,0,'2019-06-18 14:35:37',0),(28,'53966','RETEN NRO 15074808 TAMROCK R -500',0.00,1,1,0,'0',1,6,0,'2019-06-18 14:35:37',0),(29,'53969','SELLOS NRO 81820039 TAMROCK R-500',0.00,1,3,0,'0',1,6,0,'2019-06-18 14:35:37',0),(30,'54022','BUJE P/TAMROCK N 15021838',0.00,1,4,0,'0',1,6,0,'2019-06-18 14:35:37',0),(31,'54469','VALVULA  ART 807 590 69 P/TAMROCK HL',0.00,1,2,0,'0',1,6,0,'2019-06-18 14:35:37',0),(32,'58076','FILTRO TAMROCK 500 AIRE COMPRESOR PR',0.00,1,1,0,'0',1,6,0,'2019-06-18 14:35:37',0),(33,'58077','FILTRO TAMROCK 500 AIRE SECUNDARIO M',0.00,0,0,0,'0',1,6,0,'2019-06-18 14:35:37',0),(34,'58078','FILTRO TAMROCK 500 AIRE  PRIMARIO MO',0.00,0,0,0,'0',1,6,0,'2019-06-18 14:35:37',0),(35,'58079','FILTRO TAMROCK 500 AIRE COMPRESOR SE',0.00,0,0,0,'0',1,6,0,'2019-06-18 14:35:37',0),(36,'58080','FILTRO TAMROCK 500 GASOIL ART8823923',0.00,1,3,0,'0',1,6,0,'2019-06-18 14:35:37',0),(37,'58081','FILTRO TAMROCK 500 GASOIL SEPARADOR',0.00,0,0,0,'0',1,6,0,'2019-06-18 14:35:37',0),(38,'58082','FILTRO TAMROCK 500 ACEITE MOTOR ART',0.00,1,3,0,'0',1,6,0,'2019-06-18 14:35:37',0),(39,'50190','ARANDELA DE BRONCE 7K-1840 P/CAT 966',0.00,0,0,0,'0',1,6,0,'2019-06-18 14:35:37',0),(40,'50236','ARANDELAS N  7K-1839 P/CATERPILLAR 9',0.00,0,0,0,'0',1,6,0,'2019-06-18 14:35:37',0),(41,'50465','BULON ART. NRO. 6729510 P/ BOB CATERPILLAR',0.00,0,0,5,'0',1,6,0,'2019-06-18 14:35:37',0),(42,'50712','BULON   P/ CAT- 966 DIENTE DE CARGAD',0.00,1,22,5,'0',1,6,0,'2019-06-18 14:35:37',0),(43,'50714','BULON  8T -6466 P/AIRE ACONDI CAT -',0.00,0,0,5,'0',1,6,0,'2019-06-18 14:35:37',0),(44,'50966','COMPRESOR DE AIRE N† 8N 6105 P / CAT',0.00,0,0,0,'0',1,6,0,'2019-06-18 14:35:37',0),(45,'51084','CORREA DE ALTERNAD. P/BOBCAT ART.710',0.00,1,5,0,'0',1,6,0,'2019-06-18 14:35:37',0),(46,'51188','CORTA CORRIENTE DE 24 VOLT. P/CAT 98',0.00,1,1,0,'0',1,6,0,'2019-06-18 14:35:37',0),(47,'51208','CUBIERTA 10 X 16.5 SOLIDEAL P/BOBCAT',0.00,1,1,0,'0',1,6,0,'2019-06-18 14:35:37',0),(48,'51259','DIAFRAGMA N† 5V 6125 P/ CAT 980',0.00,1,3,0,'0',1,6,0,'2019-06-18 14:35:37',0),(49,'51455','FILTRO BOBCAT ACEIT,HID.N†6661248',0.00,1,2,0,'0',1,6,0,'2019-06-18 14:35:37',0),(50,'51456','FILTRO BOBCAT ACEIT,MOTOR N†03974896',0.00,1,2,0,'0',1,6,0,'2019-06-18 14:35:37',0),(51,'51457','FILTRO BOBCAT AIRE PRIM.N†06598492',0.00,1,8,0,'0',1,6,0,'2019-06-18 14:35:37',0),(52,'51458','FILTRO BOBCAT AIRE SEC.N†06598362',0.00,1,9,0,'0',1,6,0,'2019-06-18 14:35:37',0),(53,'51459','FILTRO BOBCAT COMB.N†06667352',0.00,1,7,0,'0',1,6,0,'2019-06-18 14:35:37',0),(54,'51460','FILTRO CAT-966 ACEIT/CONV N†9740',0.00,0,0,0,'0',1,6,0,'2019-06-18 14:35:37',0),(55,'51461','FILTRO CAT-966 ACEIT/HID,N†156-0741-',0.00,1,1,0,'0',1,6,0,'2019-06-18 14:35:37',0),(56,'51462','FILTRO CAT-966 ACEITE N†1R-0739',0.00,0,0,0,'0',1,6,0,'2019-06-18 14:35:37',0),(57,'51463','FILTRO CAT-966 AIRE PRIMARIO 2453818',0.00,1,1,0,'0',1,6,0,'2019-06-18 14:35:37',0),(58,'51464','FILTRO CAT-966 AIRE SECUNDARIO 24538',0.00,1,1,0,'0',1,6,0,'2019-06-18 14:35:37',0),(59,'51465','FILTRO CAT-966 COMB,N†1P-2299-BOSCH',0.00,0,0,0,'0',1,6,0,'2019-06-18 14:35:37',0),(60,'51466','FILTRO CAT-980 ACEITE MOTOR',0.00,0,0,0,'0',1,6,0,'2019-06-18 14:35:37',0),(61,'51467','FILTRO CAT-980 ACEIT/HIDRAULICO',0.00,0,0,0,'0',1,6,0,'2019-06-18 14:35:37',0),(62,'51468','FILTRO CAT-980 TRASMISION',0.00,0,0,0,'0',1,6,0,'2019-06-18 14:35:37',0),(63,'51469','FILTRO CAT-980 FILTRO SEPARADOR DE A',0.00,0,0,0,'0',1,6,0,'2019-06-18 14:35:37',0),(64,'51470','FILTRO CAT-980 CABINA',0.00,0,0,0,'0',1,6,0,'2019-06-18 14:35:37',0),(66,'51685','GUIA N† 2 L-3650 P/CAT 966',0.00,1,1,0,'0',1,6,0,'2019-06-18 14:35:37',0),(67,'51825','JUNTA N† 8S-1605 P/CAT.966',0.00,0,0,0,'0',1,6,0,'2019-06-18 14:35:37',0),(68,'51826','JUNTA N† 9Y-1979 P/CAT.966',0.00,0,0,0,'0',1,6,0,'2019-06-18 14:35:37',0),(69,'51829','JUNTA NRO. 6684788 P/BOB CAT',0.00,0,0,0,'0',1,6,0,'2019-06-18 14:35:37',0),(70,'52317','PERNO DE BALDE  NRO. 8K- 5334 P/CAT.',0.00,1,2,0,'0',1,6,0,'2019-06-18 14:35:37',0),(71,'53371','SELLO  N: 2H-6368 P/CAT. 966',0.00,1,6,0,'0',1,6,0,'2019-06-18 14:35:37',0),(72,'53394','SELLO N† 6D 692 P/ CAT -980',0.00,1,4,0,'0',1,6,0,'2019-06-18 14:35:37',0),(73,'53703','TUERCA P/BOBCAT S150 N€ 6674202',0.00,0,0,0,'0',1,6,0,'2019-06-18 14:35:37',0),(74,'53706','TUERCA PARA BULON DE RUEDA, P/ CAT.',0.00,1,20,0,'0',1,6,0,'2019-06-18 14:35:37',0),(75,'53918','COJINETE  5M 578 CAT-966',0.00,1,4,0,'0',1,6,0,'2019-06-18 14:35:37',0),(76,'54023','BULON 1604 P/CAT 980',0.00,1,8,0,'0',1,6,0,'2019-06-18 14:35:37',0),(77,'54042','CABLE DE ACELERADOR P/CAT 980 ART 3V',0.00,1,1,0,'0',1,6,0,'2019-06-18 14:35:37',0),(78,'54210','JUNTA 5S-4629 P/CAT-966',0.00,1,2,0,'0',1,6,0,'2019-06-18 14:35:37',0),(79,'57873','FILTRO DE COMBUSTIBLE CAT 966H 1R-07',0.00,1,3,0,'0',1,6,0,'2019-06-18 14:35:37',0),(80,'57874','FILTRO  DE  ACEITE MOTOR CAT 966H 1R',0.00,0,0,0,'0',1,6,0,'2019-06-18 14:35:37',0),(81,'57876','FILTRO  DE  ACEITE  HIDRAULICO  CAT',0.00,1,7,0,'0',1,6,0,'2019-06-18 14:35:37',0),(82,'54012','BASE  PORTA FILTRO  ART 6N 1044 CAT',0.00,0,0,0,'0',1,6,0,'2019-06-18 14:35:37',0),(83,'54833','CAMISA CILINDRO DE MOTOR CAT-3306',0.00,0,0,0,'0',1,6,0,'2019-06-18 14:35:37',0),(84,'54834','JUEGO DE AROS DE MOTOR CAT-3306',0.00,0,0,0,'0',1,6,0,'2019-06-18 14:35:37',0),(85,'57913','RADIADOR AGUA P/CAT 966H',0.00,0,0,0,'0',1,6,0,'2019-06-18 14:35:37',0),(86,'58036','TERMOSTATO  NRO 281- 8744 P/CAT 924',0.00,0,0,0,'0',1,6,0,'2019-06-18 14:35:37',0),(87,'58038','TERMOSTATO  NRO 248 -5513 P/CAT 966',0.00,0,0,0,'0',1,6,0,'2019-06-18 14:35:37',0),(88,'58275','FILTRO CAT-980 MOTOR 1R-1808',0.00,1,3,0,'0',1,6,0,'2019-06-18 14:35:37',0),(89,'58276','FILTRO CAT-980 GASOIL 1R0749',0.00,1,4,0,'0',1,6,0,'2019-06-18 14:35:37',0),(90,'58277','FILTRO CAT-980 GASOIL SEP 326-1644',0.00,0,0,0,'0',1,6,0,'2019-06-18 14:35:37',0),(91,'58278','FILTRO CAT-980 AIRE PRIMARIO 151-773',0.00,1,3,0,'0',1,6,0,'2019-06-18 14:35:37',0),(92,'58279','FILTRO CAT-980 AIRE SECUNDARIO 18902',0.00,1,7,0,'0',1,6,0,'2019-06-18 14:35:37',0),(93,'50182','ARANDELA ART, 01643-32260 P/ KOMATSU',0.00,0,0,88,'0',1,6,0,'2019-06-18 14:35:37',0),(94,'50400','BRACKET P/KOMATSU P/KOMATSU 470',0.00,1,2,0,'0',1,6,0,'2019-06-18 14:35:37',0),(95,'50436','BUJE N† 17177-04530 P/KOMATSU WA 420',0.00,1,1,0,'0',1,6,0,'2019-06-18 14:35:37',0),(96,'50461','BUJIA NRO. 600-815-2770 P/KOMATSU 42',0.00,0,0,4,'0',1,6,0,'2019-06-18 14:35:37',0),(97,'50684','BULON NRO. 16202091-12050 P/ KOMATSU',0.00,1,22,5,'0',1,6,0,'2019-06-18 14:35:37',0),(98,'50685','BULON NRO. 419-70-13150 P/KOMATSU 25',0.00,1,12,5,'0',1,6,0,'2019-06-18 14:35:37',0),(99,'50689','BULON P/KOMATSU 470 N 2 ART. 09208-1',0.00,0,0,0,'0',1,6,0,'2019-06-18 14:35:37',0),(100,'50715','BULON  DE CARDAN P/ KOMATSU 420-3 N†',0.00,1,9,0,'0',1,6,0,'2019-06-18 14:35:37',0),(101,'50716','BULON  P/ KOMATSU N† 02090-11490',0.00,1,41,0,'0',1,6,0,'2019-06-18 14:35:37',0),(102,'50717','BULON   DE CARDAN P/ KOMATSU 420-3 N',0.00,1,23,0,'0',1,6,0,'2019-06-18 14:35:37',0),(103,'51179','CORREA NRO. 6732-81-6170 , P/KOMATSU',0.00,1,2,0,'0',1,6,0,'2019-06-18 14:35:37',0),(104,'51196','CRUCETA NRO. 418-20-34620 P/KOMATSU',0.00,1,1,0,'0',1,6,0,'2019-06-18 14:35:37',0),(105,'51197','CRUCETA NRO. 421-20-12620 P/KOMATSU',0.00,1,1,0,'0',1,6,0,'2019-06-18 14:35:37',0),(121,'51198','ESPEJO NRO. 421-54-25620 P/KOMATSU 4',0.00,0,NULL,NULL,'0',1,6,0,'2019-06-18 14:35:37',0),(130,'51195','CRUCETA NRO 418-20-32620 , P/KOMATSU',0.00,1,1,0,'0',1,6,0,'2019-06-18 14:35:37',0),(133,'51808','JUNTA ANULAR P/KOMATSU 470  ART.600-',0.00,0,0,0,'0',1,6,0,'2019-06-18 14:35:37',0),(134,'52304','PASADOR P/KOMATSU 470 ART, 092440251',0.00,1,3,0,'0',1,6,0,'2019-06-18 14:35:37',0),(135,'52408','PLATOS NRO. 421-70-22140  P/ KOMATSU',0.00,1,4,0,'0',1,6,0,'2019-06-18 14:35:37',0),(136,'53377','SELLO 421- 33 - 11480 P/ KOMATSU 420',0.00,0,0,0,'0',1,6,0,'2019-06-18 14:35:37',0),(137,'53637','TUERCA 09218 - 12219 P/ KOMATSU WA 4',0.00,1,2,0,'0',1,6,0,'2019-06-18 14:35:37',0),(138,'53693','TUERCA N† 02290 - 11422 P/KOMATSU WA',0.00,0,0,0,'0',1,6,0,'2019-06-18 14:35:37',0),(139,'53695','TUERCA NRO. 02290-11625, P/KOMATSU 4',0.00,1,9,0,'0',1,6,0,'2019-06-18 14:35:37',0),(140,'53696','TUERCA NRO. 091218-12523 P/KOMATSU 2',0.00,1,16,0,'0',1,6,0,'2019-06-18 14:35:37',0),(141,'53698','TUERCA NRO. 16202290-12031 P/KOMATSU',0.00,1,21,0,'0',1,6,0,'2019-06-18 14:35:37',0),(142,'53700','TUERCA NRO.02290-11422 P/KOMATSU',0.00,1,2,0,'0',1,6,0,'2019-06-18 14:35:37',0),(143,'53721','TUERCAS N º 09218-12219 P/ KOMATSU',0.00,1,6,0,'0',1,6,0,'2019-06-18 14:35:37',0),(144,'53820','VALVULA P/ FILTRO DE AIRE P/KOMATSU',0.00,1,2,0,'0',1,6,0,'2019-06-18 14:35:37',0),(145,'53991','ACOPLE NRO  09281-00041 P/KOMATSU 25',0.00,1,1,0,'0',1,6,0,'2019-06-18 14:35:37',0),(146,'54019','BUJE 421-70-11272 P/KOMATSU 470',0.00,0,0,0,'0',1,6,0,'2019-06-18 14:35:37',0),(147,'54045','CABLE  NRO 424-9916110  P/KOMATSU',0.00,1,1,0,'0',1,6,0,'2019-06-18 14:35:37',0),(148,'54150','FILT.KOMATSU 470 /2 COMBUSTIBLE 600-',0.00,0,0,0,'0',1,6,0,'2019-06-18 14:35:37',0),(149,'54411','SEGURO NRO. 09283-00000 P/KOMATSU 25',0.00,1,1,0,'0',1,6,0,'2019-06-18 14:35:37',0),(150,'54432','TAPA  NRO 09282-00017 P/KOMATSU 250',0.00,1,1,0,'0',1,6,0,'2019-06-18 14:35:37',0),(151,'54504','TUERCA DE ACERO / KOMATSU 420',0.00,1,8,0,'0',1,6,0,'2019-06-18 14:35:37',0),(152,'54505','BULON NRO 16201010-62075 P/KOMATSU',0.00,1,3,0,'0',1,6,0,'2019-06-18 14:35:37',0),(153,'54929','JUNTA ANULAR PARA KOMATSU 470 ART: 1',0.00,1,1,0,'0',1,6,0,'2019-06-18 14:35:37',0),(154,'55204','TUERCA P/ EJE DELANTERO P/ KOMATSU 4',0.00,1,9,0,'0',1,6,0,'2019-06-18 14:35:37',0),(155,'55242','ALTERNADOR DE 24V. P/KOMATSU',0.00,0,0,0,'0',1,6,0,'2019-06-18 14:35:37',0),(156,'51439','FAROS  TOYOTA 3.0',0.00,0,0,0,'0',1,6,0,'2019-06-18 14:35:37',0),(157,'51486','FILTRO COMBUSTIBLE  CLARK TOYOTA 233',0.00,0,0,0,'0',1,6,0,'2019-06-18 14:35:37',0),(158,'51488','FILTRO CLARK TOYOTA MOTOR 90915-2000',0.00,1,3,0,'0',1,6,0,'2019-06-18 14:35:37',0),(159,'51490','FILTRO CLARK TOYOTA CONVERTIDOR 3267',0.00,1,1,0,'0',1,6,0,'2019-06-18 14:35:37',0),(160,'51516','FILTRO CLARK TOYOTA HIDRAULICO 67502',0.00,1,4,0,'0',1,6,0,'2019-06-18 14:35:37',0),(161,'51517','FILTRO CLARK TOYOTA AIRE SECUNDARIO',0.00,1,4,0,'0',1,6,0,'2019-06-18 14:35:37',0),(162,'51518','FILTRO CLARK TOYOTA AIRE PRIMARIO P8',0.00,0,0,0,'0',1,6,0,'2019-06-18 14:35:37',0),(163,'50386','BOMBIN DE GASOIL P/BOBCAT ART.665773',0.00,1,100,6,'0',1,6,0,'2019-06-18 14:35:37',0),(165,'56174','LLANTA NRO. NRPB03535239 P/ BOBCAT S',0.00,0,0,0,'0',1,6,0,'2019-06-18 14:35:37',0),(249,'57653456','bulon de escalera ',0.00,0,0,1,'0',1,7,0,'2019-06-18 14:35:37',0),(250,'1R-1825 ','filtro ',0.00,1,2,4,'0',1,7,0,'2019-06-18 14:35:37',0),(251,'sdsad','sdsd',0.00,0,0,2,'0',1,7,0,'2019-06-18 14:35:37',0),(252,'07','Mamelucos descartables ',0.00,1,23,10,'0',1,7,0,'2019-06-18 14:35:37',0),(254,'TVK ','Guantes ',0.00,1,22,12,'0',1,7,0,'2019-06-18 14:35:37',0),(256,'TVK 01','Mameluco Descartable Nobus ',0.00,1,25,10,'0',1,7,0,'2019-06-18 14:35:37',0),(257,'TVK 02 ','3M',0.00,1,3,1,'0',1,7,0,'2019-06-18 14:35:37',0),(258,'TVK 03','Dupont ',0.00,1,2,1,'0',1,7,0,'2019-06-18 14:35:37',0),(265,'1626105281// 1604707982','Valvulas',0.00,1,2,2,'0',1,7,0,'2019-06-18 14:35:37',0),(266,'3128082907','Mordazas',0.00,1,2,2,'0',1,7,0,'2019-06-18 14:35:37',0),(267,'3222327788','Sensor de Nivel',0.00,1,1,1,'0',1,7,0,'2019-06-18 14:35:37',0),(271,'265326447','Sensor de proximidad ',0.00,1,1,2,'0',1,7,0,'2019-06-18 14:35:37',0),(272,'165788','Sensor IFM ',0.00,1,2,2,'0',1,7,0,'2019-06-18 14:35:37',0),(273,'333','dsdasdad',0.00,0,0,4,'0',1,6,0,'2019-06-18 14:35:37',0),(274,'P164699','Filtro Hidraulico 52263183',0.00,1,3,1,'0',1,7,0,'2019-06-18 14:35:37',0),(275,'57516098','filtro cabina SC90271',0.00,1,6,1,'0',1,7,0,'2019-06-18 14:35:37',0),(276,'P182042','Filtro aire Motor 52252061',0.00,1,8,2,'0',1,7,0,'2019-06-18 14:35:37',0),(280,'P128408','filtro aire motor 52146966',0.00,1,8,2,'0',1,7,0,'2019-06-18 14:35:37',0),(282,'P551808','Filtro aceite motor  1R1808',0.00,1,8,2,'0',1,7,0,'2019-06-18 14:35:37',0),(285,'222','Filtro aire',0.00,0,0,0,'0',1,7,0,'2019-06-18 14:35:37',0),(286,'P551311','Filtro combustible 1R0749',0.00,1,8,2,'0',1,7,0,'2019-06-18 14:35:37',0),(287,'P564425','Filtro respiradero 50903236',0.00,1,6,1,'0',1,7,0,'2019-06-18 14:35:37',0),(288,'P165672','Filtro Hidráulico 36860336',0.00,1,2,1,'0',1,7,0,'2019-06-18 14:35:37',0),(289,'P181054','Filtro aire cabina superior 59860841',0.00,1,6,1,'0',1,7,0,'2019-06-18 14:35:37',0),(290,'P520620','Filtro aire 56958945',0.00,1,2,1,'0',1,7,0,'2019-06-18 14:35:37',0),(291,'P552055','Filtro Refrigerante  56985971',0.00,1,6,2,'0',1,7,0,'2019-06-18 14:35:37',0),(292,'SC 90270','Filtro cabina 57516106',0.00,1,6,1,'0',1,7,0,'2019-06-18 14:35:37',0),(293,'P550900','Filtro trampa 3261643',0.00,1,6,2,'0',1,7,0,'2019-06-18 14:35:37',0),(294,'57569758','Filtro separador',0.00,1,2,1,'0',1,7,0,'2019-06-18 14:35:37',0),(295,'P566278','Filtro hidraulico 57336406',0.00,1,2,1,'0',1,7,0,'2019-06-18 14:35:37',0),(296,'57451890','Compresor Aire Acondicionado',0.00,1,1,1,'0',1,7,0,'2019-06-18 14:35:37',0),(297,'88257429','Compresor Aire Acondicionado. DP 1500',0.00,1,1,1,'0',1,7,0,'2019-06-18 14:35:37',0),(298,'57364366','Filtro secador A/A',0.00,1,1,1,'0',1,7,0,'2019-06-18 14:35:37',0),(299,'3128 0829 07','Mordazas mesa de quiebre ',0.00,1,4,2,'0',1,7,0,'2019-06-18 14:35:37',0),(300,'3222 3113 62','Espaciador ',0.00,1,2,2,'0',1,7,0,'2019-06-18 14:35:37',0),(301,' 0211 1963 16','Bulon  M12 ',0.00,1,8,4,'0',1,7,0,'2019-06-18 14:35:37',0),(302,'0211 1960 85','Bulon M12 ',0.00,1,4,2,'0',1,7,0,'2019-06-18 14:35:37',0),(303,'1626 1052 81','Valvulas ',0.00,1,2,1,'0',1,7,0,'2019-06-18 14:35:37',0),(304,'3222 3277 88','Sensor de nivel ',0.00,1,1,1,'0',1,7,0,'2019-06-18 14:35:37',0),(305,'3222 3208 86 ','Sensor de proximidad ',0.00,1,1,1,'0',1,7,0,'2019-06-18 14:35:37',0),(306,'2653 1264 47','Sensor de proximidad ',0.00,1,1,1,'0',1,7,0,'2019-06-18 14:35:37',0),(307,'3222 1488 00','Sensor de proximidad ',0.00,1,2,1,'0',1,7,0,'2019-06-18 14:35:37',0),(309,'Tyvek ','Mameluco descartables ',0.00,1,21,15,'0',1,7,0,'2019-06-18 14:35:37',0),(310,'Tyvek ll ','Mameluco para lluvia ',0.00,1,1,1,'0',1,7,0,'2019-06-18 14:35:37',0),(311,'Gafas ','Gafas oscuras ',0.00,1,6,5,'0',1,7,0,'2019-06-18 14:35:37',0),(312,'Gafas Claras ','Gafas claras ',0.00,1,23,5,'0',1,7,0,'2019-06-18 14:35:37',0),(313,'Gafas Amarillas','Gafas amarillas',0.00,1,1,2,'0',1,7,0,'2019-06-18 14:35:37',0),(314,'Protector auditivo ','Endeurales ',0.00,1,10,5,'0',1,7,0,'2019-06-18 14:35:37',0),(315,'Tijera','Tijera de bloqueo ',0.00,1,5,2,'0',1,7,0,'2019-06-18 14:35:37',0),(316,'Filtros P100','Filtro para semimascara ',0.00,1,2,1,'0',1,7,0,'2019-06-18 14:35:37',0),(317,'Semi-mascara ','Semi mascara ',0.00,1,5,1,'0',1,7,0,'2019-06-18 14:35:37',0),(321,'Protector auditivo C','Tipo copa ',0.00,1,2,1,'0',1,7,0,'2019-06-18 14:35:37',0),(322,'Arnés C ','Arnés para casco ',0.00,1,1,1,'0',1,7,0,'2019-06-18 14:35:37',0),(323,'Antiparras','para viento ',0.00,1,2,1,'0',1,7,0,'2019-06-18 14:35:37',0),(324,'Guantes ','Guantes multiflex ',0.00,1,2,1,'0',1,7,0,'2019-06-18 14:35:37',0),(326,'Guantes 1 ','Nitrillo ',0.00,1,10,8,'0',1,7,0,'2019-06-18 14:35:37',0),(327,'Guantes de Goma ','Goma ',0.00,1,2,1,'0',1,7,0,'2019-06-18 14:35:37',0),(328,'Guantes C. abrigo ','Guantes de cuero con abrigo ',0.00,1,21,10,'0',1,7,0,'2019-06-18 14:35:37',0),(329,'Guantes  S. Abrigo ','Guantes cuero sin abrigo ',0.00,1,6,10,'0',1,7,0,'2019-06-18 14:35:37',0),(330,'Casco ','de seguridad ',0.00,1,2,1,'0',1,7,0,'2019-06-18 14:35:37',0),(332,'Casco de seguridad ','casco completo ',0.00,1,2,1,'0',1,7,0,'2019-06-18 14:35:37',0),(333,'13AV1280','Correa 64 ',0.00,1,3,1,'0',1,7,0,'2019-06-18 14:35:37',0),(334,'13AV1290','Correa 64',0.00,1,3,1,'0',1,7,0,'2019-06-18 14:35:37',0),(335,'13AV1305','Correa 64',0.00,1,3,1,'0',1,7,0,'2019-06-18 14:35:37',0),(336,'C13AV1325 ','Correa TC',0.00,1,3,1,'0',1,7,0,'2019-06-18 14:35:37',0),(337,'C13AC1450','Correa TC ',0.00,1,2,1,'0',1,7,0,'2019-06-18 14:35:37',0),(338,'13AV1445','Correa 64 ',0.00,1,1,1,'0',1,7,0,'2019-06-18 14:35:37',0),(339,'Multis EP2','Grasa ',0.00,1,4,2,'0',1,7,0,'2019-06-18 14:35:37',0),(340,'Lampara 24V','A-2008 24V/5w',0.00,1,10,5,'0',1,7,0,'2019-06-18 14:35:37',0),(341,'T-1055','Terminal para batería ',0.00,1,20,5,'0',1,7,0,'2019-06-18 14:35:37',0),(342,'23-35R','Abrazadera ',0.00,1,10,5,'0',1,7,0,'2019-06-18 14:35:37',0),(343,'30-45R','Abrazadera ',0.00,1,10,5,'0',1,7,0,'2019-06-18 14:35:37',0),(344,'50-70R','Abrazadera ',0.00,1,10,5,'0',1,7,0,'2019-06-18 14:35:37',0),(345,'70-90R','Abrazadera ',0.00,1,10,3,'0',1,7,0,'2019-06-18 14:35:37',0),(346,'90-110R','Abrazadera ',0.00,1,6,3,'0',1,7,0,'2019-06-18 14:35:37',0),(347,'AEA-24','Escobilla',0.00,1,10,4,'0',1,7,0,'2019-06-18 14:35:37',0),(348,'AEA-22','Escobilla',0.00,1,10,5,'0',1,7,0,'2019-06-18 14:35:37',0),(349,'LM-3500','Crema limpiadora de manos ',0.00,1,2,1,'0',1,7,0,'2019-06-18 14:35:37',0),(350,'CRF 3','Fusible 3A ',0.00,1,10,3,'0',1,7,0,'2019-06-18 14:35:37',0),(351,'GRF 5 ','Fusible 5A',0.00,1,10,3,'0',1,7,0,'2019-06-18 14:35:37',0),(352,'GRF3 ','Fusible 3A',0.00,1,10,3,'0',1,7,0,'2019-06-18 14:35:37',0),(353,'GRF15','Fusible 15A',0.00,1,10,3,'0',1,7,0,'2019-06-18 14:35:37',0),(354,'GRF10 ','Fusible 10A',0.00,1,10,3,'0',1,7,0,'2019-06-18 14:35:37',0),(355,'GRF25','Fusible 25A',0.00,1,10,3,'0',1,7,0,'2019-06-18 14:35:37',0),(356,'GRF20','Fusible 20A',0.00,0,0,3,'0',1,7,0,'2019-06-18 14:35:37',0),(357,'GRF30','Fusible 30A',0.00,1,10,3,'0',1,7,0,'2019-06-18 14:35:37',0),(358,'Tira LED','24V Blanco ',0.00,1,300,20,'0',1,7,0,'2019-06-18 14:35:37',0),(359,'Ficha para LED','Ficha para conexión de tira LED ',0.00,1,15,4,'0',1,7,0,'2019-06-18 14:35:37',0),(360,'000001','aceite motor ',0.00,1,50,10,'0',1,8,0,'2019-06-18 14:35:37',0),(361,'EB-GZ','Articulo de Prueba',0.00,1,5,5,'1',0,1,1,'2019-06-20 14:54:54',0),(362,'FER-18','PERFECTO',0.00,1,3,6,'1',0,6,1,'2019-06-21 12:26:46',0),(363,'FDF100-0001','Rueda trasera',0.00,0,0,4,'1',0,6,0,'2019-06-21 20:12:21',0),(364,'Eli-Ber','articulo nuevo',0.00,1,6,12,'1',0,6,1,'2019-06-23 16:22:59',0),(365,'BER-090','ARTICULO-002',0.00,0,0,20,'1',0,6,0,'2019-06-26 14:31:50',1),(366,'00001','filtro x caja de 2un',0.00,1,2,4,'1',0,6,0,'2019-07-18 15:53:53',0);
/*!40000 ALTER TABLE `alm_articulos` ENABLE KEYS */;
UNLOCK TABLES;

--
-- Table structure for table `alm_depositos`
--

DROP TABLE IF EXISTS `alm_depositos`;
/*!40101 SET @saved_cs_client     = @@character_set_client */;
/*!40101 SET character_set_client = utf8 */;
CREATE TABLE `alm_depositos` (
  `depo_id` int(11) NOT NULL AUTO_INCREMENT,
  `descripcion` varchar(255) DEFAULT NULL,
  `direccion` varchar(255) DEFAULT NULL,
  `GPS` varchar(255) DEFAULT NULL,
  `estado` varchar(4) DEFAULT NULL,
  `loca_id` varchar(255) DEFAULT NULL,
  `esta_id` varchar(255) DEFAULT NULL,
  `pais_id` varchar(255) DEFAULT NULL,
  `empr_id` int(11) NOT NULL,
  `fec_alta` datetime DEFAULT CURRENT_TIMESTAMP,
  `eliminado` tinyint(4) NOT NULL DEFAULT '0',
  PRIMARY KEY (`depo_id`)
) ENGINE=InnoDB AUTO_INCREMENT=8 DEFAULT CHARSET=latin1;
/*!40101 SET character_set_client = @saved_cs_client */;

--
-- Dumping data for table `alm_depositos`
--

LOCK TABLES `alm_depositos` WRITE;
/*!40000 ALTER TABLE `alm_depositos` DISABLE KEYS */;
INSERT INTO `alm_depositos` VALUES (1,'Deposito A','Direccion A','AAA','1','1','1','1',1,'2019-06-03 14:10:31',0),(2,'Deposito B','Direccion B','BBB','1','1','1','1',1,'2019-06-03 14:10:31',0),(3,'Deposito C','Direccion C','CCC','1','1','1','1',1,'2019-06-03 14:10:31',0),(4,'Deposito 1','direccion 1','','AC','','',NULL,6,'2019-06-23 13:28:22',0),(5,'Deposito 2','direccion 2','','AC','','',NULL,6,'2019-06-23 13:28:02',0),(6,'Deposito 3','direccion 3','+34 -44','AC','','',NULL,6,'2019-06-23 12:33:07',0),(7,'Deposito 4','direccion 4','','AC','','',NULL,6,'2019-06-23 13:27:46',0);
/*!40000 ALTER TABLE `alm_depositos` ENABLE KEYS */;
UNLOCK TABLES;

--
-- Table structure for table `alm_deta_entrega_materiales`
--

DROP TABLE IF EXISTS `alm_deta_entrega_materiales`;
/*!40101 SET @saved_cs_client     = @@character_set_client */;
/*!40101 SET character_set_client = utf8 */;
CREATE TABLE `alm_deta_entrega_materiales` (
  `deen_id` int(11) NOT NULL AUTO_INCREMENT,
  `enma_id` int(11) NOT NULL,
  `cantidad` int(11) NOT NULL,
  `arti_id` int(11) NOT NULL,
  `prov_id` int(10) DEFAULT NULL,
  `lote_id` int(11) NOT NULL,
  `depo_id` int(11) DEFAULT NULL,
  `empr_id` int(11) NOT NULL,
  `precio` double DEFAULT NULL,
  `fec_alta` datetime DEFAULT CURRENT_TIMESTAMP,
  `eliminado` tinyint(4) DEFAULT '0',
  PRIMARY KEY (`deen_id`)
) ENGINE=InnoDB AUTO_INCREMENT=4 DEFAULT CHARSET=utf8 COLLATE=utf8_spanish_ci;
/*!40101 SET character_set_client = @saved_cs_client */;

--
-- Dumping data for table `alm_deta_entrega_materiales`
--

LOCK TABLES `alm_deta_entrega_materiales` WRITE;
/*!40000 ALTER TABLE `alm_deta_entrega_materiales` DISABLE KEYS */;
INSERT INTO `alm_deta_entrega_materiales` VALUES (1,1,1,14,5,1,5,6,NULL,'2019-08-13 15:40:33',0),(2,1,6,146,5,2,4,6,NULL,'2019-08-13 15:40:33',0),(3,2,2,14,5,1,5,6,NULL,'2019-08-13 15:54:00',0);
/*!40000 ALTER TABLE `alm_deta_entrega_materiales` ENABLE KEYS */;
UNLOCK TABLES;

--
-- Table structure for table `alm_deta_pedidos_materiales`
--

DROP TABLE IF EXISTS `alm_deta_pedidos_materiales`;
/*!40101 SET @saved_cs_client     = @@character_set_client */;
/*!40101 SET character_set_client = utf8 */;
CREATE TABLE `alm_deta_pedidos_materiales` (
  `depe_id` int(11) NOT NULL AUTO_INCREMENT,
  `cantidad` int(11) DEFAULT NULL,
  `resto` int(11) DEFAULT NULL,
  `fecha_entrega` date DEFAULT NULL,
  `fecha_entregado` date DEFAULT NULL,
  `pema_id` int(11) NOT NULL,
  `arti_id` int(11) NOT NULL,
  `fec_alta` datetime DEFAULT CURRENT_TIMESTAMP,
  `eliminado` tinyint(4) DEFAULT '0',
  PRIMARY KEY (`depe_id`)
) ENGINE=InnoDB AUTO_INCREMENT=21 DEFAULT CHARSET=utf8 COLLATE=utf8_spanish_ci;
/*!40101 SET character_set_client = @saved_cs_client */;

--
-- Dumping data for table `alm_deta_pedidos_materiales`
--

LOCK TABLES `alm_deta_pedidos_materiales` WRITE;
/*!40000 ALTER TABLE `alm_deta_pedidos_materiales` DISABLE KEYS */;
INSERT INTO `alm_deta_pedidos_materiales` VALUES (1,3,3,'2019-08-06',NULL,1,364,'2019-08-07 00:21:12',0),(2,1,1,NULL,NULL,2,145,'2019-08-07 00:34:47',0),(3,2,2,'2019-08-06',NULL,2,2,'2019-08-07 00:36:10',0),(4,4,4,'2019-08-06',NULL,3,2,'2019-08-07 00:41:03',0),(5,1,1,NULL,NULL,4,145,'2019-08-07 20:02:46',0),(6,1,1,NULL,NULL,5,76,'2019-08-09 18:51:55',0),(7,3,3,NULL,NULL,6,93,'2019-08-09 21:18:08',0),(8,6,0,NULL,NULL,7,146,'2019-08-13 15:36:05',0),(9,1,0,'2019-08-13',NULL,7,14,'2019-08-13 15:36:35',0),(10,2,0,'2019-08-13',NULL,8,14,'2019-08-13 15:52:11',0),(11,1,1,'2019-08-13',NULL,9,14,'2019-08-13 16:18:33',0),(12,5,5,'2019-08-14',NULL,10,14,'2019-08-14 12:32:59',0),(13,4,4,NULL,NULL,11,76,'2019-08-15 03:47:58',0),(14,4,4,NULL,NULL,11,151,'2019-08-15 03:47:58',0),(15,1,1,NULL,NULL,12,51,'2019-08-15 03:59:22',0),(16,2,2,NULL,NULL,12,52,'2019-08-15 03:59:22',0),(17,1,1,'2019-08-15',NULL,12,2,'2019-08-15 04:02:58',0),(18,5,5,'2019-08-16',NULL,13,14,'2019-08-16 15:28:06',0),(19,1,1,'2019-08-20',NULL,14,14,'2019-08-20 14:42:41',0),(20,33,33,'2019-09-01',NULL,15,2,'2019-09-01 22:39:18',0);
/*!40000 ALTER TABLE `alm_deta_pedidos_materiales` ENABLE KEYS */;
UNLOCK TABLES;

--
-- Table structure for table `alm_deta_recepcion_materiales`
--

DROP TABLE IF EXISTS `alm_deta_recepcion_materiales`;
/*!40101 SET @saved_cs_client     = @@character_set_client */;
/*!40101 SET character_set_client = utf8 */;
CREATE TABLE `alm_deta_recepcion_materiales` (
  `dere_id` int(11) NOT NULL AUTO_INCREMENT,
  `cantidad` double NOT NULL,
  `precio` double NOT NULL,
  `empr_id` int(11) NOT NULL,
  `rema_id` int(11) NOT NULL,
  `lote_id` int(11) NOT NULL,
  `prov_id` int(10) NOT NULL,
  `arti_id` int(11) NOT NULL,
  `fec_alta` datetime DEFAULT CURRENT_TIMESTAMP,
  `eliminado` tinyint(4) DEFAULT '0',
  PRIMARY KEY (`dere_id`)
) ENGINE=InnoDB AUTO_INCREMENT=3 DEFAULT CHARSET=latin1;
/*!40101 SET character_set_client = @saved_cs_client */;

--
-- Dumping data for table `alm_deta_recepcion_materiales`
--

LOCK TABLES `alm_deta_recepcion_materiales` WRITE;
/*!40000 ALTER TABLE `alm_deta_recepcion_materiales` DISABLE KEYS */;
INSERT INTO `alm_deta_recepcion_materiales` VALUES (1,10,0,6,1,1,5,14,'2019-08-13 15:38:59',0),(2,10,0,6,1,2,5,146,'2019-08-13 15:38:59',0);
/*!40000 ALTER TABLE `alm_deta_recepcion_materiales` ENABLE KEYS */;
UNLOCK TABLES;

--
-- Table structure for table `alm_entrega_materiales`
--

DROP TABLE IF EXISTS `alm_entrega_materiales`;
/*!40101 SET @saved_cs_client     = @@character_set_client */;
/*!40101 SET character_set_client = utf8 */;
CREATE TABLE `alm_entrega_materiales` (
  `enma_id` int(11) NOT NULL AUTO_INCREMENT,
  `fecha` date DEFAULT NULL,
  `solicitante` varchar(100) COLLATE utf8_spanish_ci DEFAULT NULL,
  `dni` varchar(45) COLLATE utf8_spanish_ci DEFAULT NULL,
  `destino` varchar(100) COLLATE utf8_spanish_ci DEFAULT NULL,
  `comprobante` varchar(50) COLLATE utf8_spanish_ci DEFAULT NULL,
  `empr_id` int(11) NOT NULL,
  `pema_id` int(11) DEFAULT NULL,
  `fec_alta` datetime DEFAULT CURRENT_TIMESTAMP,
  `eliminado` tinyint(4) DEFAULT '0',
  PRIMARY KEY (`enma_id`)
) ENGINE=InnoDB AUTO_INCREMENT=3 DEFAULT CHARSET=utf8 COLLATE=utf8_spanish_ci;
/*!40101 SET character_set_client = @saved_cs_client */;

--
-- Dumping data for table `alm_entrega_materiales`
--

LOCK TABLES `alm_entrega_materiales` WRITE;
/*!40000 ALTER TABLE `alm_entrega_materiales` DISABLE KEYS */;
INSERT INTO `alm_entrega_materiales` VALUES (1,'2019-08-13','eli','111111',NULL,'0011',6,7,'2019-08-13 15:40:33',0),(2,'2019-08-13','eli ','22222',NULL,'00002',6,8,'2019-08-13 15:54:00',0);
/*!40000 ALTER TABLE `alm_entrega_materiales` ENABLE KEYS */;
UNLOCK TABLES;

--
-- Table structure for table `alm_lotes`
--

DROP TABLE IF EXISTS `alm_lotes`;
/*!40101 SET @saved_cs_client     = @@character_set_client */;
/*!40101 SET character_set_client = utf8 */;
CREATE TABLE `alm_lotes` (
  `lote_id` int(11) NOT NULL AUTO_INCREMENT,
  `prov_id` int(10) NOT NULL,
  `arti_id` int(11) NOT NULL,
  `depo_id` int(11) NOT NULL,
  `codigo` varchar(255) DEFAULT NULL,
  `fec_vencimiento` date DEFAULT NULL,
  `cantidad` float DEFAULT NULL,
  `empr_id` int(11) NOT NULL,
  `user_id` int(11) DEFAULT NULL,
  `estado_id` int(11) DEFAULT NULL,
  `fec_alta` datetime DEFAULT CURRENT_TIMESTAMP,
  `eliminado` tinyint(4) DEFAULT '0',
  PRIMARY KEY (`lote_id`,`prov_id`,`arti_id`,`depo_id`)
) ENGINE=InnoDB AUTO_INCREMENT=3 DEFAULT CHARSET=latin1;
/*!40101 SET character_set_client = @saved_cs_client */;

--
-- Dumping data for table `alm_lotes`
--

LOCK TABLES `alm_lotes` WRITE;
/*!40000 ALTER TABLE `alm_lotes` DISABLE KEYS */;
INSERT INTO `alm_lotes` VALUES (1,5,14,5,'1','2021-01-26',7,6,NULL,1,'2019-08-13 15:38:59',0),(2,5,146,4,'1','0000-00-00',4,6,NULL,1,'2019-08-13 15:38:59',0);
/*!40000 ALTER TABLE `alm_lotes` ENABLE KEYS */;
UNLOCK TABLES;

--
-- Table structure for table `alm_pedidos_extraordinario`
--

DROP TABLE IF EXISTS `alm_pedidos_extraordinario`;
/*!40101 SET @saved_cs_client     = @@character_set_client */;
/*!40101 SET character_set_client = utf8 */;
CREATE TABLE `alm_pedidos_extraordinario` (
  `peex_id` int(11) NOT NULL AUTO_INCREMENT,
  `fecha` date DEFAULT NULL,
  `detalle` varchar(200) COLLATE utf8_turkish_ci DEFAULT NULL,
  `motivo_rechazo` varchar(200) COLLATE utf8_turkish_ci DEFAULT NULL,
  `case_id` int(11) DEFAULT NULL,
  `pema_id` int(11) DEFAULT NULL,
  `ortr_id` int(11) DEFAULT NULL,
  `empr_id` int(11) DEFAULT NULL,
  `fec_alta` datetime DEFAULT CURRENT_TIMESTAMP,
  `eliminado` tinyint(4) DEFAULT '0',
  PRIMARY KEY (`peex_id`)
) ENGINE=InnoDB DEFAULT CHARSET=utf8 COLLATE=utf8_turkish_ci;
/*!40101 SET character_set_client = @saved_cs_client */;

--
-- Dumping data for table `alm_pedidos_extraordinario`
--

LOCK TABLES `alm_pedidos_extraordinario` WRITE;
/*!40000 ALTER TABLE `alm_pedidos_extraordinario` DISABLE KEYS */;
/*!40000 ALTER TABLE `alm_pedidos_extraordinario` ENABLE KEYS */;
UNLOCK TABLES;

--
-- Table structure for table `alm_pedidos_materiales`
--

DROP TABLE IF EXISTS `alm_pedidos_materiales`;
/*!40101 SET @saved_cs_client     = @@character_set_client */;
/*!40101 SET character_set_client = utf8 */;
CREATE TABLE `alm_pedidos_materiales` (
  `pema_id` int(11) NOT NULL AUTO_INCREMENT,
  `fecha` date NOT NULL,
  `motivo_rechazo` varchar(500) COLLATE utf8_spanish_ci DEFAULT NULL,
  `justificacion` varchar(300) COLLATE utf8_spanish_ci DEFAULT NULL,
  `case_id` int(11) DEFAULT NULL,
  `estado` varchar(45) COLLATE utf8_spanish_ci DEFAULT NULL,
  `ortr_id` int(11) NOT NULL,
  `empr_id` int(11) DEFAULT NULL,
  `fec_alta` datetime DEFAULT CURRENT_TIMESTAMP,
  `eliminado` tinyint(4) DEFAULT '0',
  PRIMARY KEY (`pema_id`)
) ENGINE=InnoDB AUTO_INCREMENT=16 DEFAULT CHARSET=utf8 COLLATE=utf8_spanish_ci;
/*!40101 SET character_set_client = @saved_cs_client */;

--
-- Dumping data for table `alm_pedidos_materiales`
--

LOCK TABLES `alm_pedidos_materiales` WRITE;
/*!40000 ALTER TABLE `alm_pedidos_materiales` DISABLE KEYS */;
INSERT INTO `alm_pedidos_materiales` VALUES (1,'2019-08-06',NULL,'',19050,'Solicitado',1,6,'2019-08-07 00:21:12',0),(2,'2019-08-06','',NULL,19052,'Aprobado',2,6,'2019-08-07 00:34:47',0),(3,'2019-08-06',NULL,'',19053,'Solicitado',2,6,'2019-08-07 00:41:03',0),(4,'2019-08-07',NULL,NULL,NULL,'Creada',6,6,'2019-08-07 20:02:46',0),(5,'2019-08-09','',NULL,19074,'Aprobado',7,6,'2019-08-09 18:51:55',0),(6,'2019-08-09',NULL,NULL,NULL,'Creada',8,6,'2019-08-09 21:18:08',0),(7,'2019-08-13','',NULL,19086,'Entregado',18,6,'2019-08-13 15:36:05',0),(8,'2019-08-13','','',19088,'Entregado',19,6,'2019-08-13 15:52:11',0),(9,'2019-08-13',NULL,'',19092,'Solicitado',22,6,'2019-08-13 16:18:33',0),(10,'2019-08-14',NULL,'',19096,'Solicitado',23,6,'2019-08-14 12:32:59',0),(11,'2019-08-15',NULL,NULL,NULL,'Creada',29,6,'2019-08-15 03:47:58',0),(12,'2019-08-15',NULL,NULL,19101,'Solicitado',30,6,'2019-08-15 03:59:22',0),(13,'2019-08-16',NULL,'',19113,'Solicitado',28,6,'2019-08-16 15:28:06',0),(14,'2019-08-20',NULL,'',NULL,'Creada',31,6,'2019-08-20 14:42:41',0),(15,'2019-09-01',NULL,'',19115,'Solicitado',0,6,'2019-09-01 22:39:18',0);
/*!40000 ALTER TABLE `alm_pedidos_materiales` ENABLE KEYS */;
UNLOCK TABLES;

--
-- Table structure for table `alm_proveedores`
--

DROP TABLE IF EXISTS `alm_proveedores`;
/*!40101 SET @saved_cs_client     = @@character_set_client */;
/*!40101 SET character_set_client = utf8 */;
CREATE TABLE `alm_proveedores` (
  `prov_id` int(10) NOT NULL AUTO_INCREMENT,
  `nombre` varchar(255) DEFAULT NULL,
  `cuit` varchar(50) DEFAULT NULL,
  `domicilio` varchar(255) DEFAULT NULL,
  `telefono` varchar(50) DEFAULT NULL,
  `email` varchar(100) DEFAULT NULL,
  `empr_id` int(11) NOT NULL,
  `fec_alta` datetime DEFAULT CURRENT_TIMESTAMP,
  `eliminado` tinyint(4) DEFAULT '0',
  PRIMARY KEY (`prov_id`)
) ENGINE=InnoDB AUTO_INCREMENT=7 DEFAULT CHARSET=latin1;
/*!40101 SET character_set_client = @saved_cs_client */;

--
-- Dumping data for table `alm_proveedores`
--

LOCK TABLES `alm_proveedores` WRITE;
/*!40000 ALTER TABLE `alm_proveedores` DISABLE KEYS */;
INSERT INTO `alm_proveedores` VALUES (3,'Benito camelass','24324','asfas 23432','234234','r@gmail.com',6,'2019-06-24 20:11:18',0),(4,'Alberto Carlos Bustos','2423423432','sfssfa 234234','23423432','r@t.com',6,'2019-06-24 20:18:33',0),(5,'Proveedor 1','11111','aaaaa','2222','eeeeeee',6,'2019-06-24 20:26:44',0),(6,'Gomería Carlito','30706206226','XXXXXXX','2644444444','TALLER@carlito.COM',6,'2019-06-25 11:49:21',0);
/*!40000 ALTER TABLE `alm_proveedores` ENABLE KEYS */;
UNLOCK TABLES;

--
-- Table structure for table `alm_proveedores_articulos`
--

DROP TABLE IF EXISTS `alm_proveedores_articulos`;
/*!40101 SET @saved_cs_client     = @@character_set_client */;
/*!40101 SET character_set_client = utf8 */;
CREATE TABLE `alm_proveedores_articulos` (
  `prov_id` int(10) NOT NULL,
  `arti_id` int(11) NOT NULL,
  PRIMARY KEY (`prov_id`,`arti_id`)
) ENGINE=InnoDB DEFAULT CHARSET=utf8 COLLATE=utf8_spanish_ci;
/*!40101 SET character_set_client = @saved_cs_client */;

--
-- Dumping data for table `alm_proveedores_articulos`
--

LOCK TABLES `alm_proveedores_articulos` WRITE;
/*!40000 ALTER TABLE `alm_proveedores_articulos` DISABLE KEYS */;
/*!40000 ALTER TABLE `alm_proveedores_articulos` ENABLE KEYS */;
UNLOCK TABLES;

--
-- Table structure for table `alm_recepcion_materiales`
--

DROP TABLE IF EXISTS `alm_recepcion_materiales`;
/*!40101 SET @saved_cs_client     = @@character_set_client */;
/*!40101 SET character_set_client = utf8 */;
CREATE TABLE `alm_recepcion_materiales` (
  `rema_id` int(11) NOT NULL AUTO_INCREMENT,
  `fecha` datetime NOT NULL,
  `comprobante` varchar(255) CHARACTER SET latin1 NOT NULL,
  `empr_id` int(11) NOT NULL,
  `prov_id` int(10) NOT NULL,
  `fec_alta` datetime DEFAULT CURRENT_TIMESTAMP,
  `eliminado` tinyint(4) DEFAULT '0',
  PRIMARY KEY (`rema_id`),
  UNIQUE KEY `comprobante_UNIQUE` (`comprobante`)
) ENGINE=InnoDB AUTO_INCREMENT=2 DEFAULT CHARSET=utf8 COLLATE=utf8_spanish_ci;
/*!40101 SET character_set_client = @saved_cs_client */;

--
-- Dumping data for table `alm_recepcion_materiales`
--

LOCK TABLES `alm_recepcion_materiales` WRITE;
/*!40000 ALTER TABLE `alm_recepcion_materiales` DISABLE KEYS */;
INSERT INTO `alm_recepcion_materiales` VALUES (1,'2019-08-13 12:37:00','00001',6,5,'2019-08-13 15:38:59',0);
/*!40000 ALTER TABLE `alm_recepcion_materiales` ENABLE KEYS */;
UNLOCK TABLES;

--
-- Table structure for table `area`
--

DROP TABLE IF EXISTS `area`;
/*!40101 SET @saved_cs_client     = @@character_set_client */;
/*!40101 SET character_set_client = utf8 */;
CREATE TABLE `area` (
  `id_area` int(11) NOT NULL AUTO_INCREMENT,
  `descripcion` varchar(100) COLLATE utf8mb4_spanish_ci NOT NULL,
  `id_empresa` int(11) NOT NULL,
  `estado` varchar(45) COLLATE utf8mb4_spanish_ci NOT NULL,
  PRIMARY KEY (`id_area`)
) ENGINE=InnoDB AUTO_INCREMENT=6 DEFAULT CHARSET=utf8mb4 COLLATE=utf8mb4_spanish_ci;
/*!40101 SET character_set_client = @saved_cs_client */;

--
-- Dumping data for table `area`
--

LOCK TABLES `area` WRITE;
/*!40000 ALTER TABLE `area` DISABLE KEYS */;
INSERT INTO `area` VALUES (1,'Area 1',6,'AC'),(2,'Area 2',6,'AC'),(3,'Producción',6,'AC'),(4,'Área Faena',6,'AC'),(5,'Sala de Maquinas',6,'AC');
/*!40000 ALTER TABLE `area` ENABLE KEYS */;
UNLOCK TABLES;

--
-- Temporary table structure for view `articles`
--

DROP TABLE IF EXISTS `articles`;
/*!50001 DROP VIEW IF EXISTS `articles`*/;
SET @saved_cs_client     = @@character_set_client;
SET character_set_client = utf8;
/*!50001 CREATE TABLE `articles` (
  `artId` tinyint NOT NULL,
  `artBarCode` tinyint NOT NULL,
  `artDescription` tinyint NOT NULL,
  `artCoste` tinyint NOT NULL,
  `artIsByBox` tinyint NOT NULL,
  `artCantbox` tinyint NOT NULL,
  `punto_pedido` tinyint NOT NULL,
  `artEstado` tinyint NOT NULL,
  `unidadmedida` tinyint NOT NULL,
  `id_empresa` tinyint NOT NULL
) ENGINE=MyISAM */;
SET character_set_client = @saved_cs_client;

--
-- Table structure for table `asignaherramientas`
--

DROP TABLE IF EXISTS `asignaherramientas`;
/*!40101 SET @saved_cs_client     = @@character_set_client */;
/*!40101 SET character_set_client = utf8 */;
CREATE TABLE `asignaherramientas` (
  `id` int(11) NOT NULL AUTO_INCREMENT,
  `herrId` int(11) DEFAULT NULL,
  `id_orden` int(11) DEFAULT NULL,
  `fechahora` date DEFAULT NULL,
  PRIMARY KEY (`id`),
  KEY `herrId` (`herrId`),
  KEY `id_orden` (`id_orden`)
) ENGINE=InnoDB DEFAULT CHARSET=latin1;
/*!40101 SET character_set_client = @saved_cs_client */;

--
-- Dumping data for table `asignaherramientas`
--

LOCK TABLES `asignaherramientas` WRITE;
/*!40000 ALTER TABLE `asignaherramientas` DISABLE KEYS */;
/*!40000 ALTER TABLE `asignaherramientas` ENABLE KEYS */;
UNLOCK TABLES;

--
-- Table structure for table `asignausuario`
--

DROP TABLE IF EXISTS `asignausuario`;
/*!40101 SET @saved_cs_client     = @@character_set_client */;
/*!40101 SET character_set_client = utf8 */;
CREATE TABLE `asignausuario` (
  `id` int(11) NOT NULL AUTO_INCREMENT,
  `usrId` int(11) DEFAULT NULL,
  `id_orden` int(11) DEFAULT NULL,
  `fechahora` datetime DEFAULT NULL,
  PRIMARY KEY (`id`),
  KEY `usrId` (`usrId`),
  KEY `id_orden` (`id_orden`)
) ENGINE=InnoDB AUTO_INCREMENT=8 DEFAULT CHARSET=latin1;
/*!40101 SET character_set_client = @saved_cs_client */;

--
-- Dumping data for table `asignausuario`
--

LOCK TABLES `asignausuario` WRITE;
/*!40000 ALTER TABLE `asignausuario` DISABLE KEYS */;
INSERT INTO `asignausuario` VALUES (1,49,1,'2019-08-06 21:25:24'),(2,49,2,'2019-08-06 21:42:10'),(3,17,3,'2019-08-09 17:14:48'),(4,49,4,'2019-08-13 12:41:47'),(5,17,6,'2019-08-15 01:28:35'),(6,49,6,'2019-08-15 01:28:35'),(7,17,8,'2019-08-21 11:50:53');
/*!40000 ALTER TABLE `asignausuario` ENABLE KEYS */;
UNLOCK TABLES;

--
-- Table structure for table `asp_detaplantillainsumos`
--

DROP TABLE IF EXISTS `asp_detaplantillainsumos`;
/*!40101 SET @saved_cs_client     = @@character_set_client */;
/*!40101 SET character_set_client = utf8 */;
CREATE TABLE `asp_detaplantillainsumos` (
  `deta_id` int(11) NOT NULL AUTO_INCREMENT,
  `artId` int(11) NOT NULL,
  `plant_id` int(11) NOT NULL,
  PRIMARY KEY (`deta_id`)
) ENGINE=InnoDB AUTO_INCREMENT=29 DEFAULT CHARSET=utf8 COLLATE=utf8_spanish_ci;
/*!40101 SET character_set_client = @saved_cs_client */;

--
-- Dumping data for table `asp_detaplantillainsumos`
--

LOCK TABLES `asp_detaplantillainsumos` WRITE;
/*!40000 ALTER TABLE `asp_detaplantillainsumos` DISABLE KEYS */;
INSERT INTO `asp_detaplantillainsumos` VALUES (1,0,1),(2,0,1),(3,0,1),(4,0,1),(5,0,2),(6,2,3),(7,233,3),(8,844,3),(9,2,4),(10,233,4),(11,844,4),(12,2,5),(13,233,5),(14,844,5),(15,2,6),(16,233,6),(17,844,6),(18,123,7),(24,2,8),(25,10,8),(26,11,8),(27,365,9),(28,145,9);
/*!40000 ALTER TABLE `asp_detaplantillainsumos` ENABLE KEYS */;
UNLOCK TABLES;

--
-- Table structure for table `asp_plantillainsumos`
--

DROP TABLE IF EXISTS `asp_plantillainsumos`;
/*!40101 SET @saved_cs_client     = @@character_set_client */;
/*!40101 SET character_set_client = utf8 */;
CREATE TABLE `asp_plantillainsumos` (
  `plant_id` int(11) NOT NULL AUTO_INCREMENT,
  `descripcion` varchar(100) COLLATE utf8_spanish_ci DEFAULT NULL,
  `id_empresa` int(11) DEFAULT NULL,
  `plant_nombre` varchar(50) COLLATE utf8_spanish_ci DEFAULT NULL,
  `estado` varchar(10) COLLATE utf8_spanish_ci DEFAULT NULL,
  PRIMARY KEY (`plant_id`)
) ENGINE=InnoDB AUTO_INCREMENT=10 DEFAULT CHARSET=utf8 COLLATE=utf8_spanish_ci;
/*!40101 SET character_set_client = @saved_cs_client */;

--
-- Dumping data for table `asp_plantillainsumos`
--

LOCK TABLES `asp_plantillainsumos` WRITE;
/*!40000 ALTER TABLE `asp_plantillainsumos` DISABLE KEYS */;
INSERT INTO `asp_plantillainsumos` VALUES (1,'',6,'','AC'),(2,'Descripcion 1',6,'Plantilla 1','AC'),(3,'plantilla de articulos',6,'Plantilla 5','AC'),(4,'plantilla de articulos',6,'Plantilla 5','AC'),(5,'plantilla de articulos',6,'Plantilla 5','AC'),(6,'plantilla de articulos',6,'Plantilla 5','AC'),(7,'wwww',6,'aaaa','AC'),(8,'plantilla de prueba',6,'eli','AN'),(9,'Básica de Trabajo',6,'Plantilla 001','AC');
/*!40000 ALTER TABLE `asp_plantillainsumos` ENABLE KEYS */;
UNLOCK TABLES;

--
-- Table structure for table `asp_subtareas`
--

DROP TABLE IF EXISTS `asp_subtareas`;
/*!40101 SET @saved_cs_client     = @@character_set_client */;
/*!40101 SET character_set_client = utf8 */;
CREATE TABLE `asp_subtareas` (
  `id_subtarea` int(11) NOT NULL AUTO_INCREMENT,
  `tareadescrip` varchar(5000) COLLATE utf8_spanish_ci NOT NULL,
  `id_tarea` int(11) NOT NULL,
  `estado` varchar(5) COLLATE utf8_spanish_ci NOT NULL,
  `duracion_prog` int(11) DEFAULT NULL,
  `form_asoc` int(11) DEFAULT NULL,
  PRIMARY KEY (`id_subtarea`)
) ENGINE=InnoDB DEFAULT CHARSET=utf8 COLLATE=utf8_spanish_ci;
/*!40101 SET character_set_client = @saved_cs_client */;

--
-- Dumping data for table `asp_subtareas`
--

LOCK TABLES `asp_subtareas` WRITE;
/*!40000 ALTER TABLE `asp_subtareas` DISABLE KEYS */;
/*!40000 ALTER TABLE `asp_subtareas` ENABLE KEYS */;
UNLOCK TABLES;

--
-- Table structure for table `ciudades`
--

DROP TABLE IF EXISTS `ciudades`;
/*!40101 SET @saved_cs_client     = @@character_set_client */;
/*!40101 SET character_set_client = utf8 */;
CREATE TABLE `ciudades` (
  `idCiudades` int(11) NOT NULL AUTO_INCREMENT,
  `Paises_Codigo` varchar(2) NOT NULL,
  `Ciudad` varchar(100) NOT NULL,
  PRIMARY KEY (`idCiudades`),
  KEY `Paises_Codigo` (`Paises_Codigo`),
  KEY `Ciudad` (`Ciudad`)
) ENGINE=MyISAM AUTO_INCREMENT=24 DEFAULT CHARSET=utf8;
/*!40101 SET character_set_client = @saved_cs_client */;

--
-- Dumping data for table `ciudades`
--

LOCK TABLES `ciudades` WRITE;
/*!40000 ALTER TABLE `ciudades` DISABLE KEYS */;
INSERT INTO `ciudades` VALUES (1,'AR','Buenos Aires'),(2,'AR','Santa Fe'),(3,'AR','Córdoba'),(4,'AR','Misiones'),(5,'AR','Entre Rios'),(6,'AR','Mendoza'),(7,'AR','San Juan'),(8,'AR','Tucumán'),(9,'AR','Tierra del Fuego'),(10,'AR','Chaco'),(11,'AR','La Pampa'),(12,'AR','Jujuy'),(13,'AR','Rio Negro'),(14,'AR','Chubut'),(15,'AR','Corrientes'),(16,'AR','Santa Cruz'),(17,'AR','Salta'),(18,'AR','San Luis'),(19,'AR','Neuquen'),(20,'AR','Catamarca'),(21,'AR','Santiago del Estero'),(22,'AR','La Rioja'),(23,'AR','Formosa');
/*!40000 ALTER TABLE `ciudades` ENABLE KEYS */;
UNLOCK TABLES;

--
-- Table structure for table `clientes`
--

DROP TABLE IF EXISTS `clientes`;
/*!40101 SET @saved_cs_client     = @@character_set_client */;
/*!40101 SET character_set_client = utf8 */;
CREATE TABLE `clientes` (
  `clinteid` int(11) NOT NULL AUTO_INCREMENT,
  `clientrazonsocial` varchar(255) DEFAULT NULL,
  `clientdireccion` varchar(255) DEFAULT NULL,
  `clientmail` varchar(255) DEFAULT NULL,
  `clienttelefono` int(11) DEFAULT NULL,
  `clientetelefono1` varchar(255) DEFAULT NULL,
  `localidadid` varchar(50) DEFAULT NULL,
  `paisid` varchar(2) DEFAULT NULL,
  `provinciaid` int(11) DEFAULT NULL,
  `cuenta_cuentaid` int(11) NOT NULL,
  `plant_id` int(11) DEFAULT NULL,
  PRIMARY KEY (`clinteid`),
  KEY `fk_clientes_cuenta1_idx` (`cuenta_cuentaid`) USING BTREE
) ENGINE=InnoDB DEFAULT CHARSET=latin1;
/*!40101 SET character_set_client = @saved_cs_client */;

--
-- Dumping data for table `clientes`
--

LOCK TABLES `clientes` WRITE;
/*!40000 ALTER TABLE `clientes` DISABLE KEYS */;
/*!40000 ALTER TABLE `clientes` ENABLE KEYS */;
UNLOCK TABLES;

--
-- Table structure for table `componenteequipo`
--

DROP TABLE IF EXISTS `componenteequipo`;
/*!40101 SET @saved_cs_client     = @@character_set_client */;
/*!40101 SET character_set_client = utf8 */;
CREATE TABLE `componenteequipo` (
  `idcomponenteequipo` int(11) NOT NULL AUTO_INCREMENT,
  `id_equipo` int(11) NOT NULL,
  `id_componente` int(11) NOT NULL,
  `observacion` varchar(255) DEFAULT NULL,
  `codigo` varchar(40) DEFAULT NULL,
  `estado` varchar(4) NOT NULL,
  `id_empresa` int(11) NOT NULL,
  `sistemaid` int(11) NOT NULL,
  PRIMARY KEY (`idcomponenteequipo`)
) ENGINE=InnoDB AUTO_INCREMENT=5 DEFAULT CHARSET=latin1;
/*!40101 SET character_set_client = @saved_cs_client */;

--
-- Dumping data for table `componenteequipo`
--

LOCK TABLES `componenteequipo` WRITE;
/*!40000 ALTER TABLE `componenteequipo` DISABLE KEYS */;
INSERT INTO `componenteequipo` VALUES (1,2,1,NULL,'001','AC',6,1),(2,1,1,NULL,'002','AC',6,2),(3,2,2,NULL,'','AC',6,11),(4,1,3,NULL,'00000111','AC',6,1);
/*!40000 ALTER TABLE `componenteequipo` ENABLE KEYS */;
UNLOCK TABLES;

--
-- Table structure for table `componentes`
--

DROP TABLE IF EXISTS `componentes`;
/*!40101 SET @saved_cs_client     = @@character_set_client */;
/*!40101 SET character_set_client = utf8 */;
CREATE TABLE `componentes` (
  `id_componente` int(11) NOT NULL AUTO_INCREMENT,
  `descripcion` varchar(255) CHARACTER SET latin1 NOT NULL,
  `id_equipo` int(11) DEFAULT NULL,
  `fechahora` datetime DEFAULT NULL,
  `informacion` text COLLATE utf8_spanish_ci,
  `marcaid` int(11) DEFAULT NULL,
  `pdf` varchar(255) COLLATE utf8_spanish_ci NOT NULL,
  `estado` varchar(4) COLLATE utf8_spanish_ci NOT NULL,
  `id_empresa` int(11) NOT NULL,
  PRIMARY KEY (`id_componente`),
  KEY `id_equipo` (`id_equipo`),
  KEY `marcaid` (`marcaid`)
) ENGINE=InnoDB AUTO_INCREMENT=4 DEFAULT CHARSET=utf8 COLLATE=utf8_spanish_ci;
/*!40101 SET character_set_client = @saved_cs_client */;

--
-- Dumping data for table `componentes`
--

LOCK TABLES `componentes` WRITE;
/*!40000 ALTER TABLE `componentes` DISABLE KEYS */;
INSERT INTO `componentes` VALUES (1,'Componente 1',-1,'2019-06-24 20:03:22','componente de prueba equipo 01',1,'1__2019-06-24-20-03-22.pdf','AC',6),(2,'Motor Diesel CAT C10',-1,'2019-07-25 16:23:50','CATERPILLARENGINE SPECIFICATIONS\r\nBore—in (mm) 4.9 (125)\r\nStroke—in (mm) 5.5 (140)\r\nDisplacement—cu in (L) 629 (10.3)\r\nAspiration Turbocharged for ATAAC\r\nRotation (from flywheel end) Counterclockwise\r\nCooling System—gal (L) 2.7 (10.2)\r\nLube Oil System (refill)—gal (L) 9.4 (36)\r\nWeight, Net Dry (approx)—lb (kg) with standard equipment 2050 (932)\r\nPERFORMANCE DATA\r\nOperating Range (rpm) 1200-1800\r\nMaximum Engine rpm 1800\r\nAdvertised hp (kW) 335 (250)\r\nGoverned Speed— rpm 1800\r\nMax hp @ 1600 rpm (kW) 350 (261)\r\nPeak Torque — lb-ft (N•m) 1350 (1830)\r\nPeak Torque — rpm 1200\r\n Torque rise (%) 38\r\nAltitude Capability— ft (m) 7500 (2288)',3,'comp2.pdf','AC',6),(3,'Motor Arranque CAT 1673 3406 3408 24v',-1,'2019-07-26 14:00:55','Marca DELCO REMY\r\nDientes de bendix 11\r\nSentido de rotación Horario\r\nVoltaje 24 V\r\nOEM DR10478998\r\nModelo DR10478998',3,'3__2019-07-26-14-00-55.pdf','AC',6);
/*!40000 ALTER TABLE `componentes` ENABLE KEYS */;
UNLOCK TABLES;

--
-- Table structure for table `conffamily`
--

DROP TABLE IF EXISTS `conffamily`;
/*!40101 SET @saved_cs_client     = @@character_set_client */;
/*!40101 SET character_set_client = utf8 */;
CREATE TABLE `conffamily` (
  `famId` int(11) NOT NULL AUTO_INCREMENT,
  `famName` varchar(50) COLLATE utf8_spanish_ci DEFAULT NULL,
  `estado` varchar(5) COLLATE utf8_spanish_ci NOT NULL,
  `id_empresa` int(11) NOT NULL,
  PRIMARY KEY (`famId`)
) ENGINE=InnoDB AUTO_INCREMENT=69 DEFAULT CHARSET=utf8 COLLATE=utf8_spanish_ci;
/*!40101 SET character_set_client = @saved_cs_client */;

--
-- Dumping data for table `conffamily`
--

LOCK TABLES `conffamily` WRITE;
/*!40000 ALTER TABLE `conffamily` DISABLE KEYS */;
INSERT INTO `conffamily` VALUES (1,'Bulones','AC',6),(2,'Bujes','AC',6),(3,'Filtros','AC',6),(4,'Diafragmas','AC',6),(5,'Ejes','AC',6),(6,'Valvulas','AC',6),(7,'Sellos','AC',6),(8,'Retenes','AC',6),(9,'Tuercas','AC',6),(10,'Trampas de Agua','AC',6),(11,'Arandelas','AC',6),(12,'Guias','AC',6),(13,'Pernos','AC',6),(14,'Cojinetes','AC',6),(15,'Juntas','AC',6),(16,'Cables','AC',6),(17,'Termostatos','AC',6),(19,'Compresores','AC',6),(20,'Corta Corriente','AC',6),(21,'Correas','AC',6),(22,'Cubiertas','AC',6),(23,'Radiadores','AC',6),(24,'Motor','AC',6),(25,'Crucetas','AC',6),(26,'Espejos','AC',6),(28,'Pasador','AC',0),(29,'Platos','AC',0),(30,'Seguros','AC',0),(31,'Tapas','AC',0),(32,'Alternadores','AC',0),(33,'Faros','AC',0),(34,'Bombines','AC',0),(35,'Llantas','AC',0),(37,'Mamelucos Descartables ','AC',7),(38,'Guantes de vaqueta ','AC',7),(39,'Guantes de nitrillo descartables ','AC',7),(40,'Guantes de Nitrillo ','AC',7),(41,'Gafas Transparentes','AC',7),(42,'Gafas oscuras','AC',7),(43,'Gafas amarilla ','AC',7),(44,'Guantes multiflex ','AC',7),(45,'Barbijos ','AC',7),(46,'Semi-mascara ','AC',7),(47,'Protectores auditivos endoaurales ','AC',7),(48,'Protección auditiva tipo copa ','AC',7),(49,'Casco ','AC',7),(50,'Antiparras para viento ','AC',7),(51,'Arnes de casco ','AC',7),(52,'Filtros para semi-mascara ','AC',7),(53,'Tijera de bloqueo ','AC',7),(54,'Mordazas ','AC',7),(55,'Sensor de nivel','AC',7),(56,'Sensor de proximidad','AC',7),(57,'Sensores IFM ','AC',7),(58,'Filtros','AC',7),(59,'Sistema Aire Acondicionado.','AC',7),(60,'Grasa de Litio ','AC',7),(61,'Lamparas ','AC',7),(62,'Terminal para batería ','AC',7),(63,'Abrazadera ','AC',7),(64,'Crema desengrazante ','AC',7),(65,'Escobillas 22\" ','AC',7),(66,'Escobillas 24\"','AC',7),(67,'Fusible Ron-Bay','AC',7),(68,'Proveedor 1','AC',8);
/*!40000 ALTER TABLE `conffamily` ENABLE KEYS */;
UNLOCK TABLES;

--
-- Table structure for table `confsubfamily`
--

DROP TABLE IF EXISTS `confsubfamily`;
/*!40101 SET @saved_cs_client     = @@character_set_client */;
/*!40101 SET character_set_client = utf8 */;
CREATE TABLE `confsubfamily` (
  `sfamId` int(11) NOT NULL AUTO_INCREMENT,
  `sfamName` varchar(50) COLLATE utf8_spanish_ci NOT NULL,
  `famId` int(11) DEFAULT NULL,
  PRIMARY KEY (`sfamId`),
  KEY `famId` (`famId`)
) ENGINE=InnoDB AUTO_INCREMENT=20 DEFAULT CHARSET=utf8 COLLATE=utf8_spanish_ci;
/*!40101 SET character_set_client = @saved_cs_client */;

--
-- Dumping data for table `confsubfamily`
--

LOCK TABLES `confsubfamily` WRITE;
/*!40000 ALTER TABLE `confsubfamily` DISABLE KEYS */;
INSERT INTO `confsubfamily` VALUES (8,'Cocina',5),(9,'Heladera',5),(10,'Microondas',5),(11,'Futón',6),(12,'Alacena',6),(13,'Sillas',6),(14,'Taladro',7),(15,'Amoladora',7),(16,'LLaves',7),(17,'Afeitadora',8),(18,'Secador de Cabello',8),(19,'Masajeador',8);
/*!40000 ALTER TABLE `confsubfamily` ENABLE KEYS */;
UNLOCK TABLES;

--
-- Table structure for table `confzone`
--

DROP TABLE IF EXISTS `confzone`;
/*!40101 SET @saved_cs_client     = @@character_set_client */;
/*!40101 SET character_set_client = utf8 */;
CREATE TABLE `confzone` (
  `zonaId` int(11) NOT NULL AUTO_INCREMENT,
  `zonaName` varchar(50) COLLATE utf8_spanish_ci NOT NULL,
  PRIMARY KEY (`zonaId`)
) ENGINE=InnoDB AUTO_INCREMENT=16 DEFAULT CHARSET=utf8 COLLATE=utf8_spanish_ci;
/*!40101 SET character_set_client = @saved_cs_client */;

--
-- Dumping data for table `confzone`
--

LOCK TABLES `confzone` WRITE;
/*!40000 ALTER TABLE `confzone` DISABLE KEYS */;
INSERT INTO `confzone` VALUES (10,'Caucete'),(11,'Zonda'),(12,'Rivadavia'),(13,'Sarmiento'),(14,'Los Berros'),(15,'El Encón');
/*!40000 ALTER TABLE `confzone` ENABLE KEYS */;
UNLOCK TABLES;

--
-- Table structure for table `contratistaquipo`
--

DROP TABLE IF EXISTS `contratistaquipo`;
/*!40101 SET @saved_cs_client     = @@character_set_client */;
/*!40101 SET character_set_client = utf8 */;
CREATE TABLE `contratistaquipo` (
  `id_equipo` int(1) NOT NULL,
  `id_contratista` int(11) NOT NULL,
  PRIMARY KEY (`id_contratista`,`id_equipo`),
  KEY `id_equipo` (`id_equipo`)
) ENGINE=InnoDB DEFAULT CHARSET=utf8 COLLATE=utf8_spanish_ci;
/*!40101 SET character_set_client = @saved_cs_client */;

--
-- Dumping data for table `contratistaquipo`
--

LOCK TABLES `contratistaquipo` WRITE;
/*!40000 ALTER TABLE `contratistaquipo` DISABLE KEYS */;
INSERT INTO `contratistaquipo` VALUES (5,1),(5,2),(5,3),(16,17),(9,19),(12,19),(13,19),(16,19),(16,24);
/*!40000 ALTER TABLE `contratistaquipo` ENABLE KEYS */;
UNLOCK TABLES;

--
-- Table structure for table `contratistas`
--

DROP TABLE IF EXISTS `contratistas`;
/*!40101 SET @saved_cs_client     = @@character_set_client */;
/*!40101 SET character_set_client = utf8 */;
CREATE TABLE `contratistas` (
  `id_contratista` int(11) NOT NULL AUTO_INCREMENT,
  `nombre` varchar(50) CHARACTER SET latin1 NOT NULL,
  `contradireccion` varchar(100) COLLATE utf8_spanish_ci NOT NULL,
  `contramail` varchar(50) COLLATE utf8_spanish_ci NOT NULL,
  `contramail1` varchar(50) COLLATE utf8_spanish_ci DEFAULT NULL,
  `contracelular1` varchar(50) COLLATE utf8_spanish_ci NOT NULL,
  `contracelular2` varchar(50) COLLATE utf8_spanish_ci DEFAULT NULL,
  `contratelefono` varchar(50) COLLATE utf8_spanish_ci DEFAULT NULL,
  `contracontacto` varchar(100) COLLATE utf8_spanish_ci DEFAULT NULL,
  `estado` char(4) COLLATE utf8_spanish_ci NOT NULL,
  `id_empresa` int(11) NOT NULL,
  PRIMARY KEY (`id_contratista`)
) ENGINE=InnoDB AUTO_INCREMENT=4 DEFAULT CHARSET=utf8 COLLATE=utf8_spanish_ci;
/*!40101 SET character_set_client = @saved_cs_client */;

--
-- Dumping data for table `contratistas`
--

LOCK TABLES `contratistas` WRITE;
/*!40000 ALTER TABLE `contratistas` DISABLE KEYS */;
INSERT INTO `contratistas` VALUES (1,'Tito cotoda','asfas 2432','a@b.com','','2343242','','','','AN',6),(2,'Finning','Av. Siempre viva 555','xxxxx@zzzz.com','','264444444','','42333333','Juan Perez','AC',6),(3,'xxxxx','xxxxxx','xxxxxxx','xxxxxxxxxx','xxxxxxxxxxxx','','','','AN',6);
/*!40000 ALTER TABLE `contratistas` ENABLE KEYS */;
UNLOCK TABLES;

--
-- Table structure for table `criticidad`
--

DROP TABLE IF EXISTS `criticidad`;
/*!40101 SET @saved_cs_client     = @@character_set_client */;
/*!40101 SET character_set_client = utf8 */;
CREATE TABLE `criticidad` (
  `id_criti` int(10) NOT NULL AUTO_INCREMENT,
  `descripcion` varchar(50) CHARACTER SET latin1 NOT NULL,
  `id_empresa` int(11) NOT NULL,
  `estado` varchar(45) COLLATE utf8_spanish_ci NOT NULL,
  PRIMARY KEY (`id_criti`)
) ENGINE=InnoDB AUTO_INCREMENT=5 DEFAULT CHARSET=utf8 COLLATE=utf8_spanish_ci;
/*!40101 SET character_set_client = @saved_cs_client */;

--
-- Dumping data for table `criticidad`
--

LOCK TABLES `criticidad` WRITE;
/*!40000 ALTER TABLE `criticidad` DISABLE KEYS */;
INSERT INTO `criticidad` VALUES (1,'Baja',6,'AC'),(2,'Media',6,'AC'),(3,'Alta',6,'AC'),(4,'Muy Alta',6,'AC');
/*!40000 ALTER TABLE `criticidad` ENABLE KEYS */;
UNLOCK TABLES;

--
-- Table structure for table `deta_ordeninsumos`
--

DROP TABLE IF EXISTS `deta_ordeninsumos`;
/*!40101 SET @saved_cs_client     = @@character_set_client */;
/*!40101 SET character_set_client = utf8 */;
CREATE TABLE `deta_ordeninsumos` (
  `id_detaordeninsumo` int(11) NOT NULL AUTO_INCREMENT,
  `id_ordeninsumo` int(11) DEFAULT NULL,
  `loteid` int(10) NOT NULL,
  `cantidad` double NOT NULL,
  `precio` double DEFAULT NULL,
  `id_empresa` int(11) NOT NULL,
  PRIMARY KEY (`id_detaordeninsumo`),
  KEY `loteid` (`loteid`),
  KEY `id_ordeninsumo` (`id_ordeninsumo`)
) ENGINE=InnoDB DEFAULT CHARSET=utf8 COLLATE=utf8_spanish_ci;
/*!40101 SET character_set_client = @saved_cs_client */;

--
-- Dumping data for table `deta_ordeninsumos`
--

LOCK TABLES `deta_ordeninsumos` WRITE;
/*!40000 ALTER TABLE `deta_ordeninsumos` DISABLE KEYS */;
/*!40000 ALTER TABLE `deta_ordeninsumos` ENABLE KEYS */;
UNLOCK TABLES;

--
-- Table structure for table `deta_ordenservicio`
--

DROP TABLE IF EXISTS `deta_ordenservicio`;
/*!40101 SET @saved_cs_client     = @@character_set_client */;
/*!40101 SET character_set_client = utf8 */;
CREATE TABLE `deta_ordenservicio` (
  `id_detasercicio` int(11) NOT NULL AUTO_INCREMENT,
  `id_ordenservicio` int(11) NOT NULL,
  `id_tarea` varchar(100) COLLATE utf8_spanish_ci NOT NULL,
  `tiempo` varchar(100) CHARACTER SET latin1 NOT NULL,
  `observacion` text CHARACTER SET latin1,
  `monto` double NOT NULL,
  `id_componente` int(11) NOT NULL,
  `rh` int(11) DEFAULT NULL,
  PRIMARY KEY (`id_detasercicio`),
  KEY `id_ordenservicio` (`id_ordenservicio`),
  KEY `id_componente` (`id_componente`),
  KEY `deta_ordenservicio_ibfk_2` (`id_tarea`)
) ENGINE=InnoDB AUTO_INCREMENT=15 DEFAULT CHARSET=utf8 COLLATE=utf8_spanish_ci;
/*!40101 SET character_set_client = @saved_cs_client */;

--
-- Dumping data for table `deta_ordenservicio`
--

LOCK TABLES `deta_ordenservicio` WRITE;
/*!40000 ALTER TABLE `deta_ordenservicio` DISABLE KEYS */;
INSERT INTO `deta_ordenservicio` VALUES (1,1,'tarea 1','',NULL,0,0,NULL),(2,2,'tarea 11','',NULL,0,0,NULL),(3,3,'tarea 1','',NULL,0,0,NULL),(4,4,'tarea 1','',NULL,0,0,NULL),(5,5,'terea 1','',NULL,0,0,NULL),(6,6,'Se detuvo el equipo','',NULL,0,0,NULL),(7,6,'se utilizo la cuña','',NULL,0,0,NULL),(8,6,'Se cambio el filtro ','',NULL,0,0,NULL),(9,6,'se entregó operativo','',NULL,0,0,NULL),(10,7,'T01','',NULL,0,0,NULL),(11,7,'T02','',NULL,0,0,NULL),(12,8,'parada de equipo','',NULL,0,0,NULL),(13,8,'Uso de grasera','',NULL,0,0,NULL),(14,8,'desarme de elementos de proteccion','',NULL,0,0,NULL);
/*!40000 ALTER TABLE `deta_ordenservicio` ENABLE KEYS */;
UNLOCK TABLES;

--
-- Table structure for table `deta_remito`
--

DROP TABLE IF EXISTS `deta_remito`;
/*!40101 SET @saved_cs_client     = @@character_set_client */;
/*!40101 SET character_set_client = utf8 */;
CREATE TABLE `deta_remito` (
  `detaremitoid` int(11) NOT NULL AUTO_INCREMENT,
  `id_remito` int(11) NOT NULL,
  `loteid` int(11) NOT NULL,
  `cantidad` double NOT NULL,
  `precio` double NOT NULL,
  `id_empresa` int(11) NOT NULL,
  PRIMARY KEY (`detaremitoid`)
) ENGINE=InnoDB DEFAULT CHARSET=latin1;
/*!40101 SET character_set_client = @saved_cs_client */;

--
-- Dumping data for table `deta_remito`
--

LOCK TABLES `deta_remito` WRITE;
/*!40000 ALTER TABLE `deta_remito` DISABLE KEYS */;
/*!40000 ALTER TABLE `deta_remito` ENABLE KEYS */;
UNLOCK TABLES;

--
-- Table structure for table `empresas`
--

DROP TABLE IF EXISTS `empresas`;
/*!40101 SET @saved_cs_client     = @@character_set_client */;
/*!40101 SET character_set_client = utf8 */;
CREATE TABLE `empresas` (
  `id_empresa` int(50) NOT NULL AUTO_INCREMENT,
  `descripcion` varchar(50) CHARACTER SET latin1 NOT NULL,
  `empcuit` varchar(255) CHARACTER SET utf8 COLLATE utf8_spanish_ci DEFAULT NULL,
  `empdir` varchar(255) CHARACTER SET utf8 COLLATE utf8_spanish_ci DEFAULT NULL,
  `emptelefono` varchar(255) CHARACTER SET utf8 COLLATE utf8_spanish_ci DEFAULT NULL,
  `empemail` varchar(255) CHARACTER SET utf8 COLLATE utf8_spanish_ci DEFAULT NULL,
  `cliImagePath` varchar(255) CHARACTER SET utf8 COLLATE utf8_spanish_ci DEFAULT NULL,
  `localidadid` int(11) DEFAULT NULL,
  `provinciaid` int(11) DEFAULT NULL,
  `paisid` int(11) DEFAULT NULL,
  `gps` varchar(255) CHARACTER SET utf8 COLLATE utf8_spanish_ci DEFAULT NULL,
  `empcelular` varchar(255) CHARACTER SET utf8 COLLATE utf8_spanish_ci DEFAULT NULL,
  `zonaId` int(11) DEFAULT NULL,
  `emlogo` blob,
  `clienteid` int(11) NOT NULL,
  PRIMARY KEY (`id_empresa`)
) ENGINE=InnoDB AUTO_INCREMENT=9 DEFAULT CHARSET=utf8;
/*!40101 SET character_set_client = @saved_cs_client */;

--
-- Dumping data for table `empresas`
--

LOCK TABLES `empresas` WRITE;
/*!40000 ALTER TABLE `empresas` DISABLE KEYS */;
INSERT INTO `empresas` VALUES (6,'Caleras San Juan',NULL,NULL,NULL,NULL,NULL,NULL,NULL,NULL,NULL,NULL,NULL,NULL,1),(7,'MINA CHINCHILLAS','20000000','2000000',NULL,NULL,NULL,NULL,NULL,NULL,NULL,NULL,NULL,'\0JFIF\0\0`\0`\0\0\0C\0		\n\n\r\n\n	\r\0C\0\0F\"\0\0\0\0\0\0\0\0\0\0\0\0	\n\0\0\0\0}\0!1AQa\"q2#BR$3br	\n\Z%&\'()*456789:CDEFGHIJSTUVWXYZcdefghijstuvwxyz\0\0\0\0\0\0\0\0	\n\0\0\0w\0!1AQaq\"2B	#3Rbr\n$4%\Z&\'()*56789:CDEFGHIJSTUVWXYZcdefghijstuvwxyz\0\0\0?\05lσ4Om;Rӧ{[KYC=^7F2 \05U~{_xֿzx{%cRpyU<7gwmOon_X\0Ya\0h\0%\0E_vj+?Jҿ_{?n_X\0Ya\0im\0nSQ|_]$0DDU31\0<I5bC~u\0>tQ^\0?b\Z͍>Knb6v\0jD\0mE{~s*eF{ŵ}FjӍXm$QXe6weD@K3\0rk\0>	bW\0e\05\0ckSskqk~*_GtͧXJ)`2+efe^U׹\rXѧ&\0I\0%\0E_vn_X\0Ya\0k\0r<?ҿ_{?n_X\0Ya\0j?k7QumlIgqqr碤i!fckw\0b \'hR:S{.}jIKDLb\0>?Z^^_n3랢\0J\0s\0q68d0vR,&xm=Z_7G/,_\n\0\0t|\0\0\n;_͵_%|g_}O7G/,_\n\0\0t|\0\0\n;_͵?\0$\0t|\0\0\n;G7G/,_\n\0\0QGC~_}O7G/,_\n\0\0nED$6;CE[\'dI_]&)>ҫQZ֒Ek\ZO~գvl:\'<nBGP*.~^^-CFԵ\r&l	>Ђ?:!\0|@-Xnn{uKڽgYx񜕔=t>^;1熚ZO=<aB\\/_=~QX_\r~%h<Z\Zۭ՝$AHH A_(+4}rie&\0RmS̚U(W@ׇ߿\0`꺲jV&/qٰvD\0k>$~~*{\0\ZkbYla9qmv<W5ǯj,;_ǅt}?3?G};q-~*}$ömxQ;\0fC\0\Zq|+5(APbfu	wzW(n]M{7Z>\0i\0}s}#,v+k3䌟|IʚW	4w> \'<q00OLR\0UO2\0j᫧_z6ZWpz.ϧ>>DXoBG\nOkvW:XrVܶkN>uQ|ԽWX~|U\0.Oh$VyApyk%_a|ExwUk.u;%$O\\_K*rhoEiH!gmD1AђJHߌV\n.\'u}nQĔqS\\?>+\nmn=_<k__=I5~{_xֿz=_EƟ\0#(0(\0\0w?i?D3xYWMV?vO=^X\0׸\nd~\0`?g^gRS8*0/\0erf5,ƚwo \'ZVg\r`KV_`=*8&_-p7]	o?7\rZ(s7¿xXpg)u\\Y޾6rwgɤ? KO;|?~uʫ}r#!2so|U|`X<GO]0\'d\\8\0V\r~`:+_^exT뾯ONQEp{R?xE{R?q?/ɝo/GGK_?r_:S]\0+\0qW\'\0#Z_xE)4QE~~J\'#_OػKU׵3ϼ{iq(Q\0^Vm骵iio^UT鴬E@\0ٻ~\0=G9n\0_\0\0W\08/ܿW\0#\0JqṬq᫷Ej\"xY]o!+5OuK}\"Uk[M{m\"];IF\'k8{Os	8QϷ<!bTiueIihtѿ7ɻgŻσڽ}I-$b~}\Zo5Xމq˜z^]M4p\"Y\0W?6|@QBĶcClAN\0=	\n\\xuj\\[P2=8-)\Z{]ҿҸ[)`gU\0|iI(cmZ(H ;|͌eq^G1]\Z0MR?:Zuj:waZ}|RETD6Z}&9$\"p$Y\0¦؃_l?پT^N_nmןf/!Gi2Ī*c\0\0hGr\n\"w u{XǺ	0jFxNu{xycVR	<\0<W<Ѷ>\\q,mϻ|uG?\r^n_Oҵ;W6w<۸ꮌ+{_U&,o=KMǚ=ȅ\rI+xv%_k&Tn7#?xsyML^R%+e:Νǣ~||	÷-iv;Y;ar:bZ\0?ΫK@%H|\'&O^8Qa\0FWS6~S n?iW2\'RIRIJ4ַ)ZK6oD1?I*}XW={u[xqf+ۈRʲO$1E!SUd;ޗR]EiY_ש~{_xֿzk?1|	z>7?OGQEawG˦ˀR ꅱ>\'5J\06;Ӿ/~ؓxWVC&?mdb3=o: sQM \"# \Z*2K$NNʘG41+i6k\0Ci\0\rnȓ:3Wq{0kKn0,K_uo\0{Kk\0\'Y%e6ώkdz◽y|\\sltn{~6?zk\0^~\Z/û/<WՕ#1<<\0g5pxP\Z\'\\xJ(ېnԎ4pXǪ^=O_<O\nQ[O?3QZ?/E7Ix7@<CG2[/q(B7]R4Ode*r5Ne8׾h!˚$6\0#j}	\0Vѭ|=\0ݽ1$1\n\0_=xZڄ*?\\EQ:K춾`w\0b@~\0w\0b@~\0Zr_薿,\0u~W\04WxOF%?*\0ۿR?,h+\0S׏¯\0i+&ԬXowU_<&yS峾t{yn%Qǚ_\0	\0A]K\0_k)\0\0>un3ÿ\n<;6msJ4uf-\0Xvҿk>*?mKxos+8ܻ(`VP@#Ra%24`=2{r:nkȸf]QsV~,3#:rZ(7{|^d%汬ZY@Y%|~d\Z~xb跚Z+MƯkQ#]o\0/䋿5H2f8<~cƸtSzWn_yGp5\03p|%\'RQ.dvv!{U:k\0\0%u_$MknCkcP/I9|nbL^ZM^KoqOE*8* \r}SQUiz\0[w>+4*:sZt}#?Yw;]c@յ-Vm/o<\']a\Z̢&Vg8f}SE(@@5,\\\0Иٛ7y}?F\0~zY\\h_>9D%Gxk-$=?ftU.^?<|M5>7>rJdG~,W⭓\\_ľ%LV\r\0zefbiZޅEwcuqeu	Hc3ExXZ}l\0qeji6\\W/\0\0.\ZLLx:	08?\'k\0LcE7yo	mPt>wQԩ\0|i]Flp*q|\0N8>_8{mt|b\0Z\0I\0\0cƵ\0p\'/4?WYEW_A\0?o24Y[ψV!ePoG/N06O,Kpk\0\r\0C_&H?aMkn&ּv%T+\nL804\"zW89=or)-SmzWGIgw.y<3HFѰ9Ѓj,K_t|:gϏ\06\0%\0r[]Gih&˔I.8GW;1,rI9$]wWm>=YkrmN\0#Wd*?jM/g9Λf*XW9\rkǾ1}m\riNˑq%é~\r_	8g4_-ϬKh5=\\#s0V/B1{֣w_3^^WG/R3K0\0,5}\0o\0R\0?K\r|^WG1ﵿ/ͅ{R?xE{R?VcW2_薿,\0u~W\04WxOF%?*\0ۿR?,h(\0~?<m^-cZnQ8*,@כ0Jv\\rܮ:nmtEIk!\0A_5\0\0b_Zl} 藓B|$\0\r6͖QҠ2WXrV\nV^?(-Z\05Ht+Fsai*$Gw\0BAkv׾3oE`˩óS^aտڔ(\r]>3h7N],Gr$LJH\Z~oƁ\rzP2[H>Y!|ttp}׎1_%93^+Zsog鷦Oᬫ	fܣz5g\n?\n;MM;F\\~ҿsc\0\0\0;Z+;T񆓡܈/uM:bR6 9~Q9Nܤ鐌c$hC\0t \Z[xFѵXcgpH08Pv~>xE2UpT\ZR2Ҧ|E%7_F#N\Z3S]V\Z䪓]ο\0mu|Y:_2N\0%\rg6~&h3Xܤ1\"C?X_H#¨g$\0k+nii[ጺn/2\0g_eW|WРGJ@#W\n70H#mI97K+3ױŵz?sE~\nF޿UGgZN\0\0#C\ZKxjMGQn.\ZKX^	9),krh?&<,u٭kO0>xO4K/WnKo*)hAՙӺ`?ښXǍq	aaEdQ\r%\0Jv&]DזU\0HR3:G\rF\'?hʱa)֞k~Wmt|b\0Z\0I\0\0cƵ\0p\'/4?WYEWAHv\0`}C\0D]\Z1G=mȡDawb\r?\Z`¿6~??Pxҫt=I͟b[wy0#y~\0Ɵ~*;oΪ\0魘!I\"A_d{џྫ%QEz}\09m3BF\0mjFSHQْO.#\0]k\Z+w\rφ>xuۯ\r\'Lvins+/b3m>ߟ~E\0c8o_`>V\0H/\0UoR3K0\0,5~\0Q\0$~q\06\0LOH \0LOH Y_b??Z\0\0s\0q_?r_:%?\Z\0~\0,\0n\0H+cPg	M\0(U\0`%<\0)?\n\0:\\S?|{\0᫿f9\ZVMKOd7UC䗍Tcy1_u0^}CFTjm%ccG&\0J5M`WMOK# Z8(%@3j\Z,եB\0~ݿ>2?iJf1,,gkZt2$nH{\ZO}ȼ<%xק]QM}\0~ϣ|~7:S9{Y{R\0q?IOۡ?mٺծO<Gsy\0mU[w4I8muRk`ռ-XjZ\rĸ+1)h7~MUU4~C2.nt{xKT/MjKմ3)#)k>dM5t~I(\'h$WFdt;+k	\0G_i~YBݝnT\0%2$8%Ld=mnO+ͫfKTOfQ-o=[Llen,n&2*֯h\ZlחVVt\"c8f8_ˍ4e{\ZPmj͐zt|%ͥ}?\0R[Z:\0\0l\0xÿI\Z֟x]*On,tYWdrJY;K\nߎTr9}eK[ϕsZ֢It\n(fc|+$TnuOnSL?<E&=17VV4(NEJ{@?3<%n1O]nQTN=7)lQ_gx:g_>mRHⰲO1D_@\'1żV&x]?aHկ?xֿzk\\,u-3A$5ͼJݝ݇^K.9ss+ooў~u\0hB0w\0?*+4fQ±\"}䶸u+bQY\'.ʃ_\r#ly8\"<w}C\\	+|\0\nPN\0A(v\0`}C\0Dq<gǳ5ׂu_RDm-	8_oIYs2l`KVkog\0B\0gaR~60yڜ&K\n6_BsLnUVSP}+kxyؓēMG?wd<Jr(s&~Gw5ZVmU\r.\r@7vРK,{ W\0\nÿ\0/&m\0AhtM&)`g\Z092=|{iG\0&\0xuַK\0NqX\riY0.&3Kۗ:wTbINnswoV} \nc\0#_9}T{K^^Im#wsH\0T_;\0@\r\0\0b\0k0m\Z4!Gߕ%vV|f+im={\0~\03\0_MKgMN{}J#$4t>Uե*^ɯhUi=\0կ9tWpj;&/Y_y9˳87~UF=`pĸrMM~xaO˱_+\0E\0_V\0\015M\0\0/%\0\0??5\0ZJW4_\0k+4TmHP>Uэ%Oߣ]?RUNkmoՒHN)kO<7\n ߳\"n\Z\rԃf -p@{\\o<5iw|mso*	Q0CIuhWRO>4Y6g\'$_S4r(E굵^ss>q%_z?+\0q\00\r\0\0b\0h\0o\0h\0^\0<_%\0\0?/+\0b?F񍘚K\'z݊7Xbts \0D\r~Zfè\ZͬwWQcE=y\0·9\n/&~FlCx[UxՈb}|wC4Ҥ5-]NP^hox_O	?ۖSEOlV\0*;/1/c	{N>+i01o48o5ɜ	7+\n=X<O[8&7E?FT ۟~#ΰ<p-[Y6`r9Ȯܳ:2(NFOMkmsI~\'>5K%ǈ\Zx?PIy2繚 꼃\0C_.oSG.1]I8:`p}9I?W|^ħů;џԙ_pO\0\0>0\0\0aVt c34WTZGvܿN4~GqZ}j7E5\rcQ8\'* ,_\0F~~$]2\0]_><^/~W59nѱ4>+8:|+K4~m/]%~3~ȿB_?5!s!nI\'uH3y^~~?\0dFnO+74uw8\0p@\0z)7W/U=~g6r!hOT/\0?c\Z7#W	&t\0,P);UYv?jk/O~ iKHizXn@{e8P4	3ix3uFX`wi~y}Wm_]c}aaSROlfԮxdC4.߀95g]y-ONӥ~U.xY`3~u7\n5&.NuĚ[YE\\Ȩ9_\':ۿo|-sLhZ(.*$Ȓ.r*yߙq#	pxy8/+|vACAN5қ=?xPmiWff[{IqёԆR=A\0#Z5	~Dm\ZH]V2/b24?7?^Ɵ@\Z&qͻ<t^8\Z~~˟tonƒH֦SxrHH(9^.y8<[v\0srlSQ꯺\05O@֯4_\n>Jɻu?Lu\n_\0_rO??l_E_t\03ZYDo%\Z?\0%\0ƏLu\n_\0_?G\0go\rk|+x&9JS`/;V\0\'?qb\r*&_wxc^kFJI>OLu\n_\0^\0Fw}|)]FX_2ò&^\0	>\0\0kUϾ\rņxN\rwD\\\\4ڸyW-JI]5N/bVIUMEף?=?rJ|VBV)Y?l__\0Կ%\0ƾ\0|\0be~yWm:~!5I_42\0+\0K\0Z\0\0/5\0\0~\Z+kzۃ\'?D\"N_A]\0\'?g[v\n-m׳,μO`VS{tvzx~֣\ZѪ^6/~[kvW	K#XW?M->|GҼ-S_GIյ-E#1\0Lf9yb*9G~Os|k<\'Agk7x#Ks!強f^I \0׈W[	0ԆWZjxt%X=tvg~I\r*PhMLaV1YI{dp|A\0	\0A]K\0_k.?m#׃-M{\r?zGZi#!ܙRzW9;qYS|#<<}QU#_<ߴMG}p\'@ebPm95\0?M~ׯE0[nُb}+e_ٗ:3lb^?#VLw\0eR:4ic\ZZ*u?\"?ෟ/6úFs#FLȒ]uۜ$G\n_m_U׵[ɤg9idbYRI?}\0GedO3oGwYYJBޢILhG]tiӡ`RN:o?8jo_/P^(P?xi#X$RvB#R0U\0	\0A]K\0_kX?Y_\0\0[:\nk^{E:TIA/şn{>5K˫_\n9,[sɯկ5:0|aJ-/B&g$cEBI57\07\0j|_GYgq\"hQ!Vu܅q6W^~o/[}O%Uޮ/[Qm\0d>\'\Zj7Aril+\\θv$uE\">ln?!+O#;;$ܚLWw	OᯍO47Wm&(3˯bZ\ZpYFG+K-_T)3lO+{%|Gz<7]ҴJҴp@q1\nE\0w=Q<\r#ßl汍,90\\(0Y[n[nE|(T֦[i\'j*tYE\'D~*~Zճx[wW\ZR6;\\iVs..ђ>C+`nV\0Gÿ7W%5ob3[\0C\0+_&	xO3x/EƟ;hIA2fs~WqJ3^v[J3Y	WoZz+~2~Ӟ,a!\"jzQEÀڤp:\0\0/5?r\0?fԿJeam|Hi-ƥm\0uPM}F->&,Dʿ\0Կ%\0ƏLu\n_\0_	+cDq\0㴿\0[\0\0q\0}K_}O\0?1\0+K\0~\0֭c]]\\\\d.W/&\0w$\0\0]g?օyÿZH`vxYAUl9$q^>y|fXzt䛶.O\'FTIQE|!B7ZOZF!(@ܓF#\0A\0|gO,|D1h.>\'hԟ3~:_\0L.ZGQ&E]CGoKU!lq\rx!\0\04R\0?!u0[6kԲD*|W٣\0\rCU{\ZׇmoXi*ج?b濣/7FYKy۫zh$AIPN2Tc_yMN\0>𗇭y.5{ML$[AW4T:82N\0σ&ߊ~|\'!|\nYOxp3,P\Z0v8fWw{~^:k<X^kpF멺)vXYv*ɵ[vȿYiguKm\"MCJ++MsWe\0kח_G\ZcQ>ٯs9ʰ4R+&ӵ\0qm&tGrO??l_rO??lQ\0+\0>&\0_)k7	qOorhͯZGy䍛8m)ػ|\0~\0&/aB3|KC\rF5UXd~	Wy\0%/\0Jb\0\0]f߃*aPIZcGGQ$blۉc\Z3NKv3ʸrX\\T+ʬZW4~t?u	\0M?<39\0Oi\05_Qß-8F5}W䎫<s\r3G:wkgA[mDp,I8Oz?3_6)L/_?K%+?ekoeΡoyZ)E:q8$X\'Q¶3Z>d>f40G%PXC8\\i֩YWq0q\r\'d{_Ky#M+LH$K31by$<epQt_NZVʬxyc$(f_\0FN-4Kko\0G[Ƣ?Â U\0\0++hǀWY#upK\0-ۯ1?:򵵷wW<7e\rFhaQDQxP~	^e/e/\\\Zy:\Z΅q˼8_\Zoeh\ZuO.űD$w_\\ہ\\/.9svz?W\0Ͻ,8)rz:&ӵ6u*+Yᡖ7=\0\n\0~$EִUe`!؟X\\1J4q}*\'SkhUB;N\0u+S$HlX\">iǥ~L?\0UO۫Үsc1lS]3Lt{;H\"a\"D\0UP8\0\0\0ҾC3.JqA-_}We[hz\Z|\0Q/u\02%\0/\0Nu]\\\r?&\'\'+\07\0j\nwy}\0.ݻKKs\0,}:`to:ئ\0YmXpyVto1/-Xdf%=K7MkFa3^?Z2A	Gk>	ac~#Knea{dy1>\ZY_R/E׍uK=Uq˹DPHͱvJʹ7*q\n|gI_ݯ+oJԄY\0K<\'.,4b\0UVKc+.y	\Zd0W`_˰Jv\0BU#S֌f\n5\0t j׼?&C7q$G㿷\nu_i!9R ,2i/86<cp7JU8{?H\\ITiߙ_sc\0\0c6\0RW	]C\0\'/mK\0J{6t5+u`Fc2n3(;Q_uxb%E~?v?\'\0]/)ػ|\0~\04\0\0\n\'B\0J^?\n\0\0W]\0>_\0\0?O\0>Mƫ+ѤBA=E+3\r|g8Ҕlvߩd,59TRyEG!\0\\?S~ܟ	5\rxY4䔄T2Z3Ī1;Cn/ M⻝.kglwv$W&wƝ0Yx¾==SOGIS\"#⪘\Z~¬yӺ\03泞gת~2zNw%Ս͕rh%h_|YWm\rwľ ֡#fEq@O_m0b-;Q1u\0{t\0GOٳC \05KǷJg:r#cWGV?t]Ěgu}t8-ieEUPI\'\no\04)^$Ox`h\r\ZRpJ}JEN\0¯cc,TIi[ =w:fIּb:#o/=k)jxZisIm/?%\0O~fW㿃~=&<E%۶v`E;A:V2G&?\0uS԰xHaM6̳N/,Bnkin.GK+Z\0HS\0Dnd?L~\09g\0\0_(\0ϧ\0R\0?W\0ikԿa=\0K##ONY\0񺱤~?Z|;-qoqo-і0UA +*qFtdMn(l8ڭ\Z{?*?\0[\0K.kҿO|_J+C!?&)=*#LZE$.I8d\0HS\0Dnr0*m^̸VxL\n\\-n\0\0e4\0o+\0o?7O?f{wB95܃<쭖ؑ+<+\'\ZV6kɳK{xw1fڈ18OzѯKKF伮}5$cEEX\\|SC^&4mZk\rSIQ-捊:0?Jsտb3D%˫Y#mвr<ؽ7pI触EA^!ZԵo\0x\'So|Wz73cMS?\04nާatQm5g4B**ii\0+ohWj:6iy4R(elG\ri^éYosWc)2H`pAU</=/\Z\ZFh-,v\0,Iu$օ~y&&n9_POvWRndmc1-	?މ+t\0|N/</\"G>Aw,qX ibp8>\0\',\0~ƔcVrKWu؎\r)өdފyn|_\0~cc▧mTLgR\Z->!Y_UWDЬ5[iuae\Zomm\n\0U\0UY:XL}0qB>W\0\0\0p:]Q~*}+\\gKY[%żX2GNTq\n=\0r\0dKO.ʄy7_g|=,}uYO_}7\0V7\0jF\0e~5/x-&i+.x$ѕOGcKyx_s>Ai$v3F]>+ͳwrqj=<,Xl\'*>eg6>&:4	1k-:e?w`I1;K_u\",ȥ]eX ~,Is.%Bs&ݣ$k<uh_\03汜\0\0<khgLmtһ~:AM^I\ZiݙYb{\0)̿M?&\0\0,?gבi\n5,}ө	u0=rӕ\"Sp6m*#oV\0D~~߱ďQiŐ%ޯp`;&#\'bs5	^>ZWGeԮZΪS#|@31-7Ktm,വPCb8Q*\0>+s$/gnXvϨ2\n}>iB%\"ͩT⿦\rCWa_uuwWWR4M/I]Yy$I\'j/d?L~\09g\0iG=txx6sZ\0ihk#ONY\0?>\01{\0\0\0_(\0ϧ?*}O斿S/d?L~\09g\0?\n|,W#>ݳ?zt6hٻf\0-Wv͌qיqm<nxhi߳O=G_[kE',2),(8,'CSJ-CIENAGUITA',NULL,NULL,NULL,NULL,NULL,NULL,NULL,NULL,NULL,NULL,NULL,NULL,3);
/*!40000 ALTER TABLE `empresas` ENABLE KEYS */;
UNLOCK TABLES;

--
-- Table structure for table `envios`
--

DROP TABLE IF EXISTS `envios`;
/*!40101 SET @saved_cs_client     = @@character_set_client */;
/*!40101 SET character_set_client = utf8 */;
CREATE TABLE `envios` (
  `id_envio` int(10) NOT NULL AUTO_INCREMENT,
  `fecha` date NOT NULL,
  `ultimo_envio` varchar(10) NOT NULL,
  PRIMARY KEY (`id_envio`)
) ENGINE=MyISAM DEFAULT CHARSET=latin1;
/*!40101 SET character_set_client = @saved_cs_client */;

--
-- Dumping data for table `envios`
--

LOCK TABLES `envios` WRITE;
/*!40000 ALTER TABLE `envios` DISABLE KEYS */;
/*!40000 ALTER TABLE `envios` ENABLE KEYS */;
UNLOCK TABLES;

--
-- Table structure for table `equipos`
--

DROP TABLE IF EXISTS `equipos`;
/*!40101 SET @saved_cs_client     = @@character_set_client */;
/*!40101 SET character_set_client = utf8 */;
CREATE TABLE `equipos` (
  `id_equipo` int(11) NOT NULL AUTO_INCREMENT,
  `descripcion` varchar(255) CHARACTER SET latin1 NOT NULL,
  `fecha_ingreso` date NOT NULL,
  `fecha_baja` date NOT NULL,
  `fecha_garantia` date NOT NULL,
  `marca` varchar(255) CHARACTER SET latin1 NOT NULL,
  `codigo` varchar(255) CHARACTER SET latin1 NOT NULL,
  `ubicacion` varchar(100) CHARACTER SET latin1 NOT NULL,
  `id_empresa` int(11) NOT NULL,
  `id_sector` int(11) NOT NULL,
  `id_hubicacion` double NOT NULL,
  `id_grupo` int(11) NOT NULL,
  `id_customer` int(11) DEFAULT NULL,
  `id_criticidad` int(11) NOT NULL,
  `estado` varchar(2) CHARACTER SET latin1 NOT NULL,
  `fecha_ultimalectura` datetime NOT NULL,
  `ultima_lectura` double NOT NULL,
  `tipo_horas` varchar(10) CHARACTER SET latin1 NOT NULL,
  `id-centrodecosto` double NOT NULL,
  `valor_reposicion` double NOT NULL,
  `fecha_reposicion` date NOT NULL,
  `id_proveedor` double NOT NULL,
  `valor` double NOT NULL,
  `comprobante` varchar(255) CHARACTER SET latin1 NOT NULL,
  `descrip_tecnica` text COLLATE utf8_spanish_ci NOT NULL,
  `id_unidad` int(11) NOT NULL,
  `id_area` int(11) DEFAULT NULL,
  `id_proceso` int(11) DEFAULT NULL,
  `numero_serie` double DEFAULT NULL,
  `adjunto` varchar(255) COLLATE utf8_spanish_ci DEFAULT NULL,
  `meta_disponibilidad` int(11) DEFAULT NULL,
  PRIMARY KEY (`id_equipo`),
  KEY `id_empresa` (`id_empresa`),
  KEY `id_sector` (`id_sector`),
  KEY `id_criticidad` (`id_criticidad`),
  KEY `id_grupo` (`id_grupo`)
) ENGINE=InnoDB AUTO_INCREMENT=15 DEFAULT CHARSET=utf8 COLLATE=utf8_spanish_ci;
/*!40101 SET character_set_client = @saved_cs_client */;

--
-- Dumping data for table `equipos`
--

LOCK TABLES `equipos` WRITE;
/*!40000 ALTER TABLE `equipos` DISABLE KEYS */;
INSERT INTO `equipos` VALUES (1,'Equipo de trabajo 01','0000-00-00','0000-00-00','0000-00-00','1','Equipo-00','',6,1,0,1,1,1,'RE','0000-00-00 00:00:00',0,'',0,0,'0000-00-00',0,0,'','',6,1,23,1,'equipo1_6_2019-06-24-19-13-49.pdf',NULL),(2,'equipo de prueba marca 1','0000-00-00','0000-00-00','0000-00-00','1','Equipo-01','',6,2,0,1,1,1,'IN','0000-00-00 00:00:00',0,'',0,0,'0000-00-00',0,0,'','',6,2,22,2,'equipo2_6_2019-06-24-19-15-29.pdf',80),(3,'Autoelevador Toyota FDZN 25','2019-06-25','0000-00-00','2020-08-19','2','Tr-Au-001','',6,3,0,2,1,2,'RE','2019-06-25 00:00:00',0,'',0,0,'0000-00-00',0,0,'','',6,3,24,111111,NULL,70),(4,'maquina 00','0000-00-00','0000-00-00','0000-00-00','2','egb-00','',6,1,0,1,-1,1,'AN','0000-00-00 00:00:00',0,'',0,0,'0000-00-00',0,0,'','',6,3,8,1,'equipo4_6_2019-08-14-21-16-10.pdf',NULL),(5,'Equipo de Corte','2019-08-14','0000-00-00','2021-08-31','1','Ar1-Ct-001','',6,1,0,1,1,3,'IN','2019-08-14 00:00:00',0,'',0,0,'0000-00-00',0,0,'','',6,1,23,123456,'equipo5_6_2019-08-14-23-42-35.pdf',NULL),(6,'Autoelevador XT25','2019-08-15','0000-00-00','2021-02-01','2','Pr-Au-004','',6,3,0,2,4,1,'AN','2019-08-15 00:00:00',200,'',0,0,'0000-00-00',0,0,'','',6,3,8,222222288,'equipo6_6_2019-08-15-00-04-53.pdf',NULL),(7,'Noqueador Neumático STUN-BP1','2019-08-15','0000-00-00','2022-01-01','4','FA-NO-001','',6,5,0,3,1,4,'AC','2019-08-15 00:00:00',200,'',0,0,'0000-00-00',0,0,'','',6,4,25,124609,'equipo7_6_2019-08-15-11-07-09.pdf',NULL),(8,'SIERRA CIRCULAR','0000-00-00','0000-00-00','0000-00-00','4','FA-LI-004','',6,6,0,3,1,3,'AC','2019-08-15 00:00:00',100,'',0,0,'0000-00-00',0,0,'','SIERRA PARA DIVIDIR 1/2 RES (ELÉCTRICA)',6,4,26,121221,NULL,NULL),(9,'Generador Eléctrico C330D5 PC 1.1','2019-08-21','0000-00-00','2021-01-01','5','MA-GE-001','na',6,7,0,3,5,2,'AC','0000-00-00 00:00:00',0,'',0,0,'0000-00-00',0,0,'','Generador Eléctrico C330D5\nPlaca de Control 1.1\n',6,5,27,8528412,NULL,50),(10,'nuevo equipo de prueba','0000-00-00','0000-00-00','0000-00-00','1','ELI-BERT','',6,7,0,3,1,4,'RE','2019-08-30 00:00:00',200,'',0,0,'0000-00-00',0,0,'','',6,5,27,132667,NULL,15),(11,'Autoelevador Toyota 2.5TN','0000-00-00','0000-00-00','0000-00-00','2','Pr-Au-005','',6,3,0,2,1,1,'AC','0000-00-00 00:00:00',0,'',0,0,'0000-00-00',0,0,'','',6,3,7,0,NULL,85),(12,'holis','0000-00-00','0000-00-00','0000-00-00','1','fer-test','',6,1,0,1,1,2,'AC','0000-00-00 00:00:00',0,'',0,0,'0000-00-00',0,0,'','',6,1,7,303456,NULL,80),(13,'EQUIPO DE PRUEBA','0000-00-00','0000-00-00','0000-00-00','3','XXX-ZZZ','',6,2,0,2,1,2,'AC','0000-00-00 00:00:00',0,'',0,0,'0000-00-00',0,0,'','',6,2,24,21244222,NULL,50),(14,'primero de septiembre','0000-00-00','0000-00-00','0000-00-00','1','EEE-GGG','',6,1,0,1,1,1,'AC','0000-00-00 00:00:00',0,'',0,0,'0000-00-00',0,0,'','',6,2,8,1234,NULL,60);
/*!40000 ALTER TABLE `equipos` ENABLE KEYS */;
UNLOCK TABLES;

--
-- Table structure for table `fallas`
--

DROP TABLE IF EXISTS `fallas`;
/*!40101 SET @saved_cs_client     = @@character_set_client */;
/*!40101 SET character_set_client = utf8 */;
CREATE TABLE `fallas` (
  `id_reparacion` int(100) NOT NULL AUTO_INCREMENT,
  `descripcion` varchar(255) NOT NULL,
  PRIMARY KEY (`id_reparacion`)
) ENGINE=MyISAM DEFAULT CHARSET=latin1;
/*!40101 SET character_set_client = @saved_cs_client */;

--
-- Dumping data for table `fallas`
--

LOCK TABLES `fallas` WRITE;
/*!40000 ALTER TABLE `fallas` DISABLE KEYS */;
/*!40000 ALTER TABLE `fallas` ENABLE KEYS */;
UNLOCK TABLES;

--
-- Table structure for table `ficha_equipo`
--

DROP TABLE IF EXISTS `ficha_equipo`;
/*!40101 SET @saved_cs_client     = @@character_set_client */;
/*!40101 SET character_set_client = utf8 */;
CREATE TABLE `ficha_equipo` (
  `id_fichaequip` int(11) NOT NULL AUTO_INCREMENT,
  `id_equipo` int(11) NOT NULL,
  `marca` varchar(3000) COLLATE utf8_spanish_ci NOT NULL,
  `modelo` varchar(3000) COLLATE utf8_spanish_ci NOT NULL,
  `numero_motor` varchar(3000) COLLATE utf8_spanish_ci NOT NULL,
  `numero_serie` varchar(3000) COLLATE utf8_spanish_ci NOT NULL,
  `fecha_ingreso` date NOT NULL,
  `dominio` varchar(3000) COLLATE utf8_spanish_ci NOT NULL,
  `fabricacion` int(11) NOT NULL,
  `peso` float NOT NULL,
  `bateria` varchar(3000) COLLATE utf8_spanish_ci NOT NULL,
  `hora_lectura` float NOT NULL,
  PRIMARY KEY (`id_fichaequip`)
) ENGINE=InnoDB DEFAULT CHARSET=utf8 COLLATE=utf8_spanish_ci;
/*!40101 SET character_set_client = @saved_cs_client */;

--
-- Dumping data for table `ficha_equipo`
--

LOCK TABLES `ficha_equipo` WRITE;
/*!40000 ALTER TABLE `ficha_equipo` DISABLE KEYS */;
/*!40000 ALTER TABLE `ficha_equipo` ENABLE KEYS */;
UNLOCK TABLES;

--
-- Table structure for table `frm_categorias`
--

DROP TABLE IF EXISTS `frm_categorias`;
/*!40101 SET @saved_cs_client     = @@character_set_client */;
/*!40101 SET character_set_client = utf8 */;
CREATE TABLE `frm_categorias` (
  `CATE_ID` int(11) NOT NULL AUTO_INCREMENT,
  `NOMBRE` varchar(1000) CHARACTER SET latin1 NOT NULL,
  `PISTA` varchar(2000) CHARACTER SET latin1 DEFAULT NULL,
  `FEC_CREACION` timestamp NOT NULL DEFAULT CURRENT_TIMESTAMP,
  `FORM_ID` int(11) NOT NULL,
  `ORDEN` int(11) DEFAULT NULL,
  PRIMARY KEY (`CATE_ID`)
) ENGINE=InnoDB AUTO_INCREMENT=7001 DEFAULT CHARSET=utf8 COLLATE=utf8_spanish_ci;
/*!40101 SET character_set_client = @saved_cs_client */;

--
-- Dumping data for table `frm_categorias`
--

LOCK TABLES `frm_categorias` WRITE;
/*!40000 ALTER TABLE `frm_categorias` DISABLE KEYS */;
INSERT INTO `frm_categorias` VALUES (1,'Condiciones Generales:',NULL,'2018-07-28 15:51:53',1,1),(2,'Eje, Cuerpo, Placa Trasera, Aros',NULL,'2018-07-28 16:09:49',1,2),(3,'Tilde las acciones a Realizar:',NULL,'2018-07-28 17:02:54',2,1),(4,'PIEZAS O COMPONENTES A DIAGNOSTICAR',NULL,'2018-07-28 17:15:23',3,1),(5,'A-TAPAS',NULL,'2018-07-28 17:17:25',3,2),(6,'B-PIEZAS EN REVOLUCION',NULL,'2018-07-28 17:33:29',3,3),(7,'C-LUBRICACION',NULL,'2018-07-28 18:00:05',3,4),(8,'D-REFRIGERACION',NULL,'2018-07-28 18:21:47',3,5),(9,'E - SISTEMA DE COMBUSTIBLE',NULL,'2018-07-28 18:39:18',3,6),(10,'14-Motores Nafteros:',NULL,'2018-07-28 19:06:57',3,7),(11,'1-Ingreso de Pieza, Identificada y Limpia',NULL,'2018-07-28 23:03:59',4,1),(12,'2-Control y Medicion de Apoyo y Altura de Levas',NULL,'2018-07-28 23:06:43',4,2),(13,'Observaciones:',NULL,'2018-07-28 23:12:14',4,3),(14,'3-Deteccion de Fisuras Magnaflux',NULL,'2018-07-28 23:12:56',4,4),(15,'4-Control de Dureza Rc o Brinell',NULL,'2018-07-28 23:15:48',4,5),(16,'5-Controlar y Verificar Los Item 1, 2, 3, 4',NULL,'2018-07-28 23:21:49',4,6),(17,'6-Controlar engranaje Bba. de Aceite y su Alineacion',NULL,'2018-07-28 23:22:47',4,7),(18,'7-Controlar Pernos:',NULL,'2018-07-28 23:23:02',4,8),(19,'1-Identificacion y Limpieza Compresor',NULL,'2018-07-28 23:29:33',5,1),(20,'2-Control Visual, Estado General del Conjunto Bielas',NULL,'2018-07-28 23:30:48',5,2),(21,'3-Deteccion de Fisuras Magna Flux',NULL,'2018-07-28 23:44:33',5,3),(22,'4-Medicion de Diametros,4 Muñon y Ojo de Biela',NULL,'2018-07-28 23:47:56',5,4),(23,'5-Medicion Longitud de Biela',NULL,'2018-07-29 00:15:03',5,5),(24,'6-Control de Linealidad de Centros Muñon/Ojo de Biela',NULL,'2018-07-29 04:22:22',5,6),(25,'7-Control de Pesos:',NULL,'2018-07-29 04:28:14',5,7),(26,'8-Control de Planos Alaveo, Torceduras, Deformaciones',NULL,'2018-07-29 04:32:47',5,8),(27,'9-Control de Encastre Tapas / Cuerpos',NULL,'2018-07-29 04:35:34',5,9),(28,'10-Control de Tornillos Longitud y Filetes',NULL,'2018-07-29 04:49:55',5,10),(29,'11-Bielas Perforadas, Control Conductos de Lubricacio?n',NULL,'2018-07-29 04:51:39',5,11),(30,'1-Identificacion y Limpieza',NULL,'2018-07-29 14:22:13',6,1),(31,'2-Diametro de Cilindros',NULL,'2018-07-29 14:22:22',6,2),(32,'3-Extraccion de Camisas',NULL,'2018-07-29 14:22:33',6,3),(33,'4-Busqueda de Fisuras e Incrustaciones',NULL,'2018-07-29 14:22:48',6,4),(34,'5-Control Planos en 4 Costados',NULL,'2018-07-29 14:23:00',6,5),(35,'6-Control de Roscas Internas y Prisioneros',NULL,'2018-07-29 14:23:08',6,6),(36,'7-Control Circuitos de Agua y Aceite – Incrustaciones y/o Comunicacio?n',NULL,'2018-07-29 14:23:21',6,7),(37,'8-Control de Alojamiento, Tapones y Bomba de Agua, y Bases de Conectores',NULL,'2018-07-29 14:49:39',6,8),(38,'9-Control y Medicion de Cilindros (Rectificacion)',NULL,'2018-07-29 14:49:50',6,9),(39,'10-Control Tornillos, Bancadas: Longitud, Perfil Rosca, Estado de Cabeza',NULL,'2018-07-29 14:50:00',6,10),(40,'11-Control Tapas de Bancadas y Guias',NULL,'2018-07-29 14:50:12',6,11),(41,'12-Medida de Alojamiento Arbol de Levas Sin Cojinetes',NULL,'2018-07-29 14:50:21',6,12),(42,'13-Medida y Estado Reten de Bancada',NULL,'2018-07-29 14:50:36',6,13),(43,'1-Ingreso de Pieza, Identificada, Limpia y Desarmada c/componentes',NULL,'2018-07-29 15:07:09',7,1),(44,'2-Control y Evaluacion de Los Items 1,2,3',NULL,'2018-07-29 15:07:50',7,2),(45,'3-Prueba Hidraulica (Area de Produccion)',NULL,'2018-07-29 15:19:45',7,3),(46,'4-Control de Superficies de Elementos Anexos',NULL,'2018-07-29 15:28:07',7,4),(47,'5-Control de Conductos',NULL,'2018-07-29 15:30:16',7,5),(48,'6-Control de Superficie de Camaras de Combustion',NULL,'2018-07-29 15:35:31',7,6),(49,'7-Control de Prisioneros Roscas internas y Agujeros',NULL,'2018-07-29 15:39:42',7,7),(50,'8-Control y Medicion de Guias de Valvulas',NULL,'2018-07-29 15:40:55',7,8),(51,'9-Alojamientos de Botadores',NULL,'2018-07-29 15:43:15',7,9),(52,'10-Control Alojamiento Arbol de Levas (Tunel)',NULL,'2018-07-29 15:45:49',7,10),(53,'11-Control Alojamiento Precamaras',NULL,'2018-07-29 15:49:28',7,11),(54,'12-Control de Resortes Valvula',NULL,'2018-07-29 15:50:16',7,12),(55,'13-Seguros y Platillos de Valvulas y Roto valvulas',NULL,'2018-07-29 15:54:06',7,13),(56,'14-Asiento de Resortes Con y Sin Arandelas',NULL,'2018-07-29 16:05:25',7,14),(57,'15-Bujias de Pre Calentamiento',NULL,'2018-07-29 16:06:44',7,15),(58,'A – Planilla de Control de VOLANTE',NULL,'2018-07-29 16:09:53',8,1),(59,'1-Identificacion y Limpieza de la pieza',NULL,'2018-07-29 16:10:52',8,2),(60,'2-Control de Fisuras y/o Deformaciones',NULL,'2018-07-29 16:11:25',8,3),(61,'3-Medicion de Durezas en Espejo',NULL,'2018-07-29 16:12:04',8,4),(62,'4-Control de Espesor',NULL,'2018-07-29 16:17:25',8,5),(63,'5-Control Brida Acople',NULL,'2018-07-29 16:20:47',8,6),(64,'6-Control Corona de Arranque Exterior-Interior',NULL,'2018-07-29 16:22:14',8,7),(65,'7-Control de Roscas y Guias',NULL,'2018-07-29 17:27:59',8,8),(66,'B – Planilla de Control de PLACA DE EMBRAGUE',NULL,'2018-07-29 17:28:43',8,9),(67,'1-Identificacion y Limpieza de la pieza',NULL,'2018-07-29 17:29:57',8,10),(68,'2-Control de Elementos de Accionamiento',NULL,'2018-07-29 17:30:36',8,11),(69,'3-Control de espejo de presion',NULL,'2018-07-29 17:35:51',8,12),(70,'4-Control de Dureza',NULL,'2018-07-29 17:36:55',8,13),(71,'C – Planilla de Control de POLEA',NULL,'2018-07-29 17:38:37',8,14),(72,'1-Identificacion y Limpieza de la pieza',NULL,'2018-07-29 17:39:09',8,15),(73,'2-Control Alojamiento de Cigueñal',NULL,'2018-07-29 17:39:50',8,16),(74,'3-Control Chavetero',NULL,'2018-07-29 17:40:58',8,17),(75,'4-Control Canal de Correas',NULL,'2018-07-29 17:42:05',8,18),(76,'1-Identificacion y Limpieza',NULL,'2018-07-29 17:52:00',9,1),(77,'2-Control y Medida de Bancadas y Muñones.',NULL,'2018-07-29 18:00:45',9,2),(78,'3-Medicion de Dureza de Bancada y Muñon',NULL,'2018-07-29 21:14:16',9,3),(79,'4-Medicion de Radios de Bancadas y Muñon',NULL,'2018-07-29 21:41:00',9,4),(80,'5-Control de MAGNAFLUX',NULL,'2018-07-29 23:14:50',9,5),(81,'6-Control y Medicion de los Items A, B, C, D, E, F',NULL,'2018-07-29 23:21:07',9,6),(83,'7-Control de Alineacion (Pandeo)',NULL,'2018-07-29 23:38:13',9,7),(84,'8-Estado de Roscas y Alojamientos Tapones',NULL,'2018-07-29 23:39:13',9,8),(85,'9-Control de Alojamiento Axial',NULL,'2018-07-29 23:43:44',9,9),(1000,'',NULL,'2018-07-30 00:36:02',1000,1),(1200,'Registro de Control de Calidad',NULL,'2018-07-31 12:51:37',1200,1),(1202,'Bancada',NULL,'2018-07-31 14:30:45',1200,2),(1203,'Bielas',NULL,'2018-07-31 14:38:42',1200,3),(1204,'Cilindros',NULL,'2018-07-31 14:46:57',1200,4),(1205,'Levas',NULL,'2018-07-31 14:55:15',1200,5),(1211,'Cigueñal:',NULL,'2018-07-31 15:47:06',1200,6),(1212,'Balanceo de Biela:',NULL,'2018-07-31 16:05:21',1200,7),(1213,'Otros:',NULL,'2018-07-31 16:13:22',1200,8),(1214,'CONTROLAR',NULL,'2018-07-31 17:28:38',1200,9),(1215,'Control de Calidad',NULL,'2018-07-31 18:06:22',1201,1),(1217,'Block Cigueñal',NULL,'2018-07-31 18:07:59',1201,2),(1218,'Paro de armado:',NULL,'2018-07-31 18:35:10',1201,3),(1219,'Control de Calidad',NULL,'2018-07-31 18:42:35',1202,1),(1220,'Bielas y Pistones',NULL,'2018-07-31 18:45:47',1202,2),(1221,'Paro el armado',NULL,'2018-07-31 19:18:22',1202,3),(1222,'Control de Calidad',NULL,'2018-07-31 19:21:56',1203,1),(1223,'Tapa de Cilindro',NULL,'2018-07-31 19:22:11',1203,2),(1224,'Paro el armado',NULL,'2018-07-31 19:55:00',1203,3),(1225,'Control de Calidad',NULL,'2018-07-31 19:59:54',1204,1),(1226,'Inyeccion Complemento',NULL,'2018-07-31 20:01:01',1204,2),(1227,'Paro el armado',NULL,'2018-07-31 20:05:13',1204,3),(1228,'Observaciones en General:',NULL,'2018-08-03 20:19:56',7,16),(2000,'1er Etapa:',NULL,'2018-08-07 14:39:44',2000,1),(2001,'2da Etapa:',NULL,'2018-08-07 14:47:54',2000,2),(2002,'3ra etapa: Solo para motor armado.',NULL,'2018-08-07 14:58:39',2000,3),(2003,'4ta Etapa:',NULL,'2018-08-07 15:01:25',2000,4),(2004,'5ta Etapa:',NULL,'2018-08-07 15:02:26',2000,5),(2005,'Comentario final:',NULL,'2018-08-07 15:03:20',2000,6),(2006,'TAPA DE CILINDRO',NULL,'2018-08-07 15:08:30',2001,1),(2007,'1ra Etapa - Controles Previos A Cada Puesta En Marcha',NULL,'2018-08-07 16:26:38',2003,1),(2008,'IMPORTANTE (conexiones y/o cambios extraordinarios)',NULL,'2018-08-07 20:08:31',2003,2),(2009,'2da Etapa - Prueba del motor',NULL,'2018-08-07 20:15:47',2003,3),(2010,'Tipo de ensayo: Vacio/ Duracion: 2hs',NULL,'2018-08-08 15:05:11',2003,4),(2011,'Tipo de ensayo: 25% / Duracion: 2hs',NULL,'2018-08-08 15:23:56',2003,5),(2012,'Tipo de ensayo: 50% a 70% / Duracion: 6hs',NULL,'2018-08-08 15:38:31',2003,6),(2013,'DESCARGA Y DETENCION DEL MOTOR',NULL,'2018-08-08 15:50:59',2003,7),(2014,'Tipo de ensayo: 25% / Duracion: 10min',NULL,'2018-08-08 15:58:52',2003,8),(2015,'Tipo de ensayo: vacio / Duracion: 10min',NULL,'2018-08-08 16:15:12',2003,9),(2016,'Apagado',NULL,'2018-08-08 17:08:10',2003,10),(2017,'Tipo de ensayo: vacio/ Duracion: 30min',NULL,'2018-08-08 17:34:29',2003,11),(2018,'Tipo de ensayo: 25% / Duracion: 15min',NULL,'2018-08-08 18:02:48',2003,12),(2019,'Tipo de ensayo: 50% a 70% / Duracion: 15min',NULL,'2018-08-08 18:35:08',2003,13),(2020,'Tipo de ensayo: 100% / 1er / Duracion: 5min',NULL,'2018-08-08 19:19:47',2003,14),(2021,'Tipo de ensayo: 100% / 2do / Duracion: 5min',NULL,'2018-08-08 19:32:50',2003,15),(2022,'Tipo de ensayo: 100% / 3er / Duracion: 5 min',NULL,'2018-08-11 23:32:00',2003,16),(2023,'3ra Etapa - Finalizacion de Blanqueo y Realizacion de Informe',NULL,'2018-08-11 23:50:39',2003,17),(2024,'DESCARGA Y DETENCION DEL MOTOR',NULL,'2018-08-13 03:05:55',2003,18),(2025,'Tipo de ensayo: 25% / Duracion: 10min',NULL,'2018-08-13 03:07:40',2003,19),(2026,'Tipo de ensayo: vacio / Duracion: 10min',NULL,'2018-08-13 03:16:55',2003,20),(2027,'Apagado Motor: DESMONTAJE',NULL,'2018-08-13 03:23:45',2003,21),(2028,'INFORME:',NULL,'2018-08-13 03:25:37',2003,22),(2500,'DETALLE DE TRABAJOS A REALIZAR',NULL,'2018-08-23 14:39:32',2500,1),(5000,'Cotizacion ',NULL,'2018-08-27 15:52:46',5000,1),(6000,'Presupuesto',NULL,'2018-08-30 13:54:10',6000,1),(7000,'Informe Tecnico',NULL,'2018-09-12 23:19:01',7000,1);
/*!40000 ALTER TABLE `frm_categorias` ENABLE KEYS */;
UNLOCK TABLES;

--
-- Table structure for table `frm_formularios`
--

DROP TABLE IF EXISTS `frm_formularios`;
/*!40101 SET @saved_cs_client     = @@character_set_client */;
/*!40101 SET character_set_client = utf8 */;
CREATE TABLE `frm_formularios` (
  `form_id` int(11) NOT NULL AUTO_INCREMENT,
  `nombre` varchar(1000) NOT NULL,
  `descripcion` varchar(3000) DEFAULT NULL,
  `habilitado` tinyint(1) NOT NULL DEFAULT '1',
  `fec_creacion` timestamp NOT NULL DEFAULT CURRENT_TIMESTAMP,
  `fec_deprecado` timestamp NULL DEFAULT NULL,
  `usuario` varchar(100) DEFAULT NULL,
  `id_empresa` int(11) NOT NULL,
  PRIMARY KEY (`form_id`)
) ENGINE=InnoDB AUTO_INCREMENT=7001 DEFAULT CHARSET=latin1;
/*!40101 SET character_set_client = @saved_cs_client */;

--
-- Dumping data for table `frm_formularios`
--

LOCK TABLES `frm_formularios` WRITE;
/*!40000 ALTER TABLE `frm_formularios` DISABLE KEYS */;
INSERT INTO `frm_formularios` VALUES (1,'Registro de Diagnostico y Reparacion de turbo RE-TAL-031',NULL,1,'2018-07-28 15:50:08',NULL,NULL,6),(2,'Registro de diagnostico de bombas inyectoras RE-TAL-030',NULL,1,'2018-07-28 17:02:02',NULL,NULL,6),(3,'Registro diagnostico piezas no mecanizadas RE-TAL-008',NULL,1,'2018-07-28 17:12:16',NULL,NULL,6),(4,'Registro diagnostico arbol de levas RE-TAL-007',NULL,1,'2018-07-28 23:03:00',NULL,NULL,6),(5,'Registro diagnostico compresor RE-TAL-006',NULL,1,'2018-07-28 23:29:06',NULL,NULL,6),(6,'Registro diagnostico block de motor RE-TAL-005',NULL,1,'2018-07-29 14:21:34',NULL,NULL,6),(7,'Registro diagnostico tapa de cilindro RE-TAL-004',NULL,1,'2018-07-29 15:04:59',NULL,NULL,6),(8,'Registro diagnostico Volante Placa y Polea RE-TAL-003',NULL,1,'2018-07-29 16:08:45',NULL,NULL,6),(9,'Registro diagnostico cigueñal RE-TAL-001',NULL,1,'2018-07-29 17:50:14',NULL,NULL,6),(1000,'Registro Recepcion de componente RE-TAL-009',NULL,1,'2018-07-30 00:35:27',NULL,NULL,6),(1200,'Registro de control de calidad RE-TAL-016',NULL,1,'2018-07-31 12:50:43',NULL,NULL,6),(1201,'Registro de control de calidad block RE-TAL-017',NULL,1,'2018-07-31 18:06:09',NULL,NULL,6),(1202,'Registro de control de calidad bielas y pistones RE-TAL-018',NULL,1,'2018-07-31 18:42:08',NULL,NULL,6),(1203,'Registro de control de calidad tapa de cilindro RE-TAL-019',NULL,1,'2018-07-31 19:21:33',NULL,NULL,6),(1204,'Registro de control de calidad inyeccion complemento RE-TAL-020',NULL,1,'2018-07-31 19:59:21',NULL,NULL,6),(2000,'Registro check list de despacho RE-TAL-034',NULL,1,'2018-08-07 14:38:15',NULL,NULL,6),(2001,'Registro de Armado de Tapa Cilindro RE-TAL-035',NULL,1,'2018-08-07 15:08:09',NULL,NULL,6),(2003,'Registro check list de banco de prueba RE-TAL-037',NULL,1,'2018-08-07 16:24:50',NULL,NULL,6),(2500,'Registro Trabajos a realizar RE-TAL-010',NULL,1,'2018-08-23 14:39:11',NULL,NULL,6),(5000,'Adjunto de Cotizacion',NULL,1,'2018-08-27 15:52:03',NULL,NULL,6),(6000,'Presupuesto',NULL,1,'2018-08-30 13:48:40',NULL,NULL,6),(7000,'Informe Tecnico',NULL,1,'2018-09-12 23:06:23',NULL,NULL,6);
/*!40000 ALTER TABLE `frm_formularios` ENABLE KEYS */;
UNLOCK TABLES;

--
-- Table structure for table `frm_formularios_completados`
--

DROP TABLE IF EXISTS `frm_formularios_completados`;
/*!40101 SET @saved_cs_client     = @@character_set_client */;
/*!40101 SET character_set_client = utf8 */;
CREATE TABLE `frm_formularios_completados` (
  `FOCO_ID` int(11) NOT NULL AUTO_INCREMENT,
  `FORM_NOMBRE` varchar(1000) NOT NULL,
  `CATE_NOMBRE` varchar(1000) NOT NULL,
  `GRUP_NOMBRE` varchar(1000) NOT NULL,
  `VALO_NOMBRE` varchar(2000) NOT NULL,
  `TIDA_NOMBRE` varchar(100) NOT NULL,
  `VALOR` longtext NOT NULL,
  `FORM_ID` int(11) NOT NULL,
  `REFERENCIA` text,
  `FEC_CREACION` timestamp NOT NULL DEFAULT CURRENT_TIMESTAMP,
  `USUARIO` varchar(100) NOT NULL,
  `ORDEN` int(11) DEFAULT NULL,
  `INFO_ID` int(11) NOT NULL,
  `NOM_VAR` varchar(20) CHARACTER SET utf8 COLLATE utf8_spanish_ci NOT NULL,
  `LITA_ID` int(11) NOT NULL,
  `TIDA_ID` int(11) NOT NULL,
  `VALO_ID` int(11) NOT NULL,
  `OBLIGATORIO` tinyint(1) NOT NULL,
  `VALIDADO` tinyint(1) NOT NULL,
  `ID_EMPRESA` int(11) NOT NULL,
  PRIMARY KEY (`FOCO_ID`),
  KEY `INFO_ID` (`INFO_ID`)
) ENGINE=InnoDB AUTO_INCREMENT=312 DEFAULT CHARSET=latin1;
/*!40101 SET character_set_client = @saved_cs_client */;

--
-- Dumping data for table `frm_formularios_completados`
--

LOCK TABLES `frm_formularios_completados` WRITE;
/*!40000 ALTER TABLE `frm_formularios_completados` DISABLE KEYS */;
INSERT INTO `frm_formularios_completados` VALUES (1,'Registro Recepcion de componente RE-TAL-009','','PARTES RECIBIDAS','Arnes','checkbox','notilde',1000,NULL,'2018-07-30 00:35:27','1',1,1,'',80002,0,0,0,0,6),(2,'Registro Recepcion de componente RE-TAL-009','','PARTES RECIBIDAS','Bomba de aceite','checkbox','tilde',1000,NULL,'2018-07-30 00:35:27','1',2,1,'',80002,0,0,0,1,6),(3,'Registro Recepcion de componente RE-TAL-009','','PARTES RECIBIDAS','Caño de combustible','checkbox','tilde',1000,NULL,'2018-07-30 00:35:27','1',3,1,'',80002,0,0,0,1,6),(4,'Registro Recepcion de componente RE-TAL-009','','PARTES RECIBIDAS','Polea balanceadora D/3','checkbox','tilde',1000,NULL,'2018-07-30 00:35:27','1',4,1,'',80002,0,0,0,1,6),(5,'Registro Recepcion de componente RE-TAL-009','','PARTES RECIBIDAS','Rompe olas','checkbox','notilde',1000,NULL,'2018-07-30 00:35:27','1',5,1,'',80002,0,0,0,0,6),(6,'Registro Recepcion de componente RE-TAL-009','','PARTES RECIBIDAS','Soporte de multiple de escape','checkbox','notilde',1000,NULL,'2018-07-30 00:35:27','1',6,1,'',80002,0,0,0,0,6),(7,'Registro Recepcion de componente RE-TAL-009','','PARTES RECIBIDAS','Inyectores','checkbox','notilde',1000,NULL,'2018-07-30 00:35:27','1',7,1,'',80002,0,0,0,0,6),(8,'Registro Recepcion de componente RE-TAL-009','','PARTES RECIBIDAS','Tapas de bancada','checkbox','notilde',1000,NULL,'2018-07-30 00:35:27','1',8,1,'',80002,0,0,0,0,6),(9,'Registro Recepcion de componente RE-TAL-009','','PARTES RECIBIDAS','Sensor','checkbox','notilde',1000,NULL,'2018-07-30 00:35:27','1',9,1,'',80002,0,0,0,0,6),(10,'Registro Recepcion de componente RE-TAL-009','','PARTES RECIBIDAS','Abrazadera caño de gases','checkbox','notilde',1000,NULL,'2018-07-30 00:35:27','1',10,1,'',80002,0,0,0,0,6),(11,'Registro Recepcion de componente RE-TAL-009','','PARTES RECIBIDAS','Bulbo temperatura de vigia','checkbox','notilde',1000,NULL,'2018-07-30 00:35:27','1',11,1,'',80002,0,0,0,0,6),(12,'Registro Recepcion de componente RE-TAL-009','','PARTES RECIBIDAS','Pernos de presion','checkbox','notilde',1000,NULL,'2018-07-30 00:35:27','1',12,1,'',80002,0,0,0,0,6),(13,'Registro Recepcion de componente RE-TAL-009','','PARTES RECIBIDAS','Carters c/bulones','checkbox','notilde',1000,NULL,'2018-07-30 00:35:27','1',13,1,'',80002,0,0,0,0,6),(14,'Registro Recepcion de componente RE-TAL-009','','PARTES RECIBIDAS','Resortes de balancines','checkbox','notilde',1000,NULL,'2018-07-30 00:35:27','1',14,1,'',80002,0,0,0,0,6),(15,'Registro Recepcion de componente RE-TAL-009','','PARTES RECIBIDAS','Engranaje de arbol de levas','checkbox','notilde',1000,NULL,'2018-07-30 00:35:27','1',15,1,'',80002,0,0,0,0,6),(16,'Registro Recepcion de componente RE-TAL-009','','PARTES RECIBIDAS','Tapa lateral','checkbox','notilde',1000,NULL,'2018-07-30 00:35:27','1',16,1,'',80002,0,0,0,0,6),(17,'Registro Recepcion de componente RE-TAL-009','','PARTES RECIBIDAS','Union ejes de balancines','checkbox','notilde',1000,NULL,'2018-07-30 00:35:27','1',17,1,'',80002,0,0,0,0,6),(18,'Registro Recepcion de componente RE-TAL-009','','PARTES RECIBIDAS','Bomba de agua','checkbox','notilde',1000,NULL,'2018-07-30 00:35:27','1',18,1,'',80002,0,0,0,0,6),(19,'Registro Recepcion de componente RE-TAL-009','','PARTES RECIBIDAS','Caño de entrada de aceite','checkbox','notilde',1000,NULL,'2018-07-30 00:35:27','1',19,1,'',80002,0,0,0,0,6),(20,'Registro Recepcion de componente RE-TAL-009','','PARTES RECIBIDAS','Polea bomba de agua','checkbox','notilde',1000,NULL,'2018-07-30 00:35:27','1',20,1,'',80002,0,0,0,0,6),(21,'Registro Recepcion de componente RE-TAL-009','','PARTES RECIBIDAS','Cilindro de compresor','checkbox','notilde',1000,NULL,'2018-07-30 00:35:27','1',21,1,'',80002,0,0,0,0,6),(22,'Registro Recepcion de componente RE-TAL-009','','PARTES RECIBIDAS','Soporte filtro de gasoil DH','checkbox','notilde',1000,NULL,'2018-07-30 00:35:27','1',22,1,'',80002,0,0,0,0,6),(23,'Registro Recepcion de componente RE-TAL-009','','PARTES RECIBIDAS','Leva de embrague','checkbox','notilde',1000,NULL,'2018-07-30 00:35:27','1',23,1,'',80002,0,0,0,0,6),(24,'Registro Recepcion de componente RE-TAL-009','','PARTES RECIBIDAS','Tapon de block','checkbox','notilde',1000,NULL,'2018-07-30 00:35:27','1',24,1,'',80002,0,0,0,0,6),(25,'Registro Recepcion de componente RE-TAL-009','','PARTES RECIBIDAS','Alternador','checkbox','notilde',1000,NULL,'2018-07-30 00:35:27','1',25,1,'',80002,0,0,0,0,6),(26,'Registro Recepcion de componente RE-TAL-009','','PARTES RECIBIDAS','Bulon punta de cigueñal','checkbox','notilde',1000,NULL,'2018-07-30 00:35:27','1',26,1,'',80002,0,0,0,0,6),(27,'Registro Recepcion de componente RE-TAL-009','','PARTES RECIBIDAS','Porta filtro aceite inferior','checkbox','notilde',1000,NULL,'2018-07-30 00:35:27','1',27,1,'',80002,0,0,0,0,6),(28,'Registro Recepcion de componente RE-TAL-009','','PARTES RECIBIDAS','Chapa cubre volante chica','checkbox','notilde',1000,NULL,'2018-07-30 00:35:27','1',28,1,'',80002,0,0,0,0,6),(29,'Registro Recepcion de componente RE-TAL-009','','PARTES RECIBIDAS','Seguro de valvulas','checkbox','notilde',1000,NULL,'2018-07-30 00:35:27','1',29,1,'',80002,0,0,0,0,6),(30,'Registro Recepcion de componente RE-TAL-009','','PARTES RECIBIDAS','Engranaje de cigueñal','checkbox','notilde',1000,NULL,'2018-07-30 00:35:27','1',30,1,'',80002,0,0,0,0,6),(31,'Registro Recepcion de componente RE-TAL-009','','PARTES RECIBIDAS','Tapa balancines M/N - M/V','checkbox','notilde',1000,NULL,'2018-07-30 00:35:27','1',31,1,'',80002,0,0,0,0,6),(32,'Registro Recepcion de componente RE-TAL-009','','PARTES RECIBIDAS','Valvula corte de gas-oil vigia','checkbox','notilde',1000,NULL,'2018-07-30 00:35:27','1',32,1,'',80002,0,0,0,0,6),(33,'Registro Recepcion de componente RE-TAL-009','','PARTES RECIBIDAS','Bomba de nafta','checkbox','notilde',1000,NULL,'2018-07-30 00:35:27','1',33,1,'',80002,0,0,0,0,6),(34,'Registro Recepcion de componente RE-TAL-009','','PARTES RECIBIDAS','Caño de retorno','checkbox','notilde',1000,NULL,'2018-07-30 00:35:27','1',34,1,'',80002,0,0,0,0,6),(35,'Registro Recepcion de componente RE-TAL-009','','PARTES RECIBIDAS','Porta termostato inferior','checkbox','notilde',1000,NULL,'2018-07-30 00:35:27','1',35,1,'',80002,0,0,0,0,6),(36,'Registro Recepcion de componente RE-TAL-009','','PARTES RECIBIDAS','Contrapesos','checkbox','notilde',1000,NULL,'2018-07-30 00:35:27','1',36,1,'',80002,0,0,0,0,6),(37,'Registro Recepcion de componente RE-TAL-009','','PARTES RECIBIDAS','Tapa de carcaza cubre volante','checkbox','notilde',1000,NULL,'2018-07-30 00:35:27','1',37,1,'',80002,0,0,0,0,6),(38,'Registro Recepcion de componente RE-TAL-009','','PARTES RECIBIDAS','Montantes de motor','checkbox','notilde',1000,NULL,'2018-07-30 00:35:27','1',38,1,'',80002,0,0,0,0,6),(39,'Registro Recepcion de componente RE-TAL-009','','PARTES RECIBIDAS','Tensor de alternador','checkbox','notilde',1000,NULL,'2018-07-30 00:35:27','1',39,1,'',80002,0,0,0,0,6),(40,'Registro Recepcion de componente RE-TAL-009','','PARTES RECIBIDAS','Arbol auxiliar','checkbox','notilde',1000,NULL,'2018-07-30 00:35:27','1',40,1,'',80002,0,0,0,0,6),(41,'Registro Recepcion de componente RE-TAL-009','','PARTES RECIBIDAS','Bulones de retorno','checkbox','notilde',1000,NULL,'2018-07-30 00:35:27','1',41,1,'',80002,0,0,0,0,6),(42,'Registro Recepcion de componente RE-TAL-009','','PARTES RECIBIDAS','Porta filtro aceite superior','checkbox','notilde',1000,NULL,'2018-07-30 00:35:27','1',42,1,'',80002,0,0,0,0,6),(43,'Registro Recepcion de componente RE-TAL-009','','PARTES RECIBIDAS','Chapa cubre volante grande','checkbox','notilde',1000,NULL,'2018-07-30 00:35:27','1',43,1,'',80002,0,0,0,0,6),(44,'Registro Recepcion de componente RE-TAL-009','','PARTES RECIBIDAS','Sensor de presion de aceite','checkbox','notilde',1000,NULL,'2018-07-30 00:35:27','1',44,1,'',80002,0,0,0,0,6),(45,'Registro Recepcion de componente RE-TAL-009','','PARTES RECIBIDAS','Esparragos de tapa de cilindros','checkbox','notilde',1000,NULL,'2018-07-30 00:35:27','1',45,1,'',80002,0,0,0,0,6),(46,'Registro Recepcion de componente RE-TAL-009','','PARTES RECIBIDAS','Tapa de distribucion','checkbox','notilde',1000,NULL,'2018-07-30 00:35:27','1',46,1,'',80002,0,0,0,0,6),(47,'Registro Recepcion de componente RE-TAL-009','','PARTES RECIBIDAS','Valvulas','checkbox','notilde',1000,NULL,'2018-07-30 00:35:27','1',47,1,'',80002,0,0,0,0,6),(48,'Registro Recepcion de componente RE-TAL-009','','PARTES RECIBIDAS','Arbol de levas','checkbox','notilde',1000,NULL,'2018-07-30 00:35:27','1',48,1,'',80002,0,0,0,0,6),(49,'Registro Recepcion de componente RE-TAL-009','','PARTES RECIBIDAS','Bulones de tapa de bancada ','checkbox','notilde',1000,NULL,'2018-07-30 00:35:27','1',49,1,'',80002,0,0,0,0,6),(50,'Registro Recepcion de componente RE-TAL-009','','PARTES RECIBIDAS','Pista reten','checkbox','notilde',1000,NULL,'2018-07-30 00:35:27','1',50,1,'',80002,0,0,0,0,6),(51,'Registro Recepcion de componente RE-TAL-009','','PARTES RECIBIDAS','Chaveta de arbol de levas','checkbox','notilde',1000,NULL,'2018-07-30 00:35:27','1',51,1,'',80002,0,0,0,0,6),(52,'Registro Recepcion de componente RE-TAL-009','','PARTES RECIBIDAS','Sensor de temperatura','checkbox','notilde',1000,NULL,'2018-07-30 00:35:27','1',52,1,'',80002,0,0,0,0,6),(53,'Registro Recepcion de componente RE-TAL-009','','PARTES RECIBIDAS','Filtro de aire','checkbox','notilde',1000,NULL,'2018-07-30 00:35:27','1',53,1,'',80002,0,0,0,0,6),(54,'Registro Recepcion de componente RE-TAL-009','','PARTES RECIBIDAS','Tapa de inspeccion','checkbox','notilde',1000,NULL,'2018-07-30 00:35:27','1',54,1,'',80002,0,0,0,0,6),(55,'Registro Recepcion de componente RE-TAL-009','','PARTES RECIBIDAS','Ventilador con tornillos','checkbox','notilde',1000,NULL,'2018-07-30 00:35:27','1',55,1,'',80002,0,0,0,0,6),(56,'Registro Recepcion de componente RE-TAL-009','','PARTES RECIBIDAS','Bomba Inyectora No','checkbox','notilde',1000,NULL,'2018-07-30 00:35:27','1',56,1,'',80002,0,0,0,0,6),(57,'Registro Recepcion de componente RE-TAL-009','','PARTES RECIBIDAS','Caño inferior retorno de tubo','checkbox','notilde',1000,NULL,'2018-07-30 00:35:27','1',57,1,'',80002,0,0,0,0,6),(58,'Registro Recepcion de componente RE-TAL-009','','PARTES RECIBIDAS','Porta termostato superior','checkbox','notilde',1000,NULL,'2018-07-30 00:35:27','1',58,1,'',80002,0,0,0,0,6),(59,'Registro Recepcion de componente RE-TAL-009','','PARTES RECIBIDAS','Corona de arranque','checkbox','notilde',1000,NULL,'2018-07-30 00:35:27','1',59,1,'',80002,0,0,0,0,6),(60,'Registro Recepcion de componente RE-TAL-009','','PARTES RECIBIDAS','Tapa de cilindros','checkbox','notilde',1000,NULL,'2018-07-30 00:35:27','1',60,1,'',80002,0,0,0,0,6),(61,'Registro Recepcion de componente RE-TAL-009','','PARTES RECIBIDAS','Motor de arranque','checkbox','notilde',1000,NULL,'2018-07-30 00:35:27','1',61,1,'',80002,0,0,0,0,6),(62,'Registro Recepcion de componente RE-TAL-009','','PARTES RECIBIDAS','Varilla nivel de aceite','checkbox','notilde',1000,NULL,'2018-07-30 00:35:27','1',62,1,'',80002,0,0,0,0,6),(63,'Registro Recepcion de componente RE-TAL-009','','PARTES RECIBIDAS','Balancines','checkbox','notilde',1000,NULL,'2018-07-30 00:35:27','1',63,1,'',80002,0,0,0,0,6),(64,'Registro Recepcion de componente RE-TAL-009','','PARTES RECIBIDAS','Bulones de tapa de cilindros','checkbox','notilde',1000,NULL,'2018-07-30 00:35:27','1',64,1,'',80002,0,0,0,0,6),(65,'Registro Recepcion de componente RE-TAL-009','','PARTES RECIBIDAS','Piston de compresor','checkbox','notilde',1000,NULL,'2018-07-30 00:35:27','1',65,1,'',80002,0,0,0,0,6),(66,'Registro Recepcion de componente RE-TAL-009','','PARTES RECIBIDAS','Chaveta de cigueñal','checkbox','notilde',1000,NULL,'2018-07-30 00:35:27','1',66,1,'',80002,0,0,0,0,6),(67,'Registro Recepcion de componente RE-TAL-009','','PARTES RECIBIDAS','Separador de bomba de agua','checkbox','notilde',1000,NULL,'2018-07-30 00:35:27','1',67,1,'',80002,0,0,0,0,6),(68,'Registro Recepcion de componente RE-TAL-009','','PARTES RECIBIDAS','Filtro de combustible','checkbox','notilde',1000,NULL,'2018-07-30 00:35:27','1',68,1,'',80002,0,0,0,0,6),(69,'Registro Recepcion de componente RE-TAL-009','','PARTES RECIBIDAS','Tapa de inspeccion con respirador','checkbox','notilde',1000,NULL,'2018-07-30 00:35:27','1',69,1,'',80002,0,0,0,0,6),(70,'Registro Recepcion de componente RE-TAL-009','','PARTES RECIBIDAS','Volante con bulones','checkbox','notilde',1000,NULL,'2018-07-30 00:35:27','1',70,1,'',80002,0,0,0,0,6),(71,'Registro Recepcion de componente RE-TAL-009','','PARTES RECIBIDAS','Botadores','checkbox','notilde',1000,NULL,'2018-07-30 00:35:27','1',71,1,'',80002,0,0,0,0,6),(72,'Registro Recepcion de componente RE-TAL-009','','PARTES RECIBIDAS','Caños de inyector','checkbox','notilde',1000,NULL,'2018-07-30 00:35:27','1',72,1,'',80002,0,0,0,0,6),(73,'Registro Recepcion de componente RE-TAL-009','','PARTES RECIBIDAS','Prisioneros soporte balancin','checkbox','notilde',1000,NULL,'2018-07-30 00:35:27','1',73,1,'',80002,0,0,0,0,6),(74,'Registro Recepcion de componente RE-TAL-009','','PARTES RECIBIDAS','Depresor','checkbox','notilde',1000,NULL,'2018-07-30 00:35:27','1',74,1,'',80002,0,0,0,0,6),(75,'Registro Recepcion de componente RE-TAL-009','','PARTES RECIBIDAS','Tapa de compresor M/V M/N','checkbox','notilde',1000,NULL,'2018-07-30 00:35:27','1',75,1,'',80002,0,0,0,0,6),(76,'Registro Recepcion de componente RE-TAL-009','','PARTES RECIBIDAS','Caño superior retorno de tubo','checkbox','notilde',1000,NULL,'2018-07-30 00:35:27','1',76,1,'',80002,0,0,0,0,6),(77,'Registro Recepcion de componente RE-TAL-009','','PARTES RECIBIDAS','Varilla alza valvulas','checkbox','notilde',1000,NULL,'2018-07-30 00:35:27','1',77,1,'',80002,0,0,0,0,6),(78,'Registro Recepcion de componente RE-TAL-009','','PARTES RECIBIDAS','Biela de compresor','checkbox','notilde',1000,NULL,'2018-07-30 00:35:27','1',78,1,'',80002,0,0,0,0,6),(79,'Registro Recepcion de componente RE-TAL-009','','PARTES RECIBIDAS','Caño col.de adm.de turb.(alu.)','checkbox','notilde',1000,NULL,'2018-07-30 00:35:27','1',79,1,'',80002,0,0,0,0,6),(80,'Registro Recepcion de componente RE-TAL-009','','PARTES RECIBIDAS','Pistones','checkbox','notilde',1000,NULL,'2018-07-30 00:35:27','1',80,1,'',80002,0,0,0,0,6),(81,'Registro Recepcion de componente RE-TAL-009','','PARTES RECIBIDAS','Cigueñal del compresor','checkbox','notilde',1000,NULL,'2018-07-30 00:35:27','1',81,1,'',80002,0,0,0,0,6),(82,'Registro Recepcion de componente RE-TAL-009','','PARTES RECIBIDAS','Separador de motor de arranque','checkbox','notilde',1000,NULL,'2018-07-30 00:35:27','1',82,1,'',80002,0,0,0,0,6),(83,'Registro Recepcion de componente RE-TAL-009','','PARTES RECIBIDAS','Gancho de motor delantero','checkbox','notilde',1000,NULL,'2018-07-30 00:35:27','1',83,1,'',80002,0,0,0,0,6),(84,'Registro Recepcion de componente RE-TAL-009','','PARTES RECIBIDAS','Tapa lateral','checkbox','notilde',1000,NULL,'2018-07-30 00:35:27','1',84,1,'',80002,0,0,0,0,6),(85,'Registro Recepcion de componente RE-TAL-009','','PARTES RECIBIDAS','Turbo','checkbox','notilde',1000,NULL,'2018-07-30 00:35:27','1',85,1,'',80002,0,0,0,0,6),(86,'Registro Recepcion de componente RE-TAL-009','','PARTES RECIBIDAS','Brida de arbol de levas','checkbox','notilde',1000,NULL,'2018-07-30 00:35:27','1',86,1,'',80002,0,0,0,0,6),(87,'Registro Recepcion de componente RE-TAL-009','','PARTES RECIBIDAS','Carburador','checkbox','notilde',1000,NULL,'2018-07-30 00:35:27','1',87,1,'',80002,0,0,0,0,6),(88,'Registro Recepcion de componente RE-TAL-009','','PARTES RECIBIDAS',' Radiadores de aceite con tornillos','checkbox','notilde',1000,NULL,'2018-07-30 00:35:27','1',88,1,'',80002,0,0,0,0,6),(89,'Registro Recepcion de componente RE-TAL-009','','PARTES RECIBIDAS','Disco de embrague','checkbox','notilde',1000,NULL,'2018-07-30 00:35:27','1',89,1,'',80002,0,0,0,0,6),(90,'Registro Recepcion de componente RE-TAL-009','','PARTES RECIBIDAS','Tapa de distribucion','checkbox','notilde',1000,NULL,'2018-07-30 00:35:27','1',90,1,'',80002,0,0,0,0,6),(91,'Registro Recepcion de componente RE-TAL-009','','PARTES RECIBIDAS','Mecanismo de aceleracion','checkbox','notilde',1000,NULL,'2018-07-30 00:35:27','1',91,1,'',80002,0,0,0,0,6),(92,'Registro Recepcion de componente RE-TAL-009','','PARTES RECIBIDAS','Torre de balancines','checkbox','notilde',1000,NULL,'2018-07-30 00:35:27','1',92,1,'',80002,0,0,0,0,6),(93,'Registro Recepcion de componente RE-TAL-009','','PARTES RECIBIDAS','Bielas','checkbox','notilde',1000,NULL,'2018-07-30 00:35:27','1',93,1,'',80002,0,0,0,0,6),(94,'Registro Recepcion de componente RE-TAL-009','','PARTES RECIBIDAS','Caño colec.de escape','checkbox','notilde',1000,NULL,'2018-07-30 00:35:27','1',94,1,'',80002,0,0,0,0,6),(95,'Registro Recepcion de componente RE-TAL-009','','PARTES RECIBIDAS','Placa de embrague','checkbox','notilde',1000,NULL,'2018-07-30 00:35:27','1',95,1,'',80002,0,0,0,0,6),(96,'Registro Recepcion de componente RE-TAL-009','','PARTES RECIBIDAS','Cigueñal','checkbox','notilde',1000,NULL,'2018-07-30 00:35:27','1',96,1,'',80002,0,0,0,0,6),(97,'Registro Recepcion de componente RE-TAL-009','','PARTES RECIBIDAS','Soporte de alternador','checkbox','notilde',1000,NULL,'2018-07-30 00:35:27','1',97,1,'',80002,0,0,0,0,6),(98,'Registro Recepcion de componente RE-TAL-009','','PARTES RECIBIDAS','Gancho de motor trasero','checkbox','notilde',1000,NULL,'2018-07-30 00:35:27','1',98,1,'',80002,0,0,0,0,6),(99,'Registro Recepcion de componente RE-TAL-009','','PARTES RECIBIDAS','Tapa balancines M/N - M/V','checkbox','notilde',1000,NULL,'2018-07-30 00:35:27','1',99,1,'',80002,0,0,0,0,6),(100,'Registro Recepcion de componente RE-TAL-009','','PARTES RECIBIDAS','Bujias','checkbox','notilde',1000,NULL,'2018-07-30 00:35:27','1',100,1,'',80002,0,0,0,0,6),(101,'Registro Recepcion de componente RE-TAL-009','','PARTES RECIBIDAS','Carcaza cubre volante','checkbox','notilde',1000,NULL,'2018-07-30 00:35:27','1',101,1,'',80002,0,0,0,0,6),(102,'Registro Recepcion de componente RE-TAL-009','','PARTES RECIBIDAS','Reguladores de balancines','checkbox','notilde',1000,NULL,'2018-07-30 00:35:27','1',102,1,'',80002,0,0,0,0,6),(103,'Registro Recepcion de componente RE-TAL-009','','PARTES RECIBIDAS','Distribuidor','checkbox','notilde',1000,NULL,'2018-07-30 00:35:27','1',103,1,'',80002,0,0,0,0,6),(104,'Registro Recepcion de componente RE-TAL-009','','PARTES RECIBIDAS','Tapa de inspeccion','checkbox','notilde',1000,NULL,'2018-07-30 00:35:27','1',104,1,'',80002,0,0,0,0,6),(105,'Registro Recepcion de componente RE-TAL-009','','PARTES RECIBIDAS','Multiple de admision','checkbox','notilde',1000,NULL,'2018-07-30 00:35:27','1',105,1,'',80002,0,0,0,0,6),(106,'Registro Recepcion de componente RE-TAL-009','','PARTES RECIBIDAS','Tuercas de inyectores','checkbox','notilde',1000,NULL,'2018-07-30 00:35:27','1',106,1,'',80002,0,0,0,0,6),(107,'Registro Recepcion de componente RE-TAL-009','','PARTES RECIBIDAS','Block de motor','checkbox','notilde',1000,NULL,'2018-07-30 00:35:27','1',107,1,'',80002,0,0,0,0,6),(108,'Registro Recepcion de componente RE-TAL-009','','PARTES RECIBIDAS','Caño de alim.aceite de turbo','checkbox','notilde',1000,NULL,'2018-07-30 00:35:27','1',108,1,'',80002,0,0,0,0,6),(109,'Registro Recepcion de componente RE-TAL-009','','PARTES RECIBIDAS','Platillos de valvulas','checkbox','notilde',1000,NULL,'2018-07-30 00:35:27','1',109,1,'',80002,0,0,0,0,6),(110,'Registro Recepcion de componente RE-TAL-009','','PARTES RECIBIDAS','Chupador de bomba de aceite','checkbox','notilde',1000,NULL,'2018-07-30 00:35:27','1',110,1,'',80002,0,0,0,0,6),(111,'Registro Recepcion de componente RE-TAL-009','','PARTES RECIBIDAS','Soporte de motor','checkbox','notilde',1000,NULL,'2018-07-30 00:35:27','1',111,1,'',80002,0,0,0,0,6),(112,'Registro Recepcion de componente RE-TAL-009','','PARTES RECIBIDAS','Indicador de puestas a punto','checkbox','notilde',1000,NULL,'2018-07-30 00:35:27','1',112,1,'',80002,0,0,0,0,6),(113,'Registro Recepcion de componente RE-TAL-009','','PARTES RECIBIDAS','Vaina varilla de aceite','checkbox','notilde',1000,NULL,'2018-07-30 00:35:27','1',113,1,'',80002,0,0,0,0,6),(114,'Registro Recepcion de componente RE-TAL-009','','PARTES RECIBIDAS','ECM o ECU','checkbox','notilde',1000,NULL,'2018-07-30 00:35:27','1',114,1,'',80002,0,0,0,0,6),(115,'Registro Recepcion de componente RE-TAL-009','','PARTES RECIBIDAS','Bulbo de aceite de vigia','checkbox','notilde',1000,NULL,'2018-07-30 00:35:27','1',115,1,'',80002,0,0,0,0,6),(116,'Registro Recepcion de componente RE-TAL-009','','PARTES RECIBIDAS','Carcaza de distribucion','checkbox','notilde',1000,NULL,'2018-07-30 00:35:27','1',116,1,'',80002,0,0,0,0,6),(117,'Registro Recepcion de componente RE-TAL-009','','PARTES RECIBIDAS','Resorte de valvulas','checkbox','notilde',1000,NULL,'2018-07-30 00:35:27','1',117,1,'',80002,0,0,0,0,6),(118,'Registro Recepcion de componente RE-TAL-009','','PARTES RECIBIDAS','Eje de balancines','checkbox','notilde',1000,NULL,'2018-07-30 00:35:27','1',118,1,'',80002,0,0,0,0,6),(119,'Registro Recepcion de componente RE-TAL-009','','PARTES RECIBIDAS','Tapa de inspeccion con respirador','checkbox','notilde',1000,NULL,'2018-07-30 00:35:27','1',119,1,'',80002,0,0,0,0,6),(120,'Registro Recepcion de componente RE-TAL-009','','PARTES RECIBIDAS','Multiple de escape','checkbox','notilde',1000,NULL,'2018-07-30 00:35:27','1',120,1,'',80002,0,0,0,0,6),(121,'Registro Recepcion de componente RE-TAL-009','','PARTES RECIBIDAS','Tuercas de tapas de cilindros','checkbox','notilde',1000,NULL,'2018-07-30 00:35:27','1',121,1,'',80002,0,0,0,0,6),(122,'Registro de control de calidad RE-TAL-016','Registro de Control de Calidad','Caracteristicas:','Armado','checkbox','',1200,NULL,'2018-07-31 12:50:43','1',1,2,'',80002,0,0,0,0,6),(123,'Registro de control de calidad RE-TAL-016','Registro de Control de Calidad','Caracteristicas:','Semi-Armado','checkbox','',1200,NULL,'2018-07-31 12:50:43','1',2,2,'',80002,0,0,0,0,6),(124,'Registro de control de calidad RE-TAL-016','Registro de Control de Calidad','Caracteristicas:','Desarmado','checkbox','',1200,NULL,'2018-07-31 12:50:43','1',3,2,'',80002,0,0,0,0,6),(125,'Registro de control de calidad RE-TAL-016','Bancada','Luz de Aceite','6','input_numerico','',1200,NULL,'2018-07-31 12:50:43','1',4,2,'',80002,0,0,0,0,6),(126,'Registro de control de calidad RE-TAL-016','Bancada','Luz de Aceite','7','input_numerico','',1200,NULL,'2018-07-31 12:50:43','1',5,2,'',80002,0,0,0,0,6),(127,'Registro de control de calidad RE-TAL-016','Bancada','Luz de Aceite','Marca de los Metales','select','',1200,NULL,'2018-07-31 12:50:43','1',6,2,'',80002,0,0,0,0,6),(128,'Registro de control de calidad RE-TAL-016','Bancada','Luz de Aceite','1','input_numerico','',1200,NULL,'2018-07-31 12:50:43','1',7,2,'',80002,0,0,0,0,6),(129,'Registro de control de calidad RE-TAL-016','Bancada','Luz de Aceite','Medidas:','input_numerico','',1200,NULL,'2018-07-31 12:50:43','1',8,2,'',80002,0,0,0,0,6),(130,'Registro de control de calidad RE-TAL-016','Bancada','Luz de Aceite','2','input_numerico','',1200,NULL,'2018-07-31 12:50:43','1',9,2,'',80002,0,0,0,0,6),(131,'Registro de control de calidad RE-TAL-016','Bancada','Luz de Aceite','Fabrica pide maxima y minima:','textarea','',1200,NULL,'2018-07-31 12:50:43','1',10,2,'',80002,0,0,0,0,6),(132,'Registro de control de calidad RE-TAL-016','Bancada','Luz de Aceite','3','input_numerico','',1200,NULL,'2018-07-31 12:50:43','1',11,2,'',80002,0,0,0,0,6),(133,'Registro de control de calidad RE-TAL-016','Bancada','Luz de Aceite','4','input_numerico','',1200,NULL,'2018-07-31 12:50:43','1',12,2,'',80002,0,0,0,0,6),(134,'Registro de control de calidad RE-TAL-016','Bancada','Luz de Aceite','5','input_numerico','',1200,NULL,'2018-07-31 12:50:43','1',13,2,'',80002,0,0,0,0,6),(135,'Registro de control de calidad RE-TAL-016','Bielas','Luz de aceite','Marca de los Metales:','select','',1200,NULL,'2018-07-31 12:50:43','1',14,2,'',80002,0,0,0,0,6),(136,'Registro de control de calidad RE-TAL-016','Bielas','Luz de aceite','3','input_numerico','',1200,NULL,'2018-07-31 12:50:43','1',15,2,'',80002,0,0,0,0,6),(137,'Registro de control de calidad RE-TAL-016','Bielas','Luz de aceite','Medida:','input_numerico','',1200,NULL,'2018-07-31 12:50:43','1',16,2,'',80002,0,0,0,0,6),(138,'Registro de control de calidad RE-TAL-016','Bielas','Luz de aceite','4','input_numerico','',1200,NULL,'2018-07-31 12:50:43','1',17,2,'',80002,0,0,0,0,6),(139,'Registro de control de calidad RE-TAL-016','Bielas','Luz de aceite','Fabrica pide maxima y minima:','textarea','',1200,NULL,'2018-07-31 12:50:43','1',18,2,'',80002,0,0,0,0,6),(140,'Registro de control de calidad RE-TAL-016','Bielas','Luz de aceite','5','input_numerico','',1200,NULL,'2018-07-31 12:50:43','1',19,2,'',80002,0,0,0,0,6),(141,'Registro de control de calidad RE-TAL-016','Bielas','Luz de aceite','6','input_numerico','',1200,NULL,'2018-07-31 12:50:43','1',20,2,'',80002,0,0,0,0,6),(142,'Registro de control de calidad RE-TAL-016','Bielas','Luz de aceite','7','input_numerico','',1200,NULL,'2018-07-31 12:50:43','1',21,2,'',80002,0,0,0,0,6),(143,'Registro de control de calidad RE-TAL-016','Bielas','Luz de aceite','8','input_numerico','',1200,NULL,'2018-07-31 12:50:43','1',22,2,'',80002,0,0,0,0,6),(144,'Registro de control de calidad RE-TAL-016','Bielas','Luz de aceite','Marca del Cigueñal:','input_numerico','',1200,NULL,'2018-07-31 12:50:43','1',23,2,'',80002,0,0,0,0,6),(145,'Registro de control de calidad RE-TAL-016','Bielas','Luz de aceite','9','input_numerico','',1200,NULL,'2018-07-31 12:50:43','1',24,2,'',80002,0,0,0,0,6),(146,'Registro de control de calidad RE-TAL-016','Bielas','Luz de aceite','1','input_numerico','',1200,NULL,'2018-07-31 12:50:43','1',25,2,'',80002,0,0,0,0,6),(147,'Registro de control de calidad RE-TAL-016','Bielas','Luz de aceite','10','input_numerico','',1200,NULL,'2018-07-31 12:50:43','1',26,2,'',80002,0,0,0,0,6),(148,'Registro de control de calidad RE-TAL-016','Bielas','Luz de aceite','2','input_numerico','',1200,NULL,'2018-07-31 12:50:43','1',27,2,'',80002,0,0,0,0,6),(149,'Registro de control de calidad RE-TAL-016','Cilindros','','4','input_numerico','',1200,NULL,'2018-07-31 12:50:43','1',28,2,'',80002,0,0,0,0,6),(150,'Registro de control de calidad RE-TAL-016','Cilindros','','4','input_numerico','',1200,NULL,'2018-07-31 12:50:43','1',29,2,'',80002,0,0,0,0,6),(151,'Registro de control de calidad RE-TAL-016','Cilindros','','5','input_numerico','',1200,NULL,'2018-07-31 12:50:43','1',30,2,'',80002,0,0,0,0,6),(152,'Registro de control de calidad RE-TAL-016','Cilindros','','6','input_numerico','',1200,NULL,'2018-07-31 12:50:43','1',31,2,'',80002,0,0,0,0,6),(153,'Registro de control de calidad RE-TAL-016','Cilindros','','Estado:','select','',1200,NULL,'2018-07-31 12:50:43','1',32,2,'',80002,0,0,0,0,6),(154,'Registro de control de calidad RE-TAL-016','Cilindros','','7','input_numerico','',1200,NULL,'2018-07-31 12:50:43','1',33,2,'',80002,0,0,0,0,6),(155,'Registro de control de calidad RE-TAL-016','Cilindros','','Medidas de camisa:','input_numerico','',1200,NULL,'2018-07-31 12:50:43','1',34,2,'',80002,0,0,0,0,6),(156,'Registro de control de calidad RE-TAL-016','Cilindros','','8','input_numerico','',1200,NULL,'2018-07-31 12:50:43','1',35,2,'',80002,0,0,0,0,6),(157,'Registro de control de calidad RE-TAL-016','Cilindros','','1','input_numerico','',1200,NULL,'2018-07-31 12:50:43','1',36,2,'',80002,0,0,0,0,6),(158,'Registro de control de calidad RE-TAL-016','Cilindros','','Marca de Piston:','input_numerico','',1200,NULL,'2018-07-31 12:50:43','1',37,2,'',80002,0,0,0,0,6),(159,'Registro de control de calidad RE-TAL-016','Cilindros','','2','input_numerico','',1200,NULL,'2018-07-31 12:50:43','1',38,2,'',80002,0,0,0,0,6),(160,'Registro de control de calidad RE-TAL-016','Cilindros','','3','input_numerico','',1200,NULL,'2018-07-31 12:50:43','1',39,2,'',80002,0,0,0,0,6),(161,'Registro de control de calidad RE-TAL-016','Levas','Luz de aceite:','2','input_numerico','',1200,NULL,'2018-07-31 12:50:43','1',40,2,'',80002,0,0,0,0,6),(162,'Registro de control de calidad RE-TAL-016','Levas','Luz de aceite:','3','input_numerico','',1200,NULL,'2018-07-31 12:50:43','1',41,2,'',80002,0,0,0,0,6),(163,'Registro de control de calidad RE-TAL-016','Levas','Luz de aceite:','4','input_numerico','',1200,NULL,'2018-07-31 12:50:43','1',42,2,'',80002,0,0,0,0,6),(164,'Registro de control de calidad RE-TAL-016','Levas','Luz de aceite:','Otros:','textarea','',1200,NULL,'2018-07-31 12:50:43','1',43,2,'',80002,0,0,0,0,6),(165,'Registro de control de calidad RE-TAL-016','Levas','Luz de aceite:','1','input_numerico','',1200,NULL,'2018-07-31 12:50:43','1',44,2,'',80002,0,0,0,0,6),(166,'Registro de control de calidad RE-TAL-016','Levas','Medidas del Ap. Levas:','Otros:','textarea','',1200,NULL,'2018-07-31 12:50:43','1',45,2,'',80002,0,0,0,0,6),(167,'Registro de control de calidad RE-TAL-016','Levas','Medidas del Ap. Levas:','1','input_numerico','',1200,NULL,'2018-07-31 12:50:43','1',46,2,'',80002,0,0,0,0,6),(168,'Registro de control de calidad RE-TAL-016','Levas','Medidas del Ap. Levas:','2','input_numerico','',1200,NULL,'2018-07-31 12:50:43','1',47,2,'',80002,0,0,0,0,6),(169,'Registro de control de calidad RE-TAL-016','Levas','Medidas del Ap. Levas:','3','input_numerico','',1200,NULL,'2018-07-31 12:50:43','1',48,2,'',80002,0,0,0,0,6),(170,'Registro de control de calidad RE-TAL-016','Levas','Medidas del Ap. Levas:','4','input_numerico','',1200,NULL,'2018-07-31 12:50:43','1',49,2,'',80002,0,0,0,0,6),(171,'Registro de control de calidad RE-TAL-016','Levas','Eje de mando:','Observaciones:','textarea','',1200,NULL,'2018-07-31 12:50:43','1',50,2,'',80002,0,0,0,0,6),(172,'Registro de control de calidad RE-TAL-016','Levas','Fabrica pide maxima y minima','','textarea','',1200,NULL,'2018-07-31 12:50:43','1',51,2,'',80002,0,0,0,0,6),(173,'Registro de control de calidad RE-TAL-016','Cigueñal:','Reten:','Amianto:','input_numerico','',1200,NULL,'2018-07-31 12:50:43','1',52,2,'',80002,0,0,0,0,6),(174,'Registro de control de calidad RE-TAL-016','Cigueñal:','Reten:','Rosca:','input_numerico','',1200,NULL,'2018-07-31 12:50:43','1',53,2,'',80002,0,0,0,0,6),(175,'Registro de control de calidad RE-TAL-016','Cigueñal:','Reten:','Luz:','input_numerico','',1200,NULL,'2018-07-31 12:50:43','1',54,2,'',80002,0,0,0,0,6),(176,'Registro de control de calidad RE-TAL-016','Cigueñal:','Reten:','Estado de Leva:','select','',1200,NULL,'2018-07-31 12:50:43','1',55,2,'',80002,0,0,0,0,6),(177,'Registro de control de calidad RE-TAL-016','Cigueñal:','Axial:','De cigueñal:','textarea','',1200,NULL,'2018-07-31 12:50:43','1',56,2,'',80002,0,0,0,0,6),(178,'Registro de control de calidad RE-TAL-016','Cigueñal:','Biela de Compresor:','Luz de Aceite:','input_numerico','',1200,NULL,'2018-07-31 12:50:43','1',57,2,'',80002,0,0,0,0,6),(179,'Registro de control de calidad RE-TAL-016','Cigueñal:','Biela de Compresor:','Medida:','input_numerico','',1200,NULL,'2018-07-31 12:50:43','1',58,2,'',80002,0,0,0,0,6),(180,'Registro de control de calidad RE-TAL-016','Cigueñal:','Cilindro de Compresor:','Luz:','input_numerico','',1200,NULL,'2018-07-31 12:50:43','1',59,2,'',80002,0,0,0,0,6),(181,'Registro de control de calidad RE-TAL-016','Cigueñal:','Cilindro de Compresor:','Estado:','select','',1200,NULL,'2018-07-31 12:50:43','1',60,2,'',80002,0,0,0,0,6),(182,'Registro de control de calidad RE-TAL-016','Cigueñal:','Cilindro de Compresor:','Medida:','input_numerico','',1200,NULL,'2018-07-31 12:50:43','1',61,2,'',80002,0,0,0,0,6),(183,'Registro de control de calidad RE-TAL-016','Cigueñal:','Otros:','Bancadas:','input_numerico','',1200,NULL,'2018-07-31 12:50:43','1',62,2,'',80002,0,0,0,0,6),(184,'Registro de control de calidad RE-TAL-016','Cigueñal:','Otros:','Radio Biela Compresor:','input_numerico','',1200,NULL,'2018-07-31 12:50:43','1',63,2,'',80002,0,0,0,0,6),(185,'Registro de control de calidad RE-TAL-016','Cigueñal:','Otros:','Alojamiento Bielas:','input_numerico','',1200,NULL,'2018-07-31 12:50:43','1',64,2,'',80002,0,0,0,0,6),(186,'Registro de control de calidad RE-TAL-016','Cigueñal:','Otros:','Luz de Pernos:','input_numerico','',1200,NULL,'2018-07-31 12:50:43','1',65,2,'',80002,0,0,0,0,6),(187,'Registro de control de calidad RE-TAL-016','Cigueñal:','Otros:','Bancadas:','input_numerico','',1200,NULL,'2018-07-31 12:50:43','1',66,2,'',80002,0,0,0,0,6),(188,'Registro de control de calidad RE-TAL-016','Cigueñal:','Otros:','Radio de Biela de Cigueñal:','input_numerico','',1200,NULL,'2018-07-31 12:50:43','1',67,2,'',80002,0,0,0,0,6),(189,'Registro de control de calidad RE-TAL-016','Cigueñal:','Otros:','Cigueñal Biela:','input_numerico','',1200,NULL,'2018-07-31 12:50:43','1',68,2,'',80002,0,0,0,0,6),(190,'Registro de control de calidad RE-TAL-016','Cigueñal:','Otros:','Radio de Bancada de Cigueñal:','input_numerico','',1200,NULL,'2018-07-31 12:50:43','1',69,2,'',80002,0,0,0,0,6),(191,'Registro de control de calidad RE-TAL-016','Balanceo de Biela:','Control de peso:','4','input_numerico','',1200,NULL,'2018-07-31 12:50:43','1',70,2,'',80002,0,0,0,0,6),(192,'Registro de control de calidad RE-TAL-016','Balanceo de Biela:','Control de peso:','5','input_numerico','',1200,NULL,'2018-07-31 12:50:43','1',71,2,'',80002,0,0,0,0,6),(193,'Registro de control de calidad RE-TAL-016','Balanceo de Biela:','Control de peso:','6','input_numerico','',1200,NULL,'2018-07-31 12:50:43','1',72,2,'',80002,0,0,0,0,6),(194,'Registro de control de calidad RE-TAL-016','Balanceo de Biela:','Control de peso:','7','input_numerico','',1200,NULL,'2018-07-31 12:50:43','1',73,2,'',80002,0,0,0,0,6),(195,'Registro de control de calidad RE-TAL-016','Balanceo de Biela:','Control de peso:','8','input_numerico','',1200,NULL,'2018-07-31 12:50:43','1',74,2,'',80002,0,0,0,0,6),(196,'Registro de control de calidad RE-TAL-016','Balanceo de Biela:','Control de peso:','1','input_numerico','',1200,NULL,'2018-07-31 12:50:43','1',75,2,'',80002,0,0,0,0,6),(197,'Registro de control de calidad RE-TAL-016','Balanceo de Biela:','Control de peso:','9','input_numerico','',1200,NULL,'2018-07-31 12:50:43','1',76,2,'',80002,0,0,0,0,6),(198,'Registro de control de calidad RE-TAL-016','Balanceo de Biela:','Control de peso:','2','input_numerico','',1200,NULL,'2018-07-31 12:50:43','1',77,2,'',80002,0,0,0,0,6),(199,'Registro de control de calidad RE-TAL-016','Balanceo de Biela:','Control de peso:','Observaciones:','textarea','',1200,NULL,'2018-07-31 12:50:43','1',78,2,'',80002,0,0,0,0,6),(200,'Registro de control de calidad RE-TAL-016','Balanceo de Biela:','Control de peso:','3','input_numerico','',1200,NULL,'2018-07-31 12:50:43','1',79,2,'',80002,0,0,0,0,6),(201,'Registro de control de calidad RE-TAL-016','Otros:','Control de Bomba de Aceite con Arbol de Levas:','Estado:','select','',1200,NULL,'2018-07-31 12:50:43','1',80,2,'',80002,0,0,0,0,6),(202,'Registro de control de calidad RE-TAL-016','Otros:','Control de Bomba de Aceite con Arbol de Levas:','Presion Alta:','input_numerico','',1200,NULL,'2018-07-31 12:50:43','1',81,2,'',80002,0,0,0,0,6),(203,'Registro de control de calidad RE-TAL-016','Otros:','Control de Bomba de Aceite con Arbol de Levas:','Presion Baja:','input_numerico','',1200,NULL,'2018-07-31 12:50:43','1',82,2,'',80002,0,0,0,0,6),(204,'Registro de control de calidad RE-TAL-016','Otros:','Control de Bomba de Aceite con Arbol de Levas:','Medida:','input_numerico','',1200,NULL,'2018-07-31 12:50:43','1',83,2,'',80002,0,0,0,0,6),(205,'Registro de control de calidad RE-TAL-016','Otros:','Luz de Axial:','De Bielas:','input_numerico','',1200,NULL,'2018-07-31 12:50:43','1',84,2,'',80002,0,0,0,0,6),(206,'Registro de control de calidad RE-TAL-016','Otros:','Block:','Tiene rosca:','input_numerico','',1200,NULL,'2018-07-31 12:50:43','1',85,2,'',80002,0,0,0,0,6),(207,'Registro de control de calidad RE-TAL-016','Otros:','Block:','Tapa de distribucion:','input_numerico','',1200,NULL,'2018-07-31 12:50:43','1',86,2,'',80002,0,0,0,0,6),(208,'Registro de control de calidad RE-TAL-016','Otros:','Block:','Tapa de Cilindros:','input_numerico','',1200,NULL,'2018-07-31 12:50:43','1',87,2,'',80002,0,0,0,0,6),(209,'Registro de control de calidad RE-TAL-016','Otros:','Botadores:','Luz entre aloj. y botador:','input_numerico','',1200,NULL,'2018-07-31 12:50:43','1',88,2,'',80002,0,0,0,0,6),(210,'Registro de control de calidad RE-TAL-016','Otros:','Engranajes:','En que estado estan:','input_numerico','',1200,NULL,'2018-07-31 12:50:43','1',89,2,'',80002,0,0,0,0,6),(211,'Registro de control de calidad RE-TAL-016','Otros:','Conductos de agua:','Repasar:','textarea','',1200,NULL,'2018-07-31 12:50:43','1',90,2,'',80002,0,0,0,0,6),(212,'Registro de control de calidad RE-TAL-016','Otros:','Controlar:','Conductos de aceite de leva:','textarea','',1200,NULL,'2018-07-31 12:50:43','1',91,2,'',80002,0,0,0,0,6),(213,'Registro de control de calidad RE-TAL-016','Otros:','Controlar:','Block:','textarea','',1200,NULL,'2018-07-31 12:50:43','1',92,2,'',80002,0,0,0,0,6),(214,'Registro de control de calidad RE-TAL-016','Otros:','Luz de Canaletas de Aros:','En el Piston:','textarea','',1200,NULL,'2018-07-31 12:50:43','1',93,2,'',80002,0,0,0,0,6),(215,'Registro de control de calidad RE-TAL-016','Otros:','Balanceo de:','Cigueñal:','input_numerico','',1200,NULL,'2018-07-31 12:50:43','1',94,2,'',80002,0,0,0,0,6),(216,'Registro de control de calidad RE-TAL-016','Otros:','Balanceo de:','Volante:','input_numerico','',1200,NULL,'2018-07-31 12:50:43','1',95,2,'',80002,0,0,0,0,6),(217,'Registro de control de calidad RE-TAL-016','Otros:','Balanceo de:','Polea:','input_numerico','',1200,NULL,'2018-07-31 12:50:43','1',96,2,'',80002,0,0,0,0,6),(218,'Registro de control de calidad RE-TAL-016','Otros:','Escuadra de:','Pistones:','input_numerico','',1200,NULL,'2018-07-31 12:50:43','1',97,2,'',80002,0,0,0,0,6),(219,'Registro de control de calidad RE-TAL-016','Otros:','Escuadra de:','Bielas:','input_numerico','',1200,NULL,'2018-07-31 12:50:43','1',98,2,'',80002,0,0,0,0,6),(220,'Registro de control de calidad RE-TAL-016','Otros:','Altura de:','Camisas:','input_numerico','',1200,NULL,'2018-07-31 12:50:43','1',99,2,'',80002,0,0,0,0,6),(221,'Registro de control de calidad RE-TAL-016','Otros:','Altura de:','Polea:','input_numerico','',1200,NULL,'2018-07-31 12:50:43','1',100,2,'',80002,0,0,0,0,6),(222,'Registro de control de calidad RE-TAL-016','Otros:','Repasar rosca de tapa distribucion de:','Aluminio:','input_numerico','',1200,NULL,'2018-07-31 12:50:43','1',101,2,'',80002,0,0,0,0,6),(223,'Registro de control de calidad RE-TAL-016','Otros:','Repasar rosca de tapa distribucion de:','Placa:','input_numerico','',1200,NULL,'2018-07-31 12:50:43','1',102,2,'',80002,0,0,0,0,6),(224,'Registro de control de calidad RE-TAL-016','CONTROLAR','','Controlar Tornillos de Contrapesos y apretar','textarea','',1200,NULL,'2018-07-31 12:50:43','1',103,2,'',80002,0,0,0,0,6),(225,'Registro de control de calidad RE-TAL-016','CONTROLAR','','Largo de Tornillos de Bancadas y Bielas','textarea','',1200,NULL,'2018-07-31 12:50:43','1',104,2,'',80002,0,0,0,0,6),(226,'Registro de control de calidad RE-TAL-016','CONTROLAR','','Aceite, si estan hermanadas','textarea','',1200,NULL,'2018-07-31 12:50:43','1',105,2,'',80002,0,0,0,0,6),(227,'Registro de control de calidad RE-TAL-016','CONTROLAR','','Altura Pistones','textarea','',1200,NULL,'2018-07-31 12:50:43','1',106,2,'',80002,0,0,0,0,6),(228,'Registro de control de calidad RE-TAL-016','CONTROLAR','','Apretar con Kilos o Grados','textarea','',1200,NULL,'2018-07-31 12:50:43','1',107,2,'',80002,0,0,0,0,6),(229,'Registro de control de calidad RE-TAL-016','CONTROLAR','','Tapones Varios y Medidas','textarea','',1200,NULL,'2018-07-31 12:50:43','1',108,2,'',80002,0,0,0,0,6),(230,'Registro de control de calidad RE-TAL-016','CONTROLAR','','Luz entre Dientes de engranajes de Distribucion','textarea','',1200,NULL,'2018-07-31 12:50:43','1',109,2,'',80002,0,0,0,0,6),(231,'Registro de control de calidad RE-TAL-016','CONTROLAR','','Engranaje Bomba de Aceite, varios','textarea','',1200,NULL,'2018-07-31 12:50:43','1',110,2,'',80002,0,0,0,0,6),(232,'Registro de control de calidad RE-TAL-016','CONTROLAR','','Indique apriete de Biela','textarea','',1200,NULL,'2018-07-31 12:50:43','1',111,2,'',80002,0,0,0,0,6),(233,'Registro de control de calidad RE-TAL-016','CONTROLAR','','Taponar Cigueñal','textarea','',1200,NULL,'2018-07-31 12:50:43','1',112,2,'',80002,0,0,0,0,6),(234,'Registro de control de calidad RE-TAL-016','CONTROLAR','','Carcaza de Distribucion, Leva y Bomba Inyectora','textarea','',1200,NULL,'2018-07-31 12:50:43','1',113,2,'',80002,0,0,0,0,6),(235,'Registro de control de calidad RE-TAL-016','CONTROLAR','','Piezas de alumino, varios','textarea','',1200,NULL,'2018-07-31 12:50:43','1',114,2,'',80002,0,0,0,0,6),(236,'Registro de control de calidad RE-TAL-016','CONTROLAR','','Indique apriete de Bancada','textarea','',1200,NULL,'2018-07-31 12:50:43','1',115,2,'',80002,0,0,0,0,6),(237,'Registro de control de calidad RE-TAL-016','CONTROLAR','','Seguro de Pistones, varios','textarea','',1200,NULL,'2018-07-31 12:50:43','1',116,2,'',80002,0,0,0,0,6),(238,'Registro de control de calidad RE-TAL-016','CONTROLAR','','Escuadra de Pistones','textarea','',1200,NULL,'2018-07-31 12:50:43','1',117,2,'',80002,0,0,0,0,6),(239,'Registro de control de calidad RE-TAL-016','CONTROLAR','','Conducto Aceite - Muñon de Leva y de Compresor','textarea','',1200,NULL,'2018-07-31 12:50:43','1',118,2,'',80002,0,0,0,0,6),(240,'Registro de control de calidad RE-TAL-016','CONTROLAR','','Lugar:','input_numerico','',1200,NULL,'2018-07-31 12:50:43','1',119,2,'',80002,0,0,0,0,6),(241,'Registro de control de calidad RE-TAL-016','CONTROLAR','','Botadores si pasan por el Block y da, medidas varias','textarea','',1200,NULL,'2018-07-31 12:50:43','1',120,2,'',80002,0,0,0,0,6),(242,'Registro de control de calidad RE-TAL-016','CONTROLAR','','Medir Centros de Agujeros, Pistones','textarea','',1200,NULL,'2018-07-31 12:50:43','1',121,2,'',80002,0,0,0,0,6),(243,'Registro de control de calidad RE-TAL-016','CONTROLAR','','Ruleman de cola de Cigueñal','textarea','',1200,NULL,'2018-07-31 12:50:43','1',122,2,'',80002,0,0,0,0,6),(244,'Registro de control de calidad RE-TAL-016','CONTROLAR','','Torsion de Cigueñal','textarea','',1200,NULL,'2018-07-31 12:50:43','1',123,2,'',80002,0,0,0,0,6),(245,'Registro de control de calidad RE-TAL-016','CONTROLAR','','Medidas eje, Mando Perkins 6354','textarea','',1200,NULL,'2018-07-31 12:50:43','1',124,2,'',80002,0,0,0,0,6),(246,'Registro de control de calidad RE-TAL-016','CONTROLAR','','Excentricos 1518 y 1114','textarea','',1200,NULL,'2018-07-31 12:50:43','1',125,2,'',80002,0,0,0,0,6),(247,'Registro de control de calidad RE-TAL-016','CONTROLAR','','Biselado de conductos de aceites del Cigueñal','textarea','',1200,NULL,'2018-07-31 12:50:43','1',126,2,'',80002,0,0,0,0,6),(248,'Registro de control de calidad RE-TAL-016','CONTROLAR','','Chapa de Identificacion','textarea','',1200,NULL,'2018-07-31 12:50:43','1',127,2,'',80002,0,0,0,0,6),(249,'Registro de control de calidad RE-TAL-016','CONTROLAR','','Caño de Bancada Central-Aceite','textarea','',1200,NULL,'2018-07-31 12:50:43','1',128,2,'',80002,0,0,0,0,6),(250,'Registro de control de calidad RE-TAL-016','CONTROLAR','','Tapones Lubricacion de Eje, Mando Perkins 6354','textarea','',1200,NULL,'2018-07-31 12:50:43','1',129,2,'',80002,0,0,0,0,6),(251,'Registro de control de calidad RE-TAL-016','CONTROLAR','','Medir Reten de Bancada.','textarea','',1200,NULL,'2018-07-31 12:50:43','1',130,2,'',80002,0,0,0,0,6),(252,'Registro de control de calidad RE-TAL-016','CONTROLAR','','Block Rellenado:','input_numerico','',1200,NULL,'2018-07-31 12:50:43','1',131,2,'',80002,0,0,0,0,6),(253,'Registro de control de calidad RE-TAL-016','CONTROLAR','','Desplazamiento de Carcaza, Distribucion','textarea','',1200,NULL,'2018-07-31 12:50:43','1',132,2,'',80002,0,0,0,0,6),(254,'Registro de control de calidad RE-TAL-016','CONTROLAR','','Angulo de Brunido','textarea','',1200,NULL,'2018-07-31 12:50:43','1',133,2,'',80002,0,0,0,0,6),(255,'Registro de control de calidad RE-TAL-016','CONTROLAR','','Controlar engranaje de Arbol de Levas y Bomba de','textarea','',1200,NULL,'2018-07-31 12:50:43','1',134,2,'',80002,0,0,0,0,6),(256,'Registro de control de calidad RE-TAL-016','CONTROLAR','','Controlar Rosca, Cigueñal varios y Reten','textarea','',1200,NULL,'2018-07-31 12:50:43','1',135,2,'',80002,0,0,0,0,6),(257,'Registro de control de calidad RE-TAL-016','CONTROLAR','','Soldado:','input_numerico','',1200,NULL,'2018-07-31 12:50:43','1',136,2,'',80002,0,0,0,0,6),(258,'Registro de control de calidad block RE-TAL-017','Control de Calidad','Caracteristicas:','Armado Completo','checkbox','',1201,NULL,'2018-07-31 18:06:09','1',1,3,'',80002,0,0,0,0,6),(259,'Registro de control de calidad block RE-TAL-017','Control de Calidad','Caracteristicas:','Motor:','input_numerico','',1201,NULL,'2018-07-31 18:06:09','1',2,3,'',80002,0,0,0,0,6),(260,'Registro de control de calidad block RE-TAL-017','Control de Calidad','Caracteristicas:','Semi-Armado','checkbox','',1201,NULL,'2018-07-31 18:06:09','1',3,3,'',80002,0,0,0,0,6),(261,'Registro de control de calidad block RE-TAL-017','Block Cigueñal','1-Lavado de Block','Realizar','select','',1201,NULL,'2018-07-31 18:06:09','1',4,3,'',80002,0,0,0,0,6),(262,'Registro de control de calidad block RE-TAL-017','Block Cigueñal','1-Lavado de Block','Observaciones:','textarea','',1201,NULL,'2018-07-31 18:06:09','1',5,3,'',80002,0,0,0,0,6),(263,'Registro de control de calidad block RE-TAL-017','Block Cigueñal','1-Lavado de Block','Estado:','select','',1201,NULL,'2018-07-31 18:06:09','1',6,3,'',80002,0,0,0,0,6),(264,'Registro de control de calidad block RE-TAL-017','Block Cigueñal','Control de Limpieza de Conductor de Aceite','Realizar','select','',1201,NULL,'2018-07-31 18:06:09','1',7,3,'',80002,0,0,0,0,6),(265,'Registro de control de calidad block RE-TAL-017','Block Cigueñal','Control de Limpieza de Conductor de Aceite','Observaciones:','textarea','',1201,NULL,'2018-07-31 18:06:09','1',8,3,'',80002,0,0,0,0,6),(266,'Registro de control de calidad block RE-TAL-017','Block Cigueñal','Control de Limpieza de Conductor de Aceite','Estado:','select','',1201,NULL,'2018-07-31 18:06:09','1',9,3,'',80002,0,0,0,0,6),(267,'Registro de control de calidad block RE-TAL-017','Block Cigueñal','Colocar tapones de Lubricacion y refrigeracion (Pegamento)','Realizar:','select','',1201,NULL,'2018-07-31 18:06:09','1',10,3,'',80002,0,0,0,0,6),(268,'Registro de control de calidad block RE-TAL-017','Block Cigueñal','Colocar tapones de Lubricacion y refrigeracion (Pegamento)','Observacion:','textarea','',1201,NULL,'2018-07-31 18:06:09','1',11,3,'',80002,0,0,0,0,6),(269,'Registro de control de calidad block RE-TAL-017','Block Cigueñal','Colocar tapones de Lubricacion y refrigeracion (Pegamento)','Estado:','select','',1201,NULL,'2018-07-31 18:06:09','1',12,3,'',80002,0,0,0,0,6),(270,'Registro de control de calidad block RE-TAL-017','Block Cigueñal','2-Hacer limpieza fina de cojinetes','Realizar:','select','',1201,NULL,'2018-07-31 18:06:09','1',13,3,'',80002,0,0,0,0,6),(271,'Registro de control de calidad block RE-TAL-017','Block Cigueñal','2-Hacer limpieza fina de cojinetes','Observaciones:','textarea','',1201,NULL,'2018-07-31 18:06:09','1',14,3,'',80002,0,0,0,0,6),(272,'Registro de control de calidad block RE-TAL-017','Block Cigueñal','2-Hacer limpieza fina de cojinetes','Estado:','select','',1201,NULL,'2018-07-31 18:06:09','1',15,3,'',80002,0,0,0,0,6),(273,'Registro de control de calidad block RE-TAL-017','Block Cigueñal','Friccionar con lubricante Molykote Limpiar y lubricar con Bardhal','Estado:','select','',1201,NULL,'2018-07-31 18:06:09','1',16,3,'',80002,0,0,0,0,6),(274,'Registro de control de calidad block RE-TAL-017','Block Cigueñal','Friccionar con lubricante Molykote Limpiar y lubricar con Bardhal','Realizar:','select','',1201,NULL,'2018-07-31 18:06:09','1',17,3,'',80002,0,0,0,0,6),(275,'Registro de control de calidad block RE-TAL-017','Block Cigueñal','Friccionar con lubricante Molykote Limpiar y lubricar con Bardhal','Observaciones:','textarea','',1201,NULL,'2018-07-31 18:06:09','1',18,3,'',80002,0,0,0,0,6),(276,'Registro de control de calidad block RE-TAL-017','Block Cigueñal','Colocar cojinetes en sus alojamientos','Realizar:','select','',1201,NULL,'2018-07-31 18:06:09','1',19,3,'',80002,0,0,0,0,6),(277,'Registro de control de calidad block RE-TAL-017','Block Cigueñal','Colocar cojinetes en sus alojamientos','Observaciones:','textarea','',1201,NULL,'2018-07-31 18:06:09','1',20,3,'',80002,0,0,0,0,6),(278,'Registro de control de calidad block RE-TAL-017','Block Cigueñal','Colocar cojinetes en sus alojamientos','Estado:','select','',1201,NULL,'2018-07-31 18:06:09','1',21,3,'',80002,0,0,0,0,6),(279,'Registro de control de calidad block RE-TAL-017','Block Cigueñal','3. Limpieza de Cigueñal. Verificar limpieza de conductos de aceite','Realizar:','select','',1201,NULL,'2018-07-31 18:06:09','1',22,3,'',80002,0,0,0,0,6),(280,'Registro de control de calidad block RE-TAL-017','Block Cigueñal','3. Limpieza de Cigueñal. Verificar limpieza de conductos de aceite','Observaciones:','textarea','',1201,NULL,'2018-07-31 18:06:09','1',23,3,'',80002,0,0,0,0,6),(281,'Registro de control de calidad block RE-TAL-017','Block Cigueñal','3. Limpieza de Cigueñal. Verificar limpieza de conductos de aceite','Estado:','select','',1201,NULL,'2018-07-31 18:06:09','1',24,3,'',80002,0,0,0,0,6),(282,'Registro de control de calidad block RE-TAL-017','Block Cigueñal','Montar el cigueñal. Verificar el chavetero y trinquero','Observaciones:','textarea','',1201,NULL,'2018-07-31 18:06:09','1',25,3,'',80002,0,0,0,0,6),(283,'Registro de control de calidad block RE-TAL-017','Block Cigueñal','Montar el cigueñal. Verificar el chavetero y trinquero','Estado:','select','',1201,NULL,'2018-07-31 18:06:09','1',26,3,'',80002,0,0,0,0,6),(284,'Registro de control de calidad block RE-TAL-017','Block Cigueñal','Montar el cigueñal. Verificar el chavetero y trinquero','Realizar:','select','',1201,NULL,'2018-07-31 18:06:09','1',27,3,'',80002,0,0,0,0,6),(285,'Registro de control de calidad block RE-TAL-017','Block Cigueñal','Ajustar tapas de bancadas.','Realizar:','select','',1201,NULL,'2018-07-31 18:06:09','1',28,3,'',80002,0,0,0,0,6),(286,'Registro de control de calidad block RE-TAL-017','Block Cigueñal','Ajustar tapas de bancadas.','Observaciones:','textarea','',1201,NULL,'2018-07-31 18:06:09','1',29,3,'',80002,0,0,0,0,6),(287,'Registro de control de calidad block RE-TAL-017','Block Cigueñal','Ajustar tapas de bancadas.','Estado:','select','',1201,NULL,'2018-07-31 18:06:09','1',30,3,'',80002,0,0,0,0,6),(288,'Registro de control de calidad block RE-TAL-017','Block Cigueñal','Controlar el giro liviano de cigueñal','Realizar:','select','',1201,NULL,'2018-07-31 18:06:09','1',31,3,'',80002,0,0,0,0,6),(289,'Registro de control de calidad block RE-TAL-017','Block Cigueñal','Controlar el giro liviano de cigueñal','Observaciones:','textarea','',1201,NULL,'2018-07-31 18:06:09','1',32,3,'',80002,0,0,0,0,6),(290,'Registro de control de calidad block RE-TAL-017','Block Cigueñal','Controlar el giro liviano de cigueñal','Estado:','select','',1201,NULL,'2018-07-31 18:06:09','1',33,3,'',80002,0,0,0,0,6),(291,'Registro de control de calidad block RE-TAL-017','Block Cigueñal','Ajustar contrapesos correspondientes','Realizar:','select','',1201,NULL,'2018-07-31 18:06:09','1',34,3,'',80002,0,0,0,0,6),(292,'Registro de control de calidad block RE-TAL-017','Block Cigueñal','Ajustar contrapesos correspondientes','Observaciones:','textarea','',1201,NULL,'2018-07-31 18:06:09','1',35,3,'',80002,0,0,0,0,6),(293,'Registro de control de calidad block RE-TAL-017','Block Cigueñal','Ajustar contrapesos correspondientes','Estado:','select','',1201,NULL,'2018-07-31 18:06:09','1',36,3,'',80002,0,0,0,0,6),(294,'Registro de control de calidad block RE-TAL-017','Block Cigueñal','Controlar Alojamiento de O\'ring de camisas','Realizar:','select','',1201,NULL,'2018-07-31 18:06:09','1',37,3,'',80002,0,0,0,0,6),(295,'Registro de control de calidad block RE-TAL-017','Block Cigueñal','Controlar Alojamiento de O\'ring de camisas','Observaciones:','textarea','',1201,NULL,'2018-07-31 18:06:09','1',38,3,'',80002,0,0,0,0,6),(296,'Registro de control de calidad block RE-TAL-017','Block Cigueñal','Controlar Alojamiento de O\'ring de camisas','Estado:','select','',1201,NULL,'2018-07-31 18:06:09','1',39,3,'',80002,0,0,0,0,6),(297,'Registro de control de calidad block RE-TAL-017','Block Cigueñal','* Colocar Camisas Humedas','Estado:','select','',1201,NULL,'2018-07-31 18:06:09','1',40,3,'',80002,0,0,0,0,6),(298,'Registro de control de calidad block RE-TAL-017','Block Cigueñal','* Colocar Camisas Humedas','Realizar:','select','',1201,NULL,'2018-07-31 18:06:09','1',41,3,'',80002,0,0,0,0,6),(299,'Registro de control de calidad block RE-TAL-017','Block Cigueñal','* Colocar Camisas Humedas','Observaciones:','textarea','',1201,NULL,'2018-07-31 18:06:09','1',42,3,'',80002,0,0,0,0,6),(300,'Registro de control de calidad block RE-TAL-017','Block Cigueñal','Controlar su ubicacion y altura','Realizar:','select','',1201,NULL,'2018-07-31 18:06:09','1',43,3,'',80002,0,0,0,0,6),(301,'Registro de control de calidad block RE-TAL-017','Block Cigueñal','Controlar su ubicacion y altura','Observaciones:','textarea','',1201,NULL,'2018-07-31 18:06:09','1',44,3,'',80002,0,0,0,0,6),(302,'Registro de control de calidad block RE-TAL-017','Block Cigueñal','Controlar su ubicacion y altura','Estado:','select','',1201,NULL,'2018-07-31 18:06:09','1',45,3,'',80002,0,0,0,0,6),(303,'Registro de control de calidad block RE-TAL-017','Block Cigueñal','Marcar si lleva juntas de camisas (laminas)','Realizar:','select','',1201,NULL,'2018-07-31 18:06:09','1',46,3,'',80002,0,0,0,0,6),(304,'Registro de control de calidad block RE-TAL-017','Block Cigueñal','Marcar si lleva juntas de camisas (laminas)','Observaciones:','textarea','',1201,NULL,'2018-07-31 18:06:09','1',47,3,'',80002,0,0,0,0,6),(305,'Registro de control de calidad block RE-TAL-017','Block Cigueñal','Marcar si lleva juntas de camisas (laminas)','Estado:','select','',1201,NULL,'2018-07-31 18:06:09','1',48,3,'',80002,0,0,0,0,6),(306,'Registro de control de calidad block RE-TAL-017','Paro de armado:','Descripcion:','Fecha:','input_numerico','',1201,NULL,'2018-07-31 18:06:09','1',49,3,'',80002,0,0,0,0,6),(307,'Registro de control de calidad block RE-TAL-017','Paro de armado:','Descripcion:','Motivo:','textarea','',1201,NULL,'2018-07-31 18:06:09','1',50,3,'',80002,0,0,0,0,6),(308,'Registro de control de calidad block RE-TAL-017','Paro de armado:','Descripcion 2:','Motivo:','textarea','',1201,NULL,'2018-07-31 18:06:09','1',51,3,'',80002,0,0,0,0,6),(309,'Registro de control de calidad block RE-TAL-017','Paro de armado:','Descripcion 2:','Fecha:','input_numerico','',1201,NULL,'2018-07-31 18:06:09','1',52,3,'',80002,0,0,0,0,6),(310,'Registro de control de calidad block RE-TAL-017','Paro de armado:','Descripcion 3:','Motivo:','textarea','',1201,NULL,'2018-07-31 18:06:09','1',53,3,'',80002,0,0,0,0,6),(311,'Registro de control de calidad block RE-TAL-017','Paro de armado:','Descripcion 3:','Fecha:','input_numerico','',1201,NULL,'2018-07-31 18:06:09','1',54,3,'',80002,0,0,0,0,6);
/*!40000 ALTER TABLE `frm_formularios_completados` ENABLE KEYS */;
UNLOCK TABLES;

--
-- Table structure for table `frm_grupos`
--

DROP TABLE IF EXISTS `frm_grupos`;
/*!40101 SET @saved_cs_client     = @@character_set_client */;
/*!40101 SET character_set_client = utf8 */;
CREATE TABLE `frm_grupos` (
  `GRUP_ID` int(11) NOT NULL AUTO_INCREMENT,
  `NOMBRE` varchar(1000) NOT NULL,
  `PISTA` varchar(1000) DEFAULT NULL,
  `FEC_CREACION` timestamp NOT NULL DEFAULT CURRENT_TIMESTAMP,
  `CATE_ID` int(11) DEFAULT NULL,
  `ORDEN` int(11) DEFAULT NULL,
  PRIMARY KEY (`GRUP_ID`)
) ENGINE=InnoDB AUTO_INCREMENT=7001 DEFAULT CHARSET=latin1;
/*!40101 SET character_set_client = @saved_cs_client */;

--
-- Dumping data for table `frm_grupos`
--

LOCK TABLES `frm_grupos` WRITE;
/*!40000 ALTER TABLE `frm_grupos` DISABLE KEYS */;
INSERT INTO `frm_grupos` VALUES (1,'A-Turbina',NULL,'2018-07-28 15:53:39',1,1),(2,'B-Rueda Compresora',NULL,'2018-07-28 16:01:40',1,2),(3,'C-Carcaza de Admision',NULL,'2018-07-28 16:03:06',1,3),(4,'D-Carcaza de Escape',NULL,'2018-07-28 16:04:05',1,4),(5,'E-Valvula WG',NULL,'2018-07-28 16:05:18',1,5),(6,'F-Valvula Electronica Geo Variable',NULL,'2018-07-28 16:06:03',1,6),(7,'G-Valvula Comandada por WG',NULL,'2018-07-28 16:07:51',1,7),(8,'H-Mecanismo de Geo Variable',NULL,'2018-07-28 16:08:38',1,8),(9,'1-Eje:',NULL,'2018-07-28 16:16:25',2,1),(10,'2-Cuerpo',NULL,'2018-07-28 16:20:01',2,2),(11,'3-Placa Trasera ',NULL,'2018-07-28 16:21:47',2,3),(12,'4-Sistema Axial',NULL,'2018-07-28 16:23:15',2,4),(13,'5-Aros',NULL,'2018-07-28 16:24:22',2,5),(14,'6-Bujes',NULL,'2018-07-28 16:24:28',2,6),(15,'Descripcion De Bomba:',NULL,'2018-07-28 17:04:30',3,1),(16,'Descripcio de Inyectores:',NULL,'2018-07-28 17:06:55',3,2),(17,'',NULL,'2018-07-28 17:15:26',4,1),(18,'1-Tapa Valvula',NULL,'2018-07-28 17:18:20',5,1),(19,'2-Tapa Distribucion',NULL,'2018-07-28 17:21:38',5,2),(20,'3-Carter',NULL,'2018-07-28 17:23:19',5,3),(21,'4-Carcaza Cubre Volante',NULL,'2018-07-28 17:24:48',5,4),(22,'5-Laterales de Block (inspeccion)',NULL,'2018-07-28 17:26:34',5,5),(23,'1-Volante',NULL,'2018-07-28 17:33:40',6,1),(24,'2-Corona de Arranque',NULL,'2018-07-28 17:33:56',6,2),(25,'3-Polea de Cigueñal',NULL,'2018-07-28 17:34:10',6,3),(26,'4-Engranaje de Distribucion',NULL,'2018-07-28 17:35:12',6,4),(27,'5-Cadena de Distribucion ',NULL,'2018-07-28 17:35:32',6,5),(28,'6-Tensor y Patin de Cadena',NULL,'2018-07-28 17:42:47',6,6),(29,'7-Placa y Disco Embrague',NULL,'2018-07-28 17:43:53',6,7),(30,'8-Paleta de Ventilador',NULL,'2018-07-28 17:45:59',6,8),(31,'9-Poleas de Accesorios (Bomba de Agua)',NULL,'2018-07-28 17:51:54',6,9),(32,'10-Polea Multicanal',NULL,'2018-07-28 17:56:28',6,10),(33,'11-Tensores Multicanal',NULL,'2018-07-28 17:56:38',6,11),(34,'1-Bomba de Aceite',NULL,'2018-07-28 18:00:26',7,1),(35,'2-Bulbo Presion de Aceite',NULL,'2018-07-28 18:01:13',7,2),(36,'3-Tubo Carga de Aceite',NULL,'2018-07-28 18:01:24',7,3),(37,'4-Tubo de Alimentacion de Turbo',NULL,'2018-07-28 18:01:33',7,4),(38,'5-Tubo Retorno de Turbo',NULL,'2018-07-28 18:01:45',7,5),(39,'6-Tubo Porta Varilla de Aceite',NULL,'2018-07-28 18:01:53',7,6),(40,'7- Varilla de Aceite',NULL,'2018-07-28 18:02:25',7,7),(41,'8-Porta Filtro de Aceite Inferior',NULL,'2018-07-28 18:07:04',7,8),(42,'9-Porta Filtro de Aceite Superior',NULL,'2018-07-28 18:07:16',7,9),(43,'10-Respiradero de Motor',NULL,'2018-07-28 18:07:27',7,10),(44,'11-Tubos de Lubricacion de Accesorios',NULL,'2018-07-28 18:07:44',7,11),(45,'12-Chupador de Bomba de Aceite',NULL,'2018-07-28 18:08:04',7,12),(46,'13-Radiador de Aceite',NULL,'2018-07-28 18:08:18',7,13),(47,'1-Bomba de Agua',NULL,'2018-07-28 18:22:31',8,1),(48,'2-Bulbo de Temperatura',NULL,'2018-07-28 18:22:47',8,2),(49,'3-Termostato',NULL,'2018-07-28 18:22:54',8,3),(50,'4-Porta Termostato Inferior',NULL,'2018-07-28 18:23:03',8,4),(51,'5-Porta Termostato Superior',NULL,'2018-07-28 18:23:13',8,5),(52,'6-Inter Cooler',NULL,'2018-07-28 18:23:24',8,6),(53,'7-Polea de Ventilador',NULL,'2018-07-28 18:23:35',8,7),(54,'8-Tuberia de Accesorios de Agua',NULL,'2018-07-28 18:23:44',8,8),(55,'9-Tuberia de Agua Turbo',NULL,'2018-07-28 18:23:55',8,9),(56,'10- Mangueras de Agua',NULL,'2018-07-28 18:24:11',8,10),(57,'1-Bomba Inyectora',NULL,'2018-07-28 18:39:54',9,1),(58,'2-Bomba de Presion Principal',NULL,'2018-07-28 18:41:44',9,2),(59,'3-Inyectores',NULL,'2018-07-28 18:43:54',9,3),(60,'4-Bujias de Precalentamiento',NULL,'2018-07-28 18:45:06',9,4),(61,'5-Tubos de Inyectores',NULL,'2018-07-28 18:46:51',9,5),(62,'6-Tubo Alimentador Comb.',NULL,'2018-07-28 18:48:20',9,6),(63,'7-Tubo Retorno Comb.',NULL,'2018-07-28 18:51:39',9,7),(64,'8-Porta Filtro de Aire',NULL,'2018-07-28 18:53:49',9,8),(65,'9-Sistema de Aceleracion',NULL,'2018-07-28 18:54:46',9,9),(66,'10-Sistema de Arranque y Parada',NULL,'2018-07-28 18:56:05',9,10),(67,'11-Sistema de Purgado',NULL,'2018-07-28 18:57:53',9,11),(68,'12-Porta Filtro de Combustible',NULL,'2018-07-28 18:59:52',9,12),(69,'13-Multiple de Admision',NULL,'2018-07-28 19:01:33',9,13),(70,'a)Inyectores',NULL,'2018-07-28 19:07:18',10,1),(71,'b)Motores PAP',NULL,'2018-07-28 19:07:33',10,2),(72,'c)Bomba Alimentador',NULL,'2018-07-28 19:07:52',10,3),(73,'d)Tubos Distribucion',NULL,'2018-07-28 19:08:06',10,4),(74,'e)Porta Filtros',NULL,'2018-07-28 19:08:24',10,5),(75,'f)Tubos de Retorno',NULL,'2018-07-28 19:08:38',10,6),(77,'15-Bomba Alimentadora',NULL,'2018-07-28 22:42:55',10,8),(78,'16-Cañerias de Combustible en General',NULL,'2018-07-28 22:43:15',10,9),(79,'17-Valvulas de Sobre Presion de Combustible',NULL,'2018-07-28 22:43:28',10,10),(80,'',NULL,'2018-07-28 23:04:07',11,1),(81,'Levas Admision',NULL,'2018-07-28 23:07:10',12,1),(82,'Levas Escape',NULL,'2018-07-28 23:07:17',12,2),(83,'Apoyo de Levas',NULL,'2018-07-28 23:07:25',12,3),(85,'',NULL,'2018-07-28 23:12:17',13,1),(86,'',NULL,'2018-07-28 23:13:47',14,1),(87,'Levas Admision',NULL,'2018-07-28 23:17:10',15,1),(88,'Levas Escape:',NULL,'2018-07-28 23:17:57',15,2),(89,'Apoyo de Leva:',NULL,'2018-07-28 23:18:49',15,3),(90,'1 – Roscas Internas',NULL,'2018-07-28 23:21:58',16,1),(91,'2 – Chavetero',NULL,'2018-07-28 23:22:04',16,2),(92,' 3 – Brida',NULL,'2018-07-28 23:22:10',16,3),(93,'4 – Otros',NULL,'2018-07-28 23:22:17',16,4),(94,'',NULL,'2018-07-28 23:23:05',17,1),(95,'',NULL,'2018-07-28 23:23:11',18,1),(96,'',NULL,'2018-07-28 23:29:50',19,1),(97,'01',NULL,'2018-07-28 23:30:59',20,1),(98,'02',NULL,'2018-07-28 23:31:01',20,2),(99,'03',NULL,'2018-07-28 23:31:04',20,3),(101,'04',NULL,'2018-07-28 23:33:30',20,4),(102,'05',NULL,'2018-07-28 23:33:32',20,5),(103,'06',NULL,'2018-07-28 23:33:35',20,6),(104,'07',NULL,'2018-07-28 23:33:40',20,7),(105,'08',NULL,'2018-07-28 23:33:47',20,8),(106,'09',NULL,'2018-07-28 23:33:51',20,9),(107,'10',NULL,'2018-07-28 23:33:54',20,10),(108,'11',NULL,'2018-07-28 23:33:56',20,11),(109,'12',NULL,'2018-07-28 23:33:58',20,12),(110,'13',NULL,'2018-07-28 23:34:00',20,13),(111,'14',NULL,'2018-07-28 23:34:03',20,14),(112,'15',NULL,'2018-07-28 23:34:06',20,15),(113,'16',NULL,'2018-07-28 23:34:09',20,16),(114,'n',NULL,'2018-07-28 23:34:12',20,17),(122,'01',NULL,'2018-07-28 23:45:30',21,1),(123,'02',NULL,'2018-07-28 23:45:32',21,2),(124,'03',NULL,'2018-07-28 23:45:35',21,3),(125,'04',NULL,'2018-07-28 23:45:37',21,4),(126,'05',NULL,'2018-07-28 23:45:39',21,5),(127,'06',NULL,'2018-07-28 23:45:41',21,6),(128,'07',NULL,'2018-07-28 23:45:45',21,7),(129,'08',NULL,'2018-07-28 23:45:48',21,8),(130,'09',NULL,'2018-07-28 23:45:51',21,9),(131,'10',NULL,'2018-07-28 23:45:53',21,10),(132,'11',NULL,'2018-07-28 23:45:55',21,11),(133,'12',NULL,'2018-07-28 23:45:57',21,12),(134,'13',NULL,'2018-07-28 23:46:00',21,13),(135,'14',NULL,'2018-07-28 23:46:03',21,14),(136,'15',NULL,'2018-07-28 23:46:06',21,15),(137,'16',NULL,'2018-07-28 23:46:09',21,16),(138,'n',NULL,'2018-07-28 23:46:11',21,17),(140,'',NULL,'2018-07-28 23:50:10',22,1),(141,'01',NULL,'2018-07-28 23:51:32',22,2),(142,'02',NULL,'2018-07-28 23:51:34',22,3),(143,'03',NULL,'2018-07-29 00:01:37',22,4),(144,'04',NULL,'2018-07-29 00:01:42',22,5),(145,'05',NULL,'2018-07-29 00:01:45',22,6),(146,'06',NULL,'2018-07-29 00:01:48',22,7),(147,'07',NULL,'2018-07-29 00:02:04',22,8),(148,'08',NULL,'2018-07-29 00:02:07',22,9),(149,'09',NULL,'2018-07-29 00:02:11',22,10),(150,'10',NULL,'2018-07-29 00:02:15',22,11),(151,'11',NULL,'2018-07-29 00:02:17',22,12),(152,'12',NULL,'2018-07-29 00:02:19',22,13),(153,'13',NULL,'2018-07-29 00:02:22',22,14),(154,'14',NULL,'2018-07-29 00:02:25',22,15),(155,'15',NULL,'2018-07-29 00:02:28',22,16),(156,'16',NULL,'2018-07-29 00:02:32',22,17),(157,'N',NULL,'2018-07-29 00:02:35',22,18),(158,'',NULL,'2018-07-29 00:15:10',23,1),(159,'01',NULL,'2018-07-29 00:15:44',23,2),(160,'02',NULL,'2018-07-29 00:15:48',23,3),(161,'03',NULL,'2018-07-29 00:15:52',23,4),(162,'04',NULL,'2018-07-29 00:15:56',23,5),(163,'05',NULL,'2018-07-29 00:15:59',23,6),(164,'06',NULL,'2018-07-29 00:16:05',23,7),(165,'07',NULL,'2018-07-29 00:16:08',23,8),(166,'08',NULL,'2018-07-29 00:16:10',23,9),(167,'09',NULL,'2018-07-29 00:16:13',23,10),(168,'10',NULL,'2018-07-29 00:16:16',23,11),(169,'11',NULL,'2018-07-29 00:16:18',23,12),(170,'12',NULL,'2018-07-29 00:16:20',23,13),(171,'13',NULL,'2018-07-29 00:16:22',23,14),(172,'14',NULL,'2018-07-29 00:16:24',23,15),(173,'15',NULL,'2018-07-29 00:16:27',23,16),(174,'16',NULL,'2018-07-29 00:16:30',23,17),(175,'n',NULL,'2018-07-29 00:16:32',23,18),(176,'01',NULL,'2018-07-29 04:22:29',24,1),(177,'02',NULL,'2018-07-29 04:22:46',24,2),(178,'03',NULL,'2018-07-29 04:22:54',24,3),(179,'04',NULL,'2018-07-29 04:23:05',24,4),(180,'05',NULL,'2018-07-29 04:23:13',24,5),(181,'06',NULL,'2018-07-29 04:25:22',24,6),(182,'07',NULL,'2018-07-29 04:25:30',24,7),(183,'08',NULL,'2018-07-29 04:25:38',24,8),(184,'09',NULL,'2018-07-29 04:25:49',24,9),(185,'10',NULL,'2018-07-29 04:25:59',24,10),(186,'11',NULL,'2018-07-29 04:26:05',24,11),(187,'12',NULL,'2018-07-29 04:26:12',24,12),(188,'13',NULL,'2018-07-29 04:26:20',24,13),(189,'14',NULL,'2018-07-29 04:26:30',24,14),(190,'15',NULL,'2018-07-29 04:26:39',24,15),(191,'16',NULL,'2018-07-29 04:26:48',24,16),(192,'n',NULL,'2018-07-29 04:26:57',24,17),(193,'',NULL,'2018-07-29 04:28:23',25,1),(194,'01',NULL,'2018-07-29 04:29:28',25,2),(195,'02',NULL,'2018-07-29 04:29:34',25,3),(196,'03',NULL,'2018-07-29 04:30:06',25,4),(197,'04',NULL,'2018-07-29 04:30:13',25,5),(198,'05',NULL,'2018-07-29 04:30:24',25,6),(199,'06',NULL,'2018-07-29 04:30:33',25,7),(200,'07',NULL,'2018-07-29 04:30:38',25,8),(201,'08',NULL,'2018-07-29 04:30:43',25,9),(202,'09',NULL,'2018-07-29 04:30:47',25,10),(203,'10',NULL,'2018-07-29 04:30:50',25,11),(204,'11',NULL,'2018-07-29 04:30:52',25,12),(205,'12',NULL,'2018-07-29 04:30:54',25,13),(206,'13',NULL,'2018-07-29 04:30:57',25,14),(207,'14',NULL,'2018-07-29 04:31:00',25,15),(208,'15',NULL,'2018-07-29 04:31:04',25,16),(209,'16',NULL,'2018-07-29 04:31:07',25,17),(210,'n',NULL,'2018-07-29 04:31:10',25,18),(211,'01',NULL,'2018-07-29 04:32:56',26,1),(212,'02',NULL,'2018-07-29 04:32:59',26,2),(213,'03',NULL,'2018-07-29 04:33:02',26,3),(214,'04',NULL,'2018-07-29 04:33:04',26,4),(215,'05',NULL,'2018-07-29 04:33:07',26,5),(216,'06',NULL,'2018-07-29 04:33:10',26,6),(217,'07',NULL,'2018-07-29 04:33:13',26,7),(218,'08',NULL,'2018-07-29 04:33:17',26,8),(219,'09',NULL,'2018-07-29 04:33:20',26,9),(220,'10',NULL,'2018-07-29 04:33:25',26,10),(221,'11',NULL,'2018-07-29 04:33:26',26,11),(222,'12',NULL,'2018-07-29 04:33:28',26,12),(223,'13',NULL,'2018-07-29 04:33:31',26,13),(224,'14',NULL,'2018-07-29 04:33:34',26,14),(225,'15',NULL,'2018-07-29 04:33:36',26,15),(226,'16',NULL,'2018-07-29 04:33:43',26,16),(227,'n',NULL,'2018-07-29 04:33:46',26,17),(228,'01',NULL,'2018-07-29 04:35:48',27,1),(229,'02',NULL,'2018-07-29 04:35:51',27,2),(230,'03',NULL,'2018-07-29 04:35:56',27,3),(231,'04',NULL,'2018-07-29 04:35:59',27,4),(232,'05',NULL,'2018-07-29 04:36:03',27,5),(233,'06',NULL,'2018-07-29 04:36:06',27,6),(234,'07',NULL,'2018-07-29 04:36:13',27,7),(235,'08',NULL,'2018-07-29 04:36:16',27,8),(236,'09',NULL,'2018-07-29 04:36:20',27,9),(237,'10',NULL,'2018-07-29 04:36:23',27,10),(238,'11',NULL,'2018-07-29 04:36:25',27,11),(239,'12',NULL,'2018-07-29 04:36:27',27,12),(240,'13',NULL,'2018-07-29 04:36:29',27,13),(241,'14',NULL,'2018-07-29 04:36:32',27,14),(242,'15',NULL,'2018-07-29 04:36:35',27,15),(243,'16',NULL,'2018-07-29 04:36:38',27,16),(244,'n',NULL,'2018-07-29 04:36:41',27,17),(245,'01',NULL,'2018-07-29 04:50:09',28,1),(246,'02',NULL,'2018-07-29 04:50:12',28,2),(247,'03',NULL,'2018-07-29 04:50:15',28,3),(248,'04',NULL,'2018-07-29 04:50:18',28,4),(249,'05',NULL,'2018-07-29 04:50:20',28,5),(250,'06',NULL,'2018-07-29 04:50:22',28,6),(251,'07',NULL,'2018-07-29 04:50:25',28,7),(252,'08',NULL,'2018-07-29 04:50:27',28,8),(253,'09',NULL,'2018-07-29 04:50:30',28,9),(254,'10',NULL,'2018-07-29 04:50:32',28,10),(255,'11',NULL,'2018-07-29 04:50:34',28,11),(256,'12',NULL,'2018-07-29 04:50:36',28,12),(257,'13',NULL,'2018-07-29 04:50:38',28,13),(258,'14',NULL,'2018-07-29 04:50:40',28,14),(259,'15',NULL,'2018-07-29 04:50:42',28,15),(260,'16',NULL,'2018-07-29 04:50:44',28,16),(261,'n',NULL,'2018-07-29 04:50:46',28,17),(262,'01',NULL,'2018-07-29 04:52:05',29,1),(263,'02',NULL,'2018-07-29 04:52:09',29,2),(264,'03',NULL,'2018-07-29 04:52:16',29,3),(265,'04',NULL,'2018-07-29 04:52:22',29,4),(266,'05',NULL,'2018-07-29 04:52:27',29,5),(267,'06',NULL,'2018-07-29 04:52:33',29,6),(268,'07',NULL,'2018-07-29 04:52:39',29,7),(269,'08',NULL,'2018-07-29 04:52:45',29,8),(270,'09',NULL,'2018-07-29 04:52:53',29,9),(271,'10',NULL,'2018-07-29 04:52:59',29,10),(272,'11',NULL,'2018-07-29 04:53:04',29,11),(273,'12',NULL,'2018-07-29 04:53:09',29,12),(274,'13',NULL,'2018-07-29 04:53:15',29,13),(275,'14',NULL,'2018-07-29 04:53:23',29,14),(276,'15',NULL,'2018-07-29 04:53:30',29,15),(277,'16',NULL,'2018-07-29 04:53:38',29,16),(278,'n',NULL,'2018-07-29 04:53:43',29,17),(279,'',NULL,'2018-07-29 14:23:41',30,1),(292,'Medida:',NULL,'2018-07-29 14:27:00',31,1),(293,'Medida:',NULL,'2018-07-29 14:27:02',31,2),(294,'Medida:',NULL,'2018-07-29 14:27:09',31,3),(295,'Medida:',NULL,'2018-07-29 14:27:11',31,4),(296,'Medida:',NULL,'2018-07-29 14:27:13',31,5),(297,'Medida:',NULL,'2018-07-29 14:27:15',31,6),(298,'Medida:',NULL,'2018-07-29 14:27:16',31,7),(299,'Medida:',NULL,'2018-07-29 14:27:19',31,8),(300,'Medida:',NULL,'2018-07-29 14:27:22',31,9),(301,'Medida:',NULL,'2018-07-29 14:27:24',31,10),(302,'',NULL,'2018-07-29 14:28:41',31,11),(303,'Medida:',NULL,'2018-07-29 14:31:50',32,1),(304,'Medida:',NULL,'2018-07-29 14:31:52',32,2),(305,'Medida:',NULL,'2018-07-29 14:31:54',32,3),(306,'Medida:',NULL,'2018-07-29 14:31:55',32,4),(307,'Medida:',NULL,'2018-07-29 14:31:57',32,5),(308,'Medida:',NULL,'2018-07-29 14:31:59',32,6),(309,'Medida:',NULL,'2018-07-29 14:32:01',32,7),(310,'Medida:',NULL,'2018-07-29 14:32:02',32,8),(311,'Medida:',NULL,'2018-07-29 14:32:04',32,9),(312,'Medida:',NULL,'2018-07-29 14:32:06',32,10),(313,'',NULL,'2018-07-29 14:34:13',32,11),(314,'',NULL,'2018-07-29 14:43:33',33,1),(327,'Superior:',NULL,'2018-07-29 14:47:14',34,1),(328,'Inferior:',NULL,'2018-07-29 14:47:19',34,2),(329,'Frontal:',NULL,'2018-07-29 14:47:24',34,3),(330,'Trasero:',NULL,'2018-07-29 14:47:30',34,4),(331,'Planos Multiples:',NULL,'2018-07-29 14:47:39',34,5),(332,'Roscas Internas:',NULL,'2018-07-29 14:48:16',35,1),(333,'Prisioneros:',NULL,'2018-07-29 14:48:25',35,2),(334,'Agua:',NULL,'2018-07-29 14:48:55',36,1),(335,'Aceite:',NULL,'2018-07-29 14:49:01',36,2),(336,'Alojamiento:',NULL,'2018-07-29 14:50:55',37,1),(337,'Bases:',NULL,'2018-07-29 14:50:59',37,2),(338,'Medida:',NULL,'2018-07-29 14:51:52',38,1),(339,'Medida:',NULL,'2018-07-29 14:52:14',38,2),(340,'Medida:',NULL,'2018-07-29 14:52:16',38,3),(341,'Medida:',NULL,'2018-07-29 14:52:18',38,4),(342,'Medida:',NULL,'2018-07-29 14:52:20',38,5),(343,'Medida:',NULL,'2018-07-29 14:52:22',38,6),(344,'Medida:',NULL,'2018-07-29 14:52:25',38,7),(345,'Medida:',NULL,'2018-07-29 14:52:27',38,8),(346,'Medida:',NULL,'2018-07-29 14:52:30',38,9),(349,'Banc 1',NULL,'2018-07-29 14:55:11',39,1),(350,'Banc 2',NULL,'2018-07-29 14:55:14',39,2),(351,'Banc 3',NULL,'2018-07-29 14:55:19',39,3),(352,'Banc 4',NULL,'2018-07-29 14:55:22',39,4),(353,'Banc 5',NULL,'2018-07-29 14:55:25',39,5),(354,'Banc 6',NULL,'2018-07-29 14:55:28',39,6),(355,'Banc 7',NULL,'2018-07-29 14:55:34',39,7),(356,'Banc n',NULL,'2018-07-29 14:55:39',39,8),(357,'Banc 1',NULL,'2018-07-29 14:58:27',40,1),(358,'Banc 2',NULL,'2018-07-29 14:58:30',40,2),(359,'Banc 3',NULL,'2018-07-29 14:58:34',40,3),(360,'Banc 4 ',NULL,'2018-07-29 14:58:37',40,4),(361,'Banc 5',NULL,'2018-07-29 14:58:40',40,5),(362,'Banc 6',NULL,'2018-07-29 14:58:44',40,6),(363,'Banc n',NULL,'2018-07-29 14:58:48',40,7),(364,'Indique Estado de Guias:',NULL,'2018-07-29 14:59:58',40,8),(365,'Medida:',NULL,'2018-07-29 15:01:12',41,1),(366,'Medida:',NULL,'2018-07-29 15:01:14',41,2),(367,'Medida:',NULL,'2018-07-29 15:01:16',41,3),(368,'Medida:',NULL,'2018-07-29 15:01:18',41,4),(369,'Medida:',NULL,'2018-07-29 15:01:21',41,5),(370,'',NULL,'2018-07-29 15:02:51',42,1),(371,'',NULL,'2018-07-29 15:07:16',43,1),(372,'1 - Altura de Tapa',NULL,'2018-07-29 15:08:07',44,1),(373,'2 - Control de Planos',NULL,'2018-07-29 15:08:28',44,2),(374,'3 – Fisuras Expuestas',NULL,'2018-07-29 15:08:41',44,3),(375,'',NULL,'2018-07-29 15:22:46',45,1),(376,'Sup. Base Bomba de Agua',NULL,'2018-07-29 15:28:19',46,1),(377,'Sup. Base Admision – Escape',NULL,'2018-07-29 15:28:26',46,2),(378,'Sup. Base Taba Valvulas',NULL,'2018-07-29 15:28:34',46,3),(379,'Otros',NULL,'2018-07-29 15:28:42',46,4),(380,'Conductos de Lubricacion:',NULL,'2018-07-29 15:30:58',47,1),(381,'Conductos de Refrigeracion:',NULL,'2018-07-29 15:31:13',47,2),(382,'Comunicados',NULL,'2018-07-29 15:31:24',47,3),(383,'',NULL,'2018-07-29 15:35:40',48,1),(384,'Observaciones:',NULL,'2018-07-29 15:35:52',48,2),(385,'Prisioneros:',NULL,'2018-07-29 15:39:57',49,1),(386,'Roscas Internas:',NULL,'2018-07-29 15:40:06',49,2),(387,'Agujeros:',NULL,'2018-07-29 15:40:14',49,3),(388,'',NULL,'2018-07-29 15:41:59',50,1),(389,'Observaciones:',NULL,'2018-07-29 15:42:46',50,2),(390,'',NULL,'2018-07-29 15:43:36',51,1),(391,'',NULL,'2018-07-29 15:46:02',52,1),(392,'',NULL,'2018-07-29 15:49:36',53,1),(393,'Tension de Precamara:',NULL,'2018-07-29 15:50:45',54,1),(394,'Tension de Carga:',NULL,'2018-07-29 15:50:52',54,2),(395,'Cambiar:',NULL,'2018-07-29 15:50:59',54,3),(396,'Observaciones:',NULL,'2018-07-29 15:51:06',54,4),(397,'Seguros:',NULL,'2018-07-29 15:54:21',55,1),(398,'Platillos:',NULL,'2018-07-29 15:54:29',55,2),(399,'',NULL,'2018-07-29 16:05:50',56,1),(400,'',NULL,'2018-07-29 16:06:50',57,1),(401,'',NULL,'2018-07-29 16:11:04',59,1),(402,'',NULL,'2018-07-29 16:11:30',60,1),(403,'Medir dureza en cuatro puntos del espejo, a 90o c/u',NULL,'2018-07-29 16:12:20',61,1),(410,'Valor Obtenido:',NULL,'2018-07-29 16:15:46',61,2),(411,'Observaciones:',NULL,'2018-07-29 16:16:44',61,3),(412,'',NULL,'2018-07-29 16:17:38',62,1),(414,'Pista:',NULL,'2018-07-29 16:20:57',63,1),(415,'Respaldo:',NULL,'2018-07-29 16:21:08',63,2),(416,'Agujeros:',NULL,'2018-07-29 16:21:38',63,3),(417,'Altura de Dientes:',NULL,'2018-07-29 16:22:31',64,1),(418,'Angulo de Entrada:',NULL,'2018-07-29 16:22:39',64,2),(420,'Fisura:',NULL,'2018-07-29 16:24:10',64,3),(421,'Linealidad:',NULL,'2018-07-29 16:24:21',64,4),(422,'Roscas:',NULL,'2018-07-29 17:28:13',65,1),(423,'Guias:',NULL,'2018-07-29 17:28:17',65,2),(424,'Observaciones:',NULL,'2018-07-29 17:28:26',65,3),(425,'',NULL,'2018-07-29 17:30:03',67,1),(426,'',NULL,'2018-07-29 17:33:57',68,1),(427,'',NULL,'2018-07-29 17:36:02',69,1),(428,'Medir dureza en cuatro puntos del espejo a 90o c/u',NULL,'2018-07-29 17:37:10',70,1),(429,'Valor Obtenido:',NULL,'2018-07-29 17:37:44',70,2),(430,'',NULL,'2018-07-29 17:39:16',72,1),(431,'',NULL,'2018-07-29 17:39:56',73,1),(432,'',NULL,'2018-07-29 17:41:03',74,1),(433,'',NULL,'2018-07-29 17:42:08',75,1),(434,'',NULL,'2018-07-29 17:52:05',76,1),(435,'B1',NULL,'2018-07-29 18:05:18',77,1),(436,'B2',NULL,'2018-07-29 18:05:29',77,2),(437,'B3',NULL,'2018-07-29 18:05:32',77,3),(438,'B4',NULL,'2018-07-29 18:05:35',77,4),(439,'B5',NULL,'2018-07-29 18:05:38',77,5),(440,'B6',NULL,'2018-07-29 18:05:42',77,6),(441,'B7',NULL,'2018-07-29 18:05:46',77,7),(442,'B8',NULL,'2018-07-29 18:05:50',77,8),(443,'B9',NULL,'2018-07-29 18:06:00',77,9),(444,'B10',NULL,'2018-07-29 18:06:05',77,10),(445,'Bn',NULL,'2018-07-29 18:06:13',77,11),(446,'M1',NULL,'2018-07-29 19:17:56',77,12),(447,'M2',NULL,'2018-07-29 19:17:59',77,13),(448,'M3',NULL,'2018-07-29 19:18:02',77,14),(449,'M4',NULL,'2018-07-29 19:18:05',77,15),(450,'M5',NULL,'2018-07-29 19:18:07',77,16),(451,'M6',NULL,'2018-07-29 19:18:10',77,17),(452,'M7',NULL,'2018-07-29 19:18:12',77,18),(453,'M8',NULL,'2018-07-29 19:18:14',77,19),(454,'M9',NULL,'2018-07-29 19:18:18',77,20),(455,'M10',NULL,'2018-07-29 19:18:23',77,21),(456,'M11',NULL,'2018-07-29 19:18:31',77,22),(457,'M12',NULL,'2018-07-29 19:18:45',77,23),(458,'M13',NULL,'2018-07-29 19:18:49',77,24),(459,'M14',NULL,'2018-07-29 19:18:53',77,25),(460,'M15',NULL,'2018-07-29 19:18:57',77,26),(461,'M16',NULL,'2018-07-29 19:19:01',77,27),(462,'Mn',NULL,'2018-07-29 19:19:06',77,28),(463,'B1',NULL,'2018-07-29 21:24:12',78,1),(464,'B2',NULL,'2018-07-29 21:24:16',78,2),(465,'B3',NULL,'2018-07-29 21:24:20',78,3),(466,'B4',NULL,'2018-07-29 21:24:24',78,4),(467,'B5',NULL,'2018-07-29 21:24:27',78,5),(468,'B6',NULL,'2018-07-29 21:24:37',78,6),(469,'B7',NULL,'2018-07-29 21:24:41',78,7),(470,'B8',NULL,'2018-07-29 21:24:45',78,8),(471,'B9',NULL,'2018-07-29 21:24:51',78,9),(472,'B10',NULL,'2018-07-29 21:24:55',78,10),(473,'M1',NULL,'2018-07-29 21:29:01',78,11),(474,'M2',NULL,'2018-07-29 21:29:04',78,12),(475,'M3',NULL,'2018-07-29 21:29:09',78,13),(476,'M4',NULL,'2018-07-29 21:29:12',78,14),(477,'M5',NULL,'2018-07-29 21:29:14',78,15),(478,'M6',NULL,'2018-07-29 21:29:16',78,16),(479,'M7',NULL,'2018-07-29 21:30:12',78,17),(480,'M8',NULL,'2018-07-29 21:30:16',78,18),(481,'M9',NULL,'2018-07-29 21:30:22',78,19),(482,'M10',NULL,'2018-07-29 21:31:04',78,20),(483,'M11',NULL,'2018-07-29 21:31:07',78,21),(484,'M12',NULL,'2018-07-29 21:31:11',78,22),(485,'M13',NULL,'2018-07-29 21:31:13',78,23),(486,'M14',NULL,'2018-07-29 21:31:19',78,24),(487,'M15',NULL,'2018-07-29 21:31:24',78,25),(488,'M16',NULL,'2018-07-29 21:31:27',78,26),(489,'Mn',NULL,'2018-07-29 21:31:31',78,27),(490,'B1',NULL,'2018-07-29 21:41:52',79,1),(491,'B2',NULL,'2018-07-29 21:41:56',79,2),(492,'B3',NULL,'2018-07-29 21:42:25',79,3),(493,'B4',NULL,'2018-07-29 21:42:27',79,4),(494,'B5',NULL,'2018-07-29 21:42:31',79,5),(495,'B6',NULL,'2018-07-29 21:42:33',79,6),(496,'B7',NULL,'2018-07-29 21:42:38',79,7),(497,'B8',NULL,'2018-07-29 21:42:42',79,8),(498,'B9',NULL,'2018-07-29 21:42:46',79,9),(499,'B10',NULL,'2018-07-29 21:42:48',79,10),(500,'Bn',NULL,'2018-07-29 21:42:52',79,11),(501,'M1',NULL,'2018-07-29 21:46:36',79,12),(502,'M2',NULL,'2018-07-29 21:46:41',79,13),(503,'M3',NULL,'2018-07-29 21:46:43',79,14),(504,'M4',NULL,'2018-07-29 21:46:45',79,15),(505,'M5',NULL,'2018-07-29 21:46:47',79,16),(506,'M6',NULL,'2018-07-29 21:46:51',79,17),(507,'M7',NULL,'2018-07-29 21:46:55',79,18),(508,'M8',NULL,'2018-07-29 21:46:58',79,19),(509,'M9',NULL,'2018-07-29 21:47:00',79,20),(510,'M10',NULL,'2018-07-29 21:47:04',79,21),(511,'M11',NULL,'2018-07-29 21:47:08',79,22),(512,'M12',NULL,'2018-07-29 21:47:10',79,23),(513,'M13',NULL,'2018-07-29 21:47:13',79,24),(514,'M14',NULL,'2018-07-29 21:47:16',79,25),(515,'M15',NULL,'2018-07-29 21:47:19',79,26),(516,'M16',NULL,'2018-07-29 21:47:25',79,27),(517,'Mn',NULL,'2018-07-29 21:47:29',79,28),(518,'Bancada',NULL,'2018-07-29 23:15:00',80,1),(519,'Muñon',NULL,'2018-07-29 23:15:04',80,2),(520,'A: Rosca Interna Punta de Cigueñal',NULL,'2018-07-29 23:21:34',81,1),(521,'B: Chavetero',NULL,'2018-07-29 23:21:41',81,2),(522,'C: Cono Interferencia Polea Reconstruir a:',NULL,'2018-07-29 23:21:52',81,3),(523,'D: Pista de Reten',NULL,'2018-07-29 23:31:34',81,4),(524,'E: Alojamiento Ruleman Directa',NULL,'2018-07-29 23:31:42',81,5),(525,'Observaciones:',NULL,'2018-07-29 23:32:06',81,6),(526,'F: Marcado de Contrapesos y Estado de Tornillos',NULL,'2018-07-29 23:33:47',81,7),(527,'01',NULL,'2018-07-29 23:34:07',81,8),(528,'02',NULL,'2018-07-29 23:34:09',81,9),(529,'03',NULL,'2018-07-29 23:34:13',81,10),(530,'04',NULL,'2018-07-29 23:34:15',81,11),(531,'05',NULL,'2018-07-29 23:34:17',81,12),(532,'06',NULL,'2018-07-29 23:34:20',81,13),(533,'07',NULL,'2018-07-29 23:34:24',81,14),(534,'08',NULL,'2018-07-29 23:34:26',81,15),(535,'09',NULL,'2018-07-29 23:34:30',81,16),(536,'10',NULL,'2018-07-29 23:34:33',81,17),(537,'n',NULL,'2018-07-29 23:34:35',81,18),(538,'Observaciones:',NULL,'2018-07-29 23:37:33',81,19),(539,'',NULL,'2018-07-29 23:38:25',83,1),(540,'',NULL,'2018-07-29 23:43:13',84,1),(541,'',NULL,'2018-07-29 23:43:48',85,1),(1000,'PARTES RECIBIDAS',NULL,'2018-07-30 00:36:15',1000,1),(1201,'Caracteristicas:',NULL,'2018-07-31 12:52:02',1200,1),(1210,'Luz de Aceite',NULL,'2018-07-31 14:30:54',1202,1),(1212,'Luz de aceite',NULL,'2018-07-31 14:41:04',1203,1),(1213,'',NULL,'2018-07-31 14:50:20',1204,1),(1215,'Luz de aceite:',NULL,'2018-07-31 15:17:28',1205,1),(1216,'Medidas del Ap. Levas:',NULL,'2018-07-31 15:21:06',1205,2),(1217,'Eje de mando:',NULL,'2018-07-31 15:21:56',1205,3),(1218,'Fabrica pide maxima y minima',NULL,'2018-07-31 15:23:02',1205,4),(1226,'Reten:',NULL,'2018-07-31 15:47:22',1211,1),(1229,'Axial:',NULL,'2018-07-31 15:51:01',1211,2),(1230,'Biela de Compresor:',NULL,'2018-07-31 15:53:16',1211,3),(1231,'Cilindro de Compresor:',NULL,'2018-07-31 15:54:43',1211,4),(1233,'Otros:',NULL,'2018-07-31 15:59:17',1211,5),(1234,'Control de peso:',NULL,'2018-07-31 16:05:33',1212,1),(1235,'Control de Bomba de Aceite con Arbol de Levas:',NULL,'2018-07-31 16:13:58',1213,1),(1236,'Luz de Axial:',NULL,'2018-07-31 16:17:38',1213,2),(1237,'Block:',NULL,'2018-07-31 16:18:00',1213,3),(1238,'Botadores:',NULL,'2018-07-31 16:20:28',1213,4),(1239,'Engranajes:',NULL,'2018-07-31 16:21:10',1213,5),(1240,'Conductos de agua:',NULL,'2018-07-31 16:22:15',1213,6),(1241,'Controlar:',NULL,'2018-07-31 16:22:51',1213,7),(1242,'Luz de Canaletas de Aros:',NULL,'2018-07-31 16:23:56',1213,8),(1243,'Balanceo de:',NULL,'2018-07-31 16:24:14',1213,9),(1244,'Escuadra de:',NULL,'2018-07-31 16:25:21',1213,10),(1245,'Altura de:',NULL,'2018-07-31 16:25:48',1213,11),(1246,'Repasar rosca de tapa distribucion de:',NULL,'2018-07-31 16:26:56',1213,12),(1247,'',NULL,'2018-07-31 17:28:41',1214,1),(1248,'Caracteristicas:',NULL,'2018-07-31 18:06:50',1215,1),(1249,'Operacion:',NULL,'2018-07-31 18:09:10',1217,1),(1250,'1-Lavado de Block',NULL,'2018-07-31 18:16:48',1217,2),(1251,'Control de Limpieza de Conductor de Aceite',NULL,'2018-07-31 18:18:04',1217,3),(1252,'Colocar tapones de Lubricacion y refrigeracion (Pegamento)',NULL,'2018-07-31 18:19:30',1217,4),(1253,'2-Hacer limpieza fina de cojinetes',NULL,'2018-07-31 18:21:02',1217,5),(1254,'Friccionar con lubricante Molykote Limpiar y lubricar con Bardhal',NULL,'2018-07-31 18:22:04',1217,6),(1255,'Colocar cojinetes en sus alojamientos',NULL,'2018-07-31 18:23:01',1217,7),(1256,'3. Limpieza de Cigueñal. Verificar limpieza de conductos de aceite',NULL,'2018-07-31 18:24:16',1217,8),(1257,'Montar el cigueñal. Verificar el chavetero y trinquero',NULL,'2018-07-31 18:25:41',1217,9),(1258,'Ajustar tapas de bancadas.',NULL,'2018-07-31 18:26:59',1217,10),(1259,'Controlar el giro liviano de cigueñal',NULL,'2018-07-31 18:27:57',1217,11),(1260,'Ajustar contrapesos correspondientes',NULL,'2018-07-31 18:29:21',1217,12),(1261,'Controlar Alojamiento de O\'ring de camisas',NULL,'2018-07-31 18:30:20',1217,13),(1262,'* Colocar Camisas Humedas',NULL,'2018-07-31 18:32:02',1217,14),(1263,'Controlar su ubicacion y altura',NULL,'2018-07-31 18:32:51',1217,15),(1264,'Marcar si lleva juntas de camisas (laminas)',NULL,'2018-07-31 18:33:51',1217,16),(1265,'Descripcion:',NULL,'2018-07-31 18:35:26',1218,1),(1266,'Descripcion 2:',NULL,'2018-07-31 18:36:08',1218,2),(1267,'Descripcion 3:',NULL,'2018-07-31 18:36:31',1218,3),(1268,'Caracteristicas:',NULL,'2018-07-31 18:44:54',1219,1),(1269,'1. Hacer limpieza fina de bielas y pistones',NULL,'2018-07-31 18:46:01',1220,1),(1270,'Verificar seguros de pernos de piston',NULL,'2018-07-31 18:48:22',1220,2),(1271,'Colocar aros correspondientes en pistones',NULL,'2018-07-31 18:50:05',1220,3),(1272,'Lubricar cilindros',NULL,'2018-07-31 18:52:34',1220,4),(1273,'Colocar conjunto biela piston',NULL,'2018-07-31 18:53:47',1220,5),(1274,'2. Lubricar muñones de bielas',NULL,'2018-07-31 18:54:52',1220,6),(1275,'Colocar tapas de bielas',NULL,'2018-07-31 18:55:48',1220,7),(1276,'Ajustar tapa de bielas segun normas',NULL,'2018-07-31 18:57:13',1220,8),(1277,'Controlar altura de pistones',NULL,'2018-07-31 18:58:36',1220,9),(1278,'Reapretar los tornillos de avance de la bomba en la distribucion y Controlar el seguro',NULL,'2018-07-31 18:59:25',1220,10),(1279,'3. Lavado de bomba de aceite',NULL,'2018-07-31 19:00:12',1220,11),(1280,'Colocacion y control de luz de engranajes.',NULL,'2018-07-31 19:01:12',1220,12),(1281,'Ajustes de tornillos sobre el block',NULL,'2018-07-31 19:03:56',1220,13),(1282,'Control estado del chupon',NULL,'2018-07-31 19:12:05',1220,14),(1283,'Colocar chupon, verificar ajuste de tornillos',NULL,'2018-07-31 19:12:55',1220,15),(1284,'Controlar si lleva chapa rompe ola en block o carter',NULL,'2018-07-31 19:14:18',1220,16),(1285,'Colocar carter con junta y cemento',NULL,'2018-07-31 19:15:27',1220,17),(1286,'Controlar ajuste de tornillos de carter y tapon',NULL,'2018-07-31 19:16:43',1220,18),(1287,'Descripcion:',NULL,'2018-07-31 19:18:30',1221,1),(1289,'Descripcion 2:',NULL,'2018-07-31 19:19:01',1221,2),(1290,'Descripcion 3:',NULL,'2018-07-31 19:19:06',1221,3),(1291,'Caracteristicas:',NULL,'2018-07-31 19:22:29',1222,1),(1292,'1. Lavado de caja de distribucion y elementos correspondientes.',NULL,'2018-07-31 19:23:16',1223,1),(1293,'Colocar caja de distribucion',NULL,'2018-07-31 19:24:11',1223,2),(1294,'Ajustar tornillos.',NULL,'2018-07-31 19:25:44',1223,3),(1295,'Lavado de arbol de levas.',NULL,'2018-07-31 19:28:29',1223,4),(1296,'Lavado de engranajes de distribucion',NULL,'2018-07-31 19:29:44',1223,5),(1297,'Armado de conjunto y puesta a punto',NULL,'2018-07-31 19:30:33',1223,6),(1298,'Verificar la puesta a punto final x 2',NULL,'2018-07-31 19:31:23',1223,7),(1299,'Colocar el motor, ajustar tornillos de bridas',NULL,'2018-07-31 19:32:34',1223,8),(1300,'Colocar reten en tapa de distribucion',NULL,'2018-07-31 19:33:36',1223,9),(1301,'Colocar tapa de distribucion y ajustar tornillos',NULL,'2018-07-31 19:34:31',1223,10),(1302,'2. Colocar botadores.',NULL,'2018-07-31 19:36:05',1223,11),(1303,'Colocar juntas tapa de cilindros , verificar posicio?n y colocar marca de juntas',NULL,'2018-07-31 19:37:07',1223,12),(1304,'Armar tapa de cilindro',NULL,'2018-07-31 19:39:08',1223,13),(1305,'Colocar tapa, ajustar tornillos, reapretar,etc',NULL,'2018-07-31 19:40:29',1223,14),(1306,'Verifique operaciones anteriores',NULL,'2018-07-31 19:41:55',1223,15),(1307,'3. Limpieza y prueba de estanqueidad de radiador de aceite, si se probo coloque si',NULL,'2018-07-31 19:42:51',1223,16),(1308,'Colocar radiador, ajustar tonillos.',NULL,'2018-07-31 19:43:52',1223,17),(1309,'4. Limpieza de volante, verificar corona y superficie de trabajo',NULL,'2018-07-31 19:45:23',1223,18),(1310,'Colocar volante, ajustar tornillos',NULL,'2018-07-31 19:46:19',1223,19),(1311,'Colocar placa y disco de embrague',NULL,'2018-07-31 19:47:24',1223,20),(1312,'Controlar con una directa',NULL,'2018-07-31 19:48:35',1223,21),(1313,'Controlar cojinetes guia de directa',NULL,'2018-07-31 19:49:35',1223,22),(1314,'Ajustar tornillos de placa',NULL,'2018-07-31 19:50:35',1223,23),(1315,'5. Colocar polea, ajustar trinquete.',NULL,'2018-07-31 19:51:22',1223,24),(1316,'Colocar cubre volante, ajustar tornillos',NULL,'2018-07-31 19:52:18',1223,25),(1317,'6. Colocar compresor',NULL,'2018-07-31 19:53:35',1223,26),(1318,'Descripcion:',NULL,'2018-07-31 19:55:09',1224,1),(1319,'Descripcion 2:',NULL,'2018-07-31 19:55:12',1224,2),(1320,'Descripcion 3:',NULL,'2018-07-31 19:55:15',1224,3),(1321,'Caracteristica:',NULL,'2018-07-31 20:00:06',1225,1),(1322,'1. Verificar limpieza de bomba inyectora',NULL,'2018-07-31 20:01:09',1226,1),(1323,'Verificar todos los elementos exteriores y sellos',NULL,'2018-07-31 20:01:15',1226,2),(1324,'Colocar bomba, ajustar tornillos.',NULL,'2018-07-31 20:01:20',1226,3),(1325,'Verificar punto final',NULL,'2018-07-31 20:01:26',1226,4),(1326,'Verificar juego de engranajes, conductor y conducido',NULL,'2018-07-31 20:01:32',1226,5),(1327,'Colocar caños de inyectores (verificar ajuste), caños de descarga',NULL,'2018-07-31 20:01:39',1226,6),(1328,'2. Colocar multiple de escape.',NULL,'2018-07-31 20:01:44',1226,7),(1329,'Colocar multiple',NULL,'2018-07-31 20:01:51',1226,8),(1330,'Controlar estado de bomba de agua',NULL,'2018-07-31 20:01:57',1226,9),(1331,'Colocar bomba, ajustar tornillos.',NULL,'2018-07-31 20:02:03',1226,10),(1332,'Colocar polea y paleta de ventilador',NULL,'2018-07-31 20:02:08',1226,11),(1333,'Colocar alternador',NULL,'2018-07-31 20:02:13',1226,12),(1334,'Colocar motor de arranque',NULL,'2018-07-31 20:02:19',1226,3),(1335,'Colocar patas de motor',NULL,'2018-07-31 20:02:26',1226,4),(1336,'Verificacion de todas las operaciones anteriores',NULL,'2018-07-31 20:02:36',1226,5),(1337,'3. Verificar corte de combustible de la bomba',NULL,'2018-07-31 20:02:42',1226,6),(1338,'Lavar soportes de filtros',NULL,'2018-07-31 20:03:11',1226,7),(1339,'Colocar soportes de filtros',NULL,'2018-07-31 20:03:15',1226,8),(1340,'Verificar valvulas de alivio de filtro de aceite',NULL,'2018-07-31 20:03:21',1226,9),(1341,'Colocar filtros en general.',NULL,'2018-07-31 20:03:27',1226,10),(1342,'4. Colocar varillas levanta valvulas',NULL,'2018-07-31 20:03:34',1226,11),(1343,'Colocar balancines y eje de balancines',NULL,'2018-07-31 20:03:38',1226,12),(1344,'Regular luz de valvulas',NULL,'2018-07-31 20:03:43',1226,13),(1345,'Colocar tapa de valvulas',NULL,'2018-07-31 20:03:53',1226,14),(1346,'5. Puesta a punto inyeccion o ignicion',NULL,'2018-07-31 20:04:03',1226,15),(1347,'Colocar aceite segun caracteristicas',NULL,'2018-07-31 20:04:10',1226,16),(1348,'Colocar medidas de aceite a la bomba',NULL,'2018-07-31 20:04:15',1226,17),(1349,'Verificacion de las operaciones anteriores',NULL,'2018-07-31 20:04:21',1226,18),(1350,'Emision a sala de banco de prueba',NULL,'2018-07-31 20:04:27',1226,19),(1351,'Verificar Asiento al inyector electronico',NULL,'2018-07-31 20:04:36',1226,20),(1352,'Colocar Inyector y apretar segun manual',NULL,'2018-07-31 20:04:41',1226,21),(1353,'Regular altura de Inyectores',NULL,'2018-07-31 20:04:46',1226,22),(1354,'Colocar Harnes de inyectores: corroborar que este bien',NULL,'2018-07-31 20:04:52',1226,23),(1355,'Se Pre lubrico',NULL,'2018-07-31 20:05:00',1226,24),(1356,'Se hizo prueba hidraulica de agua',NULL,'2018-07-31 20:05:07',1226,25),(1357,'Descripcion:',NULL,'2018-07-31 20:05:34',1227,1),(1359,'Descripcion 2:',NULL,'2018-07-31 20:05:50',1227,2),(1360,'Descripcion 3:',NULL,'2018-07-31 20:05:54',1227,3),(1362,'',NULL,'2018-08-03 20:20:10',1228,1),(1363,'1) Estado de casquillos y alojamientos de válvulas de admision y escape (Altura)    2) Control de estado de válvulas de admisión y escape                         3) Estado de precamaras (Alturas)',NULL,'2018-08-03 20:20:46',1228,2),(2000,'Documemntacion necesaria para el despacho:',NULL,'2018-08-07 14:44:39',2000,1),(2002,'a) Controle el motor o componente con la planilla de “Registro de recepcion de componente”',NULL,'2018-08-07 14:52:03',2001,2),(2003,'b) Si el legajo tiene anexado un Remito del cliente, entonces comparar con este:',NULL,'2018-08-07 14:55:31',2001,3),(2004,'c) Controle el motor con la planilla de “Registro de pedido de materiales interior y exterior”',NULL,'2018-08-07 14:56:28',2001,4),(2005,'d) Compare con las fotos',NULL,'2018-08-07 14:56:53',2001,5),(2006,'e) Consultar en almacen si ha quedado algun repuesto, insumo, componente, etc.',NULL,'2018-08-07 14:57:25',2001,6),(2007,'a) Controle visualmente si encuentra alguna anomalia, a saber:',NULL,'2018-08-07 14:58:49',2002,1),(2008,'Tomar Fotos:',NULL,'2018-08-07 15:01:36',2003,1),(2009,'Confeccionar remito de salida:',NULL,'2018-08-07 15:02:36',2004,1),(2010,'',NULL,'2018-08-07 15:03:24',2005,1),(2013,'1. Verificar y controlar limpieza total. Exterior e Interior. Libre de polvillo, aceites, manchas en general.',NULL,'2018-08-07 15:23:34',2006,1),(2014,'2. Verificar superficie',NULL,'2018-08-07 15:24:14',2006,2),(2016,'3. Verificar roscas',NULL,'2018-08-07 15:25:03',2006,3),(2017,'4. Verificar tapones',NULL,'2018-08-07 15:32:21',2006,4),(2018,'5. Verificar precamaras y asientos de inyector',NULL,'2018-08-07 15:35:13',2006,5),(2019,'6. Controlar guias',NULL,'2018-08-07 15:36:04',2006,6),(2020,'7. Controlar alineacion de valvula',NULL,'2018-08-07 15:36:50',2006,7),(2021,'8. Medir presion de resortes',NULL,'2018-08-07 15:37:46',2006,8),(2022,'9. Arandelas - Asientos Resortes',NULL,'2018-08-07 15:39:28',2006,9),(2023,'10. Retenes',NULL,'2018-08-07 15:41:40',2006,10),(2024,'11. Armar resortes',NULL,'2018-08-07 15:43:40',2006,11),(2025,'12. Controlar si giran los platillos',NULL,'2018-08-07 15:45:55',2006,12),(2026,'13. Platillos',NULL,'2018-08-07 15:46:49',2006,13),(2027,'14. Seguros',NULL,'2018-08-07 15:47:52',2006,14),(2028,'15. Regular valvulas',NULL,'2018-08-07 15:49:03',2006,15),(2029,'Realizar descarga de datos del ECM y/o chequeo de codigos de falla',NULL,'2018-08-07 16:26:52',2007,1),(2030,'Cargar codigos E-trim, solo para motores CAT',NULL,'2018-08-07 16:28:20',2007,2),(2031,'Disponer de los datos del motor (en caso de no tenerlos pedirlo a Coordinador y/o Jefe Tecnico) Estos datos son necesarios para banquear el motor.',NULL,'2018-08-07 16:29:31',2007,3),(2032,'Acoplar motor a banco (Conectar cardan y verificar el acoplamiento (buloneria, aprietes, estado de cardan, etc.), chequear juego axial y niveles del mismo)',NULL,'2018-08-07 16:31:30',2007,4),(2033,'Realizar y/o chequear conexiones de circuito de aceite',NULL,'2018-08-07 16:32:05',2007,5),(2034,'Chequear circuito de aceite externo (mangueras, caños, conexiones varias), inspeccionar que no tenga perdidas y/o tapones que puedan obstruir la lubricacion.',NULL,'2018-08-07 16:33:12',2007,6),(2035,'Rellenar aceite al motor y controlar nivel (dejar a medida)',NULL,'2018-08-07 16:34:23',2007,7),(2036,'Realizar y/o chequear conexiones de circuito de refrigeracion (bridas, can?os, uniones)',NULL,'2018-08-07 16:35:07',2007,8),(2037,'Armar intercooler',NULL,'2018-08-07 16:36:03',2007,9),(2038,'Rellenar y/o chequear niveles de refrigerante (dejar en rango adecuado)',NULL,'2018-08-07 18:28:20',2007,10),(2039,'Chequear presion de agua',NULL,'2018-08-07 18:31:31',2007,11),(2040,'Conectar sensor presion de combustible',NULL,'2018-08-07 18:34:32',2007,12),(2041,'Conectar sensor de temperatura de agua',NULL,'2018-08-07 18:38:12',2007,13),(2042,'Conectar sensor de temperatura de escape',NULL,'2018-08-07 19:11:19',2007,14),(2043,'Conectar sensor de temperatura de aceite',NULL,'2018-08-07 19:13:48',2007,15),(2044,'Conectar sensor de presion de aceite',NULL,'2018-08-07 19:15:29',2007,16),(2045,'Conectar sensor de presion de turbo',NULL,'2018-08-07 19:23:28',2007,17),(2046,'Controlar informacion del diagrama electrico',NULL,'2018-08-07 19:48:48',2007,5),(2047,'Realizar y Chequear Conexiones electricas (bateria, ECM, Intercomunicador, PC, etc.)',NULL,'2018-08-07 19:49:42',2007,6),(2048,'Verificar y chequear arnes de motor y sus conexiones',NULL,'2018-08-07 19:51:26',2007,7),(2049,'Realizar y/o chequear conexiones de circuito de combustible (caños, mangueras, porta filtros, filtros, etc.)',NULL,'2018-08-07 19:52:44',2007,8),(2050,'Chequear Nivel de combustible',NULL,'2018-08-07 19:55:15',2007,9),(2051,'Chequear presion de combustible',NULL,'2018-08-07 19:55:52',2007,10),(2052,'Chequear conexion y estado de carga de bateria',NULL,'2018-08-07 19:57:27',2007,11),(2053,'Chequear que el motor no tenga bloqueos mecanicos y/o hidraulicos',NULL,'2018-08-07 20:00:14',2007,12),(2054,'Despejar area en general (retirar herramienta, trapos, tachos, carros, etc.)',NULL,'2018-08-07 20:02:51',2007,13),(2055,'Chequear presencia de perdidas de fluido en Gral.',NULL,'2018-08-07 20:03:31',2007,14),(2056,'Controlar solenoide de inyectores (solo para linea CAT)',NULL,'2018-08-07 20:04:22',2007,15),(2057,'Verificar que no existan partes sueltas.',NULL,'2018-08-07 20:05:00',2007,16),(2058,'Conexiones o cambios extraordinarios (informar sobre cualquier conexion, by-pass, tapones, bloqueo de mangueras, cambio de piezas, etc.) que se realicen antes del arranque. En caso de existir observaciones informar a coordinador / Jefe tecnico antes del arranque. Se debera firmar su conformidad',NULL,'2018-08-07 20:13:04',2008,1),(2060,'Control de Fugas:',NULL,'2018-08-08 15:05:30',2010,1),(2061,'Control de Temperatura de admision:',NULL,'2018-08-08 15:06:53',2010,2),(2062,'Control de Temperatura de aceite:',NULL,'2018-08-08 15:07:48',2010,3),(2063,'Controlar Temperatura de escape:',NULL,'2018-08-08 15:13:21',2010,4),(2064,'Control de Presion de turbo:',NULL,'2018-08-08 15:14:50',2010,5),(2065,'Controlar Cardan de acoplamiento:',NULL,'2018-08-08 15:15:41',2010,6),(2066,'Control de Fugas:',NULL,'2018-08-08 15:24:16',2011,1),(2067,'Control de Temperatura de admision:',NULL,'2018-08-08 15:25:41',2011,2),(2068,'Control de Temperatura de aceite:',NULL,'2018-08-08 15:26:26',2011,3),(2069,'Control de Temperatura de escape:',NULL,'2018-08-08 15:27:59',2011,4),(2070,'Control de Presion de Turbo:',NULL,'2018-08-08 15:31:32',2011,5),(2071,'Control de Potencia:',NULL,'2018-08-08 15:32:17',2011,6),(2072,'Control de Torque:',NULL,'2018-08-08 15:33:38',2011,7),(2073,'Control de Fugas:',NULL,'2018-08-08 15:38:50',2012,1),(2074,'Control de Temperatura de admision:',NULL,'2018-08-08 15:42:26',2012,2),(2075,'Control de Temperatura de aceite:',NULL,'2018-08-08 15:45:29',2012,3),(2076,'Control de Temperatura de escape:',NULL,'2018-08-08 15:46:19',2012,4),(2077,'Controlar Presion de Turbo:',NULL,'2018-08-08 15:47:26',2012,5),(2078,'Control de Potencia:',NULL,'2018-08-08 15:49:00',2012,6),(2079,'Control de Torque:',NULL,'2018-08-08 15:49:43',2012,7),(2082,'Control de Fugas:',NULL,'2018-08-08 15:59:13',2014,1),(2083,'Control de Temperatura de admision:',NULL,'2018-08-08 16:05:38',2014,2),(2084,'Control de Temperatura de aceite:',NULL,'2018-08-08 16:06:19',2014,3),(2085,'Control de Temperatura de escape:',NULL,'2018-08-08 16:07:12',2014,4),(2086,'Control de Presion de Turbo:',NULL,'2018-08-08 16:08:01',2014,5),(2087,'Control de Potencia:',NULL,'2018-08-08 16:09:01',2014,6),(2088,'Control de Torque:',NULL,'2018-08-08 16:09:48',2014,7),(2089,'Control de Fugas:',NULL,'2018-08-08 16:15:25',2015,1),(2090,'Control de Temperatura de Admision:',NULL,'2018-08-08 16:18:01',2015,2),(2091,'Control de Temperatura de aceite:',NULL,'2018-08-08 16:21:52',2015,3),(2092,'Control de Temperatura de escape:',NULL,'2018-08-08 16:59:42',2015,4),(2093,'Control de Presion de turbo:',NULL,'2018-08-08 17:00:32',2015,5),(2094,'Control de Cardan de acoplamiento:',NULL,'2018-08-08 17:07:31',2015,6),(2095,'Regular Valvulas:',NULL,'2018-08-08 17:08:26',2016,1),(2096,'Re torqueo:',NULL,'2018-08-08 17:08:33',2016,2),(2097,'Prueba de inyectores:',NULL,'2018-08-08 17:08:39',2016,3),(2098,'Chequeo de fugas y niveles:',NULL,'2018-08-08 17:08:47',2016,4),(2099,'Control de Fugas:',NULL,'2018-08-08 17:41:55',2017,1),(2100,'Control de Temperatura de admision:',NULL,'2018-08-08 17:45:21',2017,2),(2101,'Control de Temperatura de aceite:',NULL,'2018-08-08 17:46:20',2017,3),(2102,'Control de Temperatura de escape:',NULL,'2018-08-08 17:48:01',2017,4),(2103,'Control de Presion de turbo:',NULL,'2018-08-08 17:59:51',2017,5),(2104,'Control de Cardan de acoplamiento:',NULL,'2018-08-08 18:01:03',2017,6),(2105,'Control de Fugas:',NULL,'2018-08-08 18:03:02',2018,1),(2106,'Control de Temperatura de admision:',NULL,'2018-08-08 18:19:18',2018,2),(2107,'Control de Temperatura de aceite:',NULL,'2018-08-08 18:20:04',2018,3),(2108,'Contorl de Temperatura de escape:',NULL,'2018-08-08 18:20:40',2018,4),(2109,'Control de Presion de turbo:',NULL,'2018-08-08 18:21:23',2018,5),(2110,'Control de Potencia:',NULL,'2018-08-08 18:23:20',2018,6),(2111,'Control de Torque:',NULL,'2018-08-08 18:24:40',2018,7),(2112,'Control de Fugas:',NULL,'2018-08-08 18:56:54',2019,1),(2113,'Control de Temperaturas de admision:',NULL,'2018-08-08 18:58:28',2019,2),(2114,'Control de Temperatura de aceite:',NULL,'2018-08-08 18:59:23',2019,3),(2115,'Control de Temperatura de escape:',NULL,'2018-08-08 19:00:56',2019,4),(2116,'Control de Presion de turbo:',NULL,'2018-08-08 19:04:52',2019,5),(2117,'Control de Potencia:',NULL,'2018-08-08 19:06:18',2019,6),(2118,'Control de Torque:',NULL,'2018-08-08 19:07:47',2019,7),(2119,'Control de Fugas:',NULL,'2018-08-08 19:20:20',2020,1),(2120,'Control de Temperatura de admision:',NULL,'2018-08-08 19:22:15',2020,2),(2121,'Control de Temperatura de aceite:',NULL,'2018-08-08 19:23:05',2020,3),(2122,'Control de Temperatura de escape:',NULL,'2018-08-08 19:23:42',2020,4),(2124,'Control de Presion de Turbo:',NULL,'2018-08-08 19:26:24',2020,5),(2125,'Control de Potencia:',NULL,'2018-08-08 19:27:08',2020,6),(2126,'Control de Torque:',NULL,'2018-08-08 19:28:33',2020,7),(2127,'Control de Fugas:',NULL,'2018-08-08 19:33:31',2021,1),(2128,'Control de Temperatura de admision:',NULL,'2018-08-08 19:36:38',2021,2),(2129,'Control de Temperatura de aceite:',NULL,'2018-08-08 19:38:13',2021,3),(2131,'Control de Temperatura de escape:',NULL,'2018-08-08 19:39:53',2021,4),(2132,'Control de Presion de turbo:',NULL,'2018-08-08 19:41:40',2021,5),(2133,'Control de Potencia:',NULL,'2018-08-08 19:43:20',2021,6),(2134,'Control de Torque:',NULL,'2018-08-08 19:44:59',2021,7),(2135,'Control de Fugas:',NULL,'2018-08-11 23:33:44',2022,1),(2136,'Control de Temperaturas de admision:',NULL,'2018-08-11 23:34:06',2022,2),(2137,'Control de Temperatura de Aceite:',NULL,'2018-08-11 23:34:33',2022,3),(2138,'Control de Temperatura de escape:',NULL,'2018-08-11 23:34:46',2022,4),(2139,'Control de Presion de Turbo:',NULL,'2018-08-11 23:35:00',2022,5),(2140,'Control de Potencia:',NULL,'2018-08-11 23:37:12',2022,6),(2141,'Control de Torque:',NULL,'2018-08-11 23:37:20',2022,7),(2143,'Datos:',NULL,'2018-08-13 03:00:47',2023,1),(2144,'Control de Fugas:',NULL,'2018-08-13 03:08:59',2025,1),(2145,'Control de Temperatura de admision:',NULL,'2018-08-13 03:09:14',2025,2),(2146,'Control de Temperatura de aceite:',NULL,'2018-08-13 03:09:30',2025,3),(2147,'Control de Temperatura de escape:',NULL,'2018-08-13 03:09:42',2025,4),(2148,'Control de Presion de turbo:',NULL,'2018-08-13 03:09:53',2025,5),(2149,'Control de Potencia:',NULL,'2018-08-13 03:10:02',2025,6),(2150,'Control de Torque:',NULL,'2018-08-13 03:10:09',2025,7),(2151,'Control de Fugas:',NULL,'2018-08-13 03:17:43',2026,1),(2152,'Control de Temperatura de admision:',NULL,'2018-08-13 03:18:04',2026,2),(2153,'Control de Temperatura de aceite:',NULL,'2018-08-13 03:18:16',2026,3),(2154,'Control de Temperatura de escape:',NULL,'2018-08-13 03:18:32',2026,4),(2155,'Control de Presion de turbo:',NULL,'2018-08-13 03:18:43',2026,5),(2156,'Control de Cardan de acoplamiento:',NULL,'2018-08-13 03:18:57',2026,6),(2157,'Desconectar motor mecanica y electronicamente:',NULL,'2018-08-13 03:24:31',2027,1),(2158,'Desconectar cardan:',NULL,'2018-08-13 03:24:40',2027,2),(2159,'Drenar aceite; solo si corresponde:',NULL,'2018-08-13 03:24:50',2027,3),(2160,'Drenar agua:',NULL,'2018-08-13 03:24:59',2027,4),(2161,'Dializar con refrigerante:',NULL,'2018-08-13 03:25:07',2027,5),(2162,'Desmontar motor de banco:',NULL,'2018-08-13 03:25:18',2027,6),(2163,'Compilar y realizar infrome de banqueo:',NULL,'2018-08-13 03:25:51',2028,1),(2164,'Grabar CD:',NULL,'2018-08-13 03:25:58',2028,2),(2165,'Imprimir Informe:',NULL,'2018-08-13 03:26:06',2028,3),(2166,'Datos:',NULL,'2018-08-13 03:33:43',2009,2),(2167,'Datos:',NULL,'2018-08-13 03:34:24',2024,1),(2500,'LAVADO',NULL,'2018-08-23 14:41:53',2500,1),(2501,'CILINDRO',NULL,'2018-08-23 14:45:44',2500,2),(2502,'COMPRESOR',NULL,'2018-08-23 15:04:43',2500,3),(2503,'BOMBA ACEITE BOTAD. Y BALANCINES',NULL,'2018-08-23 15:10:26',2500,4),(2504,'SOLDADURAS',NULL,'2018-08-23 15:26:17',2500,5),(2505,'TAPA DE CILINDRO',NULL,'2018-08-23 15:33:20',2500,6),(2506,'BANCADA',NULL,'2018-08-23 16:06:32',2500,7),(2507,'BIELAS',NULL,'2018-08-26 23:11:32',2500,8),(2508,'PRUEBAS HIDRAULICAS',NULL,'2018-08-26 23:19:22',2500,9),(2509,'CIGUEÑAL',NULL,'2018-08-27 00:59:09',2500,10),(2510,'SUPERFICIES',NULL,'2018-08-27 01:03:44',2500,11),(2511,'CIGUEÑAL',NULL,'2018-08-27 04:15:40',2500,12),(2512,'TORNERIA',NULL,'2018-08-27 04:23:11',2500,13),(2513,'BALANCEO',NULL,'2018-08-27 04:30:58',2500,14),(2514,'ARBOL DE LEVAS',NULL,'2018-08-27 04:39:18',2500,15),(2516,'SEMI-ARMADO DE MOTOR',NULL,'2018-08-27 04:42:41',2500,16),(2517,'ARMADO PUESTA EN MARCHA',NULL,'2018-08-27 04:47:08',2500,17),(2518,'ARMADO DE MOTOR',NULL,'2018-08-27 04:53:08',2500,18),(2519,'BOMBA INYEC. E INYECTORES',NULL,'2018-08-27 05:02:08',2500,19),(2520,'DIFERENCIAL',NULL,'2018-08-27 05:03:40',2500,20),(2521,'SERVICIOS EN CAMPO',NULL,'2018-08-27 05:04:30',2500,21),(2522,'TURBOS',NULL,'2018-08-27 05:06:52',2500,22),(2523,'CARDAN',NULL,'2018-08-27 05:08:12',2500,23),(2524,'VARIOS',NULL,'2018-08-27 05:09:17',2500,24),(5000,'',NULL,'2018-08-27 15:53:35',5000,1),(6000,'',NULL,'2018-08-30 13:49:54',6000,1),(7000,'',NULL,'2018-09-12 23:24:56',7000,1);
/*!40000 ALTER TABLE `frm_grupos` ENABLE KEYS */;
UNLOCK TABLES;

--
-- Table structure for table `frm_instancias_formulario`
--

DROP TABLE IF EXISTS `frm_instancias_formulario`;
/*!40101 SET @saved_cs_client     = @@character_set_client */;
/*!40101 SET character_set_client = utf8 */;
CREATE TABLE `frm_instancias_formulario` (
  `info_id` int(11) NOT NULL AUTO_INCREMENT,
  `ortra_id` int(11) NOT NULL,
  PRIMARY KEY (`info_id`),
  KEY `info_id` (`info_id`)
) ENGINE=InnoDB AUTO_INCREMENT=4 DEFAULT CHARSET=utf8 COLLATE=utf8_spanish_ci;
/*!40101 SET character_set_client = @saved_cs_client */;

--
-- Dumping data for table `frm_instancias_formulario`
--

LOCK TABLES `frm_instancias_formulario` WRITE;
/*!40000 ALTER TABLE `frm_instancias_formulario` DISABLE KEYS */;
INSERT INTO `frm_instancias_formulario` VALUES (1,1),(2,1),(3,1);
/*!40000 ALTER TABLE `frm_instancias_formulario` ENABLE KEYS */;
UNLOCK TABLES;

--
-- Table structure for table `frm_tipos_dato`
--

DROP TABLE IF EXISTS `frm_tipos_dato`;
/*!40101 SET @saved_cs_client     = @@character_set_client */;
/*!40101 SET character_set_client = utf8 */;
CREATE TABLE `frm_tipos_dato` (
  `TIDA_ID` int(11) NOT NULL,
  `NOMBRE` varchar(100) NOT NULL,
  `FEC_CREACION` timestamp NOT NULL DEFAULT CURRENT_TIMESTAMP,
  PRIMARY KEY (`TIDA_ID`)
) ENGINE=InnoDB DEFAULT CHARSET=latin1;
/*!40101 SET character_set_client = @saved_cs_client */;

--
-- Dumping data for table `frm_tipos_dato`
--

LOCK TABLES `frm_tipos_dato` WRITE;
/*!40000 ALTER TABLE `frm_tipos_dato` DISABLE KEYS */;
INSERT INTO `frm_tipos_dato` VALUES (1,'input','2018-07-05 14:41:04'),(2,'select','2018-07-05 15:06:02'),(3,'checkbox','2018-07-08 22:45:17'),(4,'textarea','2018-07-13 13:16:26'),(5,'input_numerico','2018-08-28 02:40:51'),(6,'input_fecha','2018-08-28 02:40:51'),(7,'input_archivo','2018-08-28 02:41:58');
/*!40000 ALTER TABLE `frm_tipos_dato` ENABLE KEYS */;
UNLOCK TABLES;

--
-- Table structure for table `frm_valores`
--

DROP TABLE IF EXISTS `frm_valores`;
/*!40101 SET @saved_cs_client     = @@character_set_client */;
/*!40101 SET character_set_client = utf8 */;
CREATE TABLE `frm_valores` (
  `VALO_ID` int(11) NOT NULL AUTO_INCREMENT,
  `NOMBRE` varchar(2000) CHARACTER SET latin1 NOT NULL,
  `PISTA` varchar(2000) CHARACTER SET latin1 DEFAULT NULL,
  `LONGITUD` int(11) DEFAULT NULL,
  `VALOR_DEFECTO` varchar(1000) CHARACTER SET latin1 DEFAULT NULL,
  `OBLIGATORIO` tinyint(1) NOT NULL DEFAULT '0',
  `FEC_CREACION` timestamp NOT NULL DEFAULT CURRENT_TIMESTAMP,
  `TIDA_ID` int(11) NOT NULL,
  `GRUP_ID` int(11) NOT NULL,
  `ORDEN` int(11) DEFAULT NULL,
  PRIMARY KEY (`VALO_ID`)
) ENGINE=InnoDB AUTO_INCREMENT=7001 DEFAULT CHARSET=utf8 COLLATE=utf8_spanish_ci;
/*!40101 SET character_set_client = @saved_cs_client */;

--
-- Dumping data for table `frm_valores`
--

LOCK TABLES `frm_valores` WRITE;
/*!40000 ALTER TABLE `frm_valores` DISABLE KEYS */;
INSERT INTO `frm_valores` VALUES (1,'Estado:',NULL,NULL,NULL,0,'2018-07-28 15:53:54',2,1,1),(2,'Estado:',NULL,NULL,NULL,0,'2018-07-28 16:02:21',2,2,1),(3,'Estado:',NULL,NULL,NULL,0,'2018-07-28 16:03:23',2,3,1),(4,'Estado:',NULL,NULL,NULL,0,'2018-07-28 16:04:23',2,4,1),(5,'Estado',NULL,NULL,NULL,0,'2018-07-28 16:05:27',2,5,1),(6,'Estado:',NULL,NULL,NULL,0,'2018-07-28 16:06:14',2,6,1),(7,'Estado:',NULL,NULL,NULL,0,'2018-07-28 16:08:00',2,7,1),(8,'Estado:',NULL,NULL,NULL,0,'2018-07-28 16:08:49',2,8,1),(9,'Pieza:',NULL,NULL,NULL,0,'2018-07-28 16:18:21',2,9,1),(10,'Estado:',NULL,NULL,NULL,0,'2018-07-28 16:18:29',2,9,2),(11,'Comentario:',NULL,NULL,NULL,0,'2018-07-28 16:18:39',4,9,3),(12,'Pieza:',NULL,NULL,NULL,0,'2018-07-28 16:20:10',2,10,1),(13,'Estado:',NULL,NULL,NULL,0,'2018-07-28 16:20:19',2,10,2),(14,'Comentario:',NULL,NULL,NULL,0,'2018-07-28 16:20:32',4,10,3),(15,'Pieza',NULL,NULL,NULL,0,'2018-07-28 16:22:06',2,11,1),(16,'Estado:',NULL,NULL,NULL,0,'2018-07-28 16:22:14',2,11,2),(17,'Comentario:',NULL,NULL,NULL,0,'2018-07-28 16:22:22',4,11,3),(18,'Pieza:',NULL,NULL,NULL,0,'2018-07-28 16:23:27',2,12,1),(19,'Estado:',NULL,NULL,NULL,0,'2018-07-28 16:23:35',2,12,2),(20,'Comentario:',NULL,NULL,NULL,0,'2018-07-28 16:23:46',4,12,3),(21,'Pieza:',NULL,NULL,NULL,0,'2018-07-28 16:24:37',2,13,1),(22,'Estado:',NULL,NULL,NULL,0,'2018-07-28 16:24:47',2,13,2),(23,'Comentario:',NULL,NULL,NULL,0,'2018-07-28 16:24:56',4,13,3),(24,'Pieza:',NULL,NULL,NULL,0,'2018-07-28 16:25:04',2,14,1),(25,'Estado:',NULL,NULL,NULL,0,'2018-07-28 16:25:10',2,14,2),(26,'Comentario:',NULL,NULL,NULL,0,'2018-07-28 16:25:17',4,14,3),(27,'Cod:2065 Desarmar y Armar',NULL,NULL,NULL,0,'2018-07-28 17:05:59',3,15,1),(28,'Cod:3066 Controlar y Calibrar',NULL,NULL,NULL,0,'2018-07-28 17:06:34',3,15,2),(29,'Cod:2068 Desarmar y Armar',NULL,NULL,NULL,0,'2018-07-28 17:07:33',3,16,1),(30,'Cod:2069 Controlar y Calibrar',NULL,NULL,NULL,0,'2018-07-28 17:08:07',3,16,2),(31,'Cod.2070 Asentar Toberas',NULL,NULL,NULL,0,'2018-07-28 17:08:27',3,16,3),(32,'Motor:',NULL,NULL,NULL,0,'2018-07-28 17:15:28',4,17,1),(33,'Caracteristica:',NULL,NULL,NULL,0,'2018-07-28 17:18:38',2,18,1),(34,'Estado:',NULL,NULL,NULL,0,'2018-07-28 17:18:45',2,18,2),(35,'(*) Indicar en Orden de Reparacion, Trabajos a Realizar:',NULL,NULL,NULL,0,'2018-07-28 17:20:38',4,18,3),(36,'Caracteristica:',NULL,NULL,NULL,0,'2018-07-28 17:21:47',2,19,1),(37,'Estado:',NULL,NULL,NULL,0,'2018-07-28 17:21:54',2,19,2),(38,'(*) Indicar en Orden de Reparacion, Trabajos a Realizar:',NULL,NULL,NULL,0,'2018-07-28 17:21:59',4,19,3),(39,'Caracteristica:',NULL,NULL,NULL,0,'2018-07-28 17:23:29',2,20,1),(40,'Estado:',NULL,NULL,NULL,0,'2018-07-28 17:23:37',2,20,2),(41,'(*) Indicar en Orden de Reparacion, Trabajos a Realizar:',NULL,NULL,NULL,0,'2018-07-28 17:23:46',4,20,3),(42,'Caracteristica:',NULL,NULL,NULL,0,'2018-07-28 17:24:58',2,21,1),(43,'Estado:',NULL,NULL,NULL,0,'2018-07-28 17:25:06',2,21,2),(44,'(*) Indicar en Orden de Reparacion, Trabajos a Realizar:',NULL,NULL,NULL,0,'2018-07-28 17:25:15',4,21,3),(45,'Caracteristicas:',NULL,NULL,NULL,0,'2018-07-28 17:26:51',2,22,1),(46,'Estado:',NULL,NULL,NULL,0,'2018-07-28 17:26:57',2,22,2),(47,'(*) Indicar en Orden de Reparacion, Trabajos a Realizar:',NULL,NULL,NULL,0,'2018-07-28 17:27:01',4,22,3),(48,'Caracteristica:',NULL,NULL,NULL,0,'2018-07-28 17:35:55',2,23,1),(49,'Estado:',NULL,NULL,NULL,0,'2018-07-28 17:36:23',2,23,2),(50,'(*) Indicar en Orden de Reparacion, Trabajos a Realizar:',NULL,NULL,NULL,0,'2018-07-28 17:37:28',4,23,3),(51,'Caracteristica:',NULL,NULL,NULL,0,'2018-07-28 17:37:44',2,24,1),(52,'Estado:',NULL,NULL,NULL,0,'2018-07-28 17:37:56',2,24,2),(53,'(*) Indicar en Orden de Reparacion, Trabajos a Realizar:',NULL,NULL,NULL,0,'2018-07-28 17:38:00',4,24,3),(54,'Caracteristica:',NULL,NULL,NULL,0,'2018-07-28 17:38:52',2,25,1),(55,'Estado:',NULL,NULL,NULL,0,'2018-07-28 17:39:01',2,25,2),(56,'(*) Indicar en Orden de Reparacion, Trabajos a Realizar:',NULL,NULL,NULL,0,'2018-07-28 17:39:05',4,25,3),(57,'Caracteristica:',NULL,NULL,NULL,0,'2018-07-28 17:39:54',2,26,1),(58,'Estado:',NULL,NULL,NULL,0,'2018-07-28 17:39:59',2,26,2),(59,'(*) Indicar en Orden de Reparacion, Trabajos a Realizar:',NULL,NULL,NULL,0,'2018-07-28 17:40:05',4,26,3),(60,'Caracteristica:',NULL,NULL,NULL,0,'2018-07-28 17:41:28',2,27,1),(61,'Estado:',NULL,NULL,NULL,0,'2018-07-28 17:41:41',2,27,2),(62,'(*) Indicar en Orden de Reparacion, Trabajos a Realizar:',NULL,NULL,NULL,0,'2018-07-28 17:41:45',4,27,3),(63,'Estado:',NULL,NULL,NULL,0,'2018-07-28 17:43:02',2,28,1),(64,'(*) Indicar en Orden de Reparacion, Trabajos a Realizar:',NULL,NULL,NULL,0,'2018-07-28 17:43:17',4,28,2),(65,'Estado:',NULL,NULL,NULL,0,'2018-07-28 17:44:07',2,29,1),(66,'(*) Indicar en Orden de Reparacion, Trabajos a Realizar:',NULL,NULL,NULL,0,'2018-07-28 17:44:11',4,29,2),(67,'Caracteristica:',NULL,NULL,NULL,0,'2018-07-28 17:46:27',2,30,1),(68,'Estado:',NULL,NULL,NULL,0,'2018-07-28 17:46:37',2,30,2),(69,'(*) Indicar en Orden de Reparacion, Trabajos a Realizar:',NULL,NULL,NULL,0,'2018-07-28 17:46:40',4,30,3),(70,'Caracteristicas:',NULL,NULL,NULL,0,'2018-07-28 17:52:08',2,31,1),(71,'Estado:',NULL,NULL,NULL,0,'2018-07-28 17:52:15',2,31,2),(72,'(*) Indique en Orden de Reparacion Trabajos a Realizar:',NULL,NULL,NULL,0,'2018-07-28 17:54:19',4,31,3),(73,'Estado:',NULL,NULL,NULL,0,'2018-07-28 17:57:29',2,32,1),(74,'(*) Indique en Orden de Reparacion Trabajos a Realizar:',NULL,NULL,NULL,0,'2018-07-28 17:57:33',4,32,2),(75,'Estado:',NULL,NULL,NULL,0,'2018-07-28 17:57:40',2,33,1),(76,'(*) Indique en Orden de Reparacion Trabajos a Realizar:',NULL,NULL,NULL,0,'2018-07-28 17:57:44',4,33,2),(77,'Caracteristica:',NULL,NULL,NULL,0,'2018-07-28 18:02:44',2,34,1),(78,'Estado:',NULL,NULL,NULL,0,'2018-07-28 18:02:51',2,34,2),(79,'(*) Indique en Orden de Reparacion Trabajos a Realizar:',NULL,NULL,NULL,0,'2018-07-28 18:03:03',4,34,3),(80,'Caracteristica:',NULL,NULL,NULL,0,'2018-07-28 18:03:42',2,35,1),(81,'Estado:',NULL,NULL,NULL,0,'2018-07-28 18:03:49',2,35,2),(82,'(*) Indique en Orden de Reparacion Trabajos a Realizar:',NULL,NULL,NULL,0,'2018-07-28 18:03:53',4,35,3),(83,'Caracteristica:',NULL,NULL,NULL,0,'2018-07-28 18:04:18',2,36,1),(84,'Estado:',NULL,NULL,NULL,0,'2018-07-28 18:04:34',2,36,2),(85,'(*) Indique en Orden de Reparacion Trabajos a Realizar:',NULL,NULL,NULL,0,'2018-07-28 18:04:38',4,36,3),(86,'Caracteristica:',NULL,NULL,NULL,0,'2018-07-28 18:05:27',2,37,1),(87,'Estado:',NULL,NULL,NULL,0,'2018-07-28 18:05:34',2,37,2),(88,'(*) Indique en Orden de Reparacion Trabajos a Realizar:',NULL,NULL,NULL,0,'2018-07-28 18:05:38',4,37,3),(89,'Caracteristica:',NULL,NULL,NULL,0,'2018-07-28 18:05:49',2,38,1),(90,'Estado:',NULL,NULL,NULL,0,'2018-07-28 18:05:56',2,38,2),(91,'(*) Indique en Orden de Reparacion Trabajos a Realizar:',NULL,NULL,NULL,0,'2018-07-28 18:05:59',4,38,3),(92,'Caracteristica:',NULL,NULL,NULL,0,'2018-07-28 18:06:12',2,39,1),(93,'Estado:',NULL,NULL,NULL,0,'2018-07-28 18:06:20',2,39,2),(94,'(*) Indique en Orden de Reparacion Trabajos a Realizar:',NULL,NULL,NULL,0,'2018-07-28 18:06:24',4,39,3),(95,'Caracteristica:',NULL,NULL,NULL,0,'2018-07-28 18:06:36',2,40,1),(96,'Estado:',NULL,NULL,NULL,0,'2018-07-28 18:06:44',2,40,2),(97,'(*) Indique en Orden de Reparacion Trabajos a Realizar:',NULL,NULL,NULL,0,'2018-07-28 18:06:47',4,40,3),(98,'Caracteristica:',NULL,NULL,NULL,0,'2018-07-28 18:08:36',2,41,1),(99,'Estado:',NULL,NULL,NULL,0,'2018-07-28 18:08:44',2,41,2),(100,'(*) Indicar en Orden de Reparacion, Trabajos a Realizar:',NULL,NULL,NULL,0,'2018-07-28 18:08:47',4,41,3),(101,'Caracteristica:',NULL,NULL,NULL,0,'2018-07-28 18:08:59',2,42,1),(102,'Estado:',NULL,NULL,NULL,0,'2018-07-28 18:09:08',2,42,2),(103,'(*) Indicar en Orden de Reparacion, Trabajos a Realizar:',NULL,NULL,NULL,0,'2018-07-28 18:09:13',4,42,3),(104,'Caracteristica:',NULL,NULL,NULL,0,'2018-07-28 18:09:38',2,43,1),(105,'Estados',NULL,NULL,NULL,0,'2018-07-28 18:09:44',2,43,2),(106,'(*) Indicar en Orden de Reparacion, Trabajos a Realizar:',NULL,NULL,NULL,0,'2018-07-28 18:09:49',4,43,3),(107,'Caracteristicas:',NULL,NULL,NULL,0,'2018-07-28 18:10:01',2,44,1),(108,'Estado:',NULL,NULL,NULL,0,'2018-07-28 18:10:09',2,44,2),(109,'(*) Indicar en Orden de Reparacion, Trabajos a Realizar:',NULL,NULL,NULL,0,'2018-07-28 18:10:13',4,44,3),(110,'Caracteristica:',NULL,NULL,NULL,0,'2018-07-28 18:10:26',2,45,1),(111,'Estado:',NULL,NULL,NULL,0,'2018-07-28 18:10:36',2,45,2),(112,'(*) Indicar en Orden de Reparacion, Trabajos a Realizar:',NULL,NULL,NULL,0,'2018-07-28 18:10:40',4,45,3),(113,'Caracteristica:',NULL,NULL,NULL,0,'2018-07-28 18:10:51',2,46,1),(114,'Estado:',NULL,NULL,NULL,0,'2018-07-28 18:10:56',2,46,2),(115,'(*) Indicar en Orden de Reparacion, Trabajos a Realizar:',NULL,NULL,NULL,0,'2018-07-28 18:10:59',4,46,3),(116,'Caracteristica:',NULL,NULL,NULL,0,'2018-07-28 18:24:33',2,47,1),(117,'Estado:',NULL,NULL,NULL,0,'2018-07-28 18:24:42',2,47,2),(118,'(*) Indicar en Orden de Reparacion, Trabajos a Realizar:',NULL,NULL,NULL,0,'2018-07-28 18:24:58',4,47,3),(119,'Caracteristica:',NULL,NULL,NULL,0,'2018-07-28 18:25:06',2,48,1),(120,'Estado:',NULL,NULL,NULL,0,'2018-07-28 18:25:14',2,48,2),(121,'(*) Indicar en Orden de Reparacion, Trabajos a Realizar:',NULL,NULL,NULL,0,'2018-07-28 18:25:18',4,48,3),(122,'Caracteristica:',NULL,NULL,NULL,0,'2018-07-28 18:25:26',2,49,1),(123,'Estado:',NULL,NULL,NULL,0,'2018-07-28 18:25:33',2,49,2),(124,'(*) Indicar en Orden de Reparacion, Trabajos a Realizar:',NULL,NULL,NULL,0,'2018-07-28 18:25:37',2,49,3),(125,'Caracteristica:',NULL,NULL,NULL,0,'2018-07-28 18:25:47',2,50,1),(126,'Estado:',NULL,NULL,NULL,0,'2018-07-28 18:25:54',2,50,2),(127,'(*) Indicar en Orden de Reparacion, Trabajos a Realizar:',NULL,NULL,NULL,0,'2018-07-28 18:25:58',4,50,3),(128,'Caractreristica:',NULL,NULL,NULL,0,'2018-07-28 18:26:07',2,51,1),(129,'Estado:',NULL,NULL,NULL,0,'2018-07-28 18:26:16',2,51,2),(130,'(*) Indicar en Orden de Reparacion, Trabajos a Realizar:',NULL,NULL,NULL,0,'2018-07-28 18:26:20',4,51,3),(131,'Caracteristica:',NULL,NULL,NULL,0,'2018-07-28 18:26:30',2,52,1),(132,'Estado:',NULL,NULL,NULL,0,'2018-07-28 18:26:36',2,52,2),(133,'(*) Indicar en Orden de Reparacion, Trabajos a Realizar:',NULL,NULL,NULL,0,'2018-07-28 18:26:39',4,52,3),(134,'Caracteristica:',NULL,NULL,NULL,0,'2018-07-28 18:26:48',2,53,1),(135,'Estado:',NULL,NULL,NULL,0,'2018-07-28 18:26:54',2,53,2),(136,'(*) Indicar en Orden de Reparacion, Trabajos a Realizar:',NULL,NULL,NULL,0,'2018-07-28 18:26:59',4,53,3),(137,'Caracterisitica:',NULL,NULL,NULL,0,'2018-07-28 18:27:40',2,54,1),(138,'Estados:',NULL,NULL,NULL,0,'2018-07-28 18:27:51',2,54,2),(139,'(*) Indicar en Orden de Reparacion, Trabajos a Realizar:',NULL,NULL,NULL,0,'2018-07-28 18:27:55',4,54,3),(141,'Estado:',NULL,NULL,NULL,0,'2018-07-28 18:28:24',2,55,2),(142,'(*) Indicar en Orden de Reparacion, Trabajos a Realizar:',NULL,NULL,NULL,0,'2018-07-28 18:28:28',4,55,3),(144,'Estado:',NULL,NULL,NULL,0,'2018-07-28 18:28:43',2,56,2),(145,'(*) Indicar en Orden de Reparacion, Trabajos a Realizar:',NULL,NULL,NULL,0,'2018-07-28 18:28:46',4,56,3),(146,'Caracteristica:',NULL,NULL,NULL,0,'2018-07-28 18:40:07',2,57,1),(147,'Estado:',NULL,NULL,NULL,0,'2018-07-28 18:40:16',2,57,2),(148,'(*) Indicar en Orden de Reparacion, Trabajos a Realizar:',NULL,NULL,NULL,0,'2018-07-28 18:40:31',4,57,3),(149,'Caracteristica:',NULL,NULL,NULL,0,'2018-07-28 18:42:00',2,58,1),(150,'Estado:',NULL,NULL,NULL,0,'2018-07-28 18:43:05',2,58,2),(151,'(*) Indicar en Orden de Reparacion, Trabajos a Realizar:',NULL,NULL,NULL,0,'2018-07-28 18:43:09',4,58,3),(152,'Caracteristica:',NULL,NULL,NULL,0,'2018-07-28 18:44:06',2,59,1),(153,'Estado:',NULL,NULL,NULL,0,'2018-07-28 18:44:12',2,59,2),(154,'(*) Indicar en Orden de Reparacion, Trabajos a Realizar:',NULL,NULL,NULL,0,'2018-07-28 18:44:15',4,59,3),(155,'Caracteristica:',NULL,NULL,NULL,0,'2018-07-28 18:45:28',2,60,1),(156,'Estado:',NULL,NULL,NULL,0,'2018-07-28 18:45:35',2,60,2),(157,'(*) Indicar en Orden de Reparacion, Trabajos a Realizar:',NULL,NULL,NULL,0,'2018-07-28 18:45:54',4,60,3),(158,'Estado:',NULL,NULL,NULL,0,'2018-07-28 18:47:03',2,61,1),(159,'(*) Indicar en Orden de Reparacion, Trabajos a Realizar:',NULL,NULL,NULL,0,'2018-07-28 18:47:16',4,61,2),(160,'Estado:',NULL,NULL,NULL,0,'2018-07-28 18:48:28',2,62,1),(161,'(*) Indicar en Orden de Reparacion, Trabajos a Realizar:',NULL,NULL,NULL,0,'2018-07-28 18:48:36',4,62,2),(163,'Estado:',NULL,NULL,NULL,0,'2018-07-28 18:52:20',2,63,2),(164,'(*) Indicar en Orden de Reparacion, Trabajos a Realizar:',NULL,NULL,NULL,0,'2018-07-28 18:52:25',4,63,3),(165,'Estado:',NULL,NULL,NULL,0,'2018-07-28 18:53:57',2,64,1),(166,'(*) Indicar en Orden de Reparacion, Trabajos a Realizar:',NULL,NULL,NULL,0,'2018-07-28 18:54:02',4,64,2),(167,'Caracterisitica:',NULL,NULL,NULL,0,'2018-07-28 18:54:55',2,65,1),(168,'Estado:',NULL,NULL,NULL,0,'2018-07-28 18:55:01',2,65,2),(169,'(*) Indicar en Orden de Reparacion, Trabajos a Realizar:',NULL,NULL,NULL,0,'2018-07-28 18:55:04',4,65,3),(170,'Caracteristica:',NULL,NULL,NULL,0,'2018-07-28 18:56:14',2,66,1),(171,'Estado:',NULL,NULL,NULL,0,'2018-07-28 18:56:19',2,66,2),(172,'(*) Indicar en Orden de Reparacion, Trabajos a Realizar:',NULL,NULL,NULL,0,'2018-07-28 18:56:23',4,66,3),(173,'Caracteristica:',NULL,NULL,NULL,0,'2018-07-28 18:58:06',2,67,1),(174,'Estado:',NULL,NULL,NULL,0,'2018-07-28 18:58:14',2,67,2),(175,'(*) Indicar en Orden de Reparacion, Trabajos a Realizar:',NULL,NULL,NULL,0,'2018-07-28 18:58:18',4,67,3),(176,'Caracterisitica:',NULL,NULL,NULL,0,'2018-07-28 19:00:00',2,68,1),(177,'Estado:',NULL,NULL,NULL,0,'2018-07-28 19:00:07',2,68,2),(178,'(*) Indicar en Orden de Reparacion, Trabajos a Realizar:',NULL,NULL,NULL,0,'2018-07-28 19:00:16',4,68,3),(179,'Caracteristica:',NULL,NULL,NULL,0,'2018-07-28 19:01:48',2,69,1),(180,'Estado:',NULL,NULL,NULL,0,'2018-07-28 19:01:55',2,69,2),(181,'(*) Indicar en Orden de Reparacion, Trabajos a Realizar:',NULL,NULL,NULL,0,'2018-07-28 19:01:58',4,69,3),(182,'Caracteristica:',NULL,NULL,NULL,0,'2018-07-28 22:23:48',5,70,1),(183,'Estado:',NULL,NULL,NULL,0,'2018-07-28 22:24:44',2,70,2),(184,'Caracteristica:',NULL,NULL,NULL,0,'2018-07-28 22:26:19',5,71,1),(185,'Estado:',NULL,NULL,NULL,0,'2018-07-28 22:26:32',2,71,2),(186,'Caracteristica:',NULL,NULL,NULL,0,'2018-07-28 22:27:44',5,72,1),(187,'Estado:',NULL,NULL,NULL,0,'2018-07-28 22:27:52',2,72,2),(188,'Caracteristica:',NULL,NULL,NULL,0,'2018-07-28 22:29:23',5,73,1),(189,'Estado:',NULL,NULL,NULL,0,'2018-07-28 22:29:29',2,73,2),(190,'Caracteristica:',NULL,NULL,NULL,0,'2018-07-28 22:30:31',5,74,1),(191,'Estado:',NULL,NULL,NULL,0,'2018-07-28 22:30:38',2,74,2),(192,'Caracteristica:',NULL,NULL,NULL,0,'2018-07-28 22:33:02',5,75,1),(193,'Estado:',NULL,NULL,NULL,0,'2018-07-28 22:37:51',2,75,2),(194,'Caracteristica:',NULL,NULL,NULL,0,'2018-07-28 22:43:44',5,77,1),(195,'Estado:',NULL,NULL,NULL,0,'2018-07-28 22:43:52',2,77,2),(196,'Caracteristica:',NULL,NULL,NULL,0,'2018-07-28 22:44:10',5,78,1),(197,'(*) Indicar en Orden de Reparacion, Trabajos a Realizar:',NULL,NULL,NULL,0,'2018-07-28 22:44:26',4,70,3),(198,'(*) Indicar en Orden de Reparacion, Trabajos a Realizar:',NULL,NULL,NULL,0,'2018-07-28 22:44:32',4,71,3),(199,'(*) Indicar en Orden de Reparacion, Trabajos a Realizar:',NULL,NULL,NULL,0,'2018-07-28 22:44:37',4,72,3),(200,'(*) Indicar en Orden de Reparacion, Trabajos a Realizar:',NULL,NULL,NULL,0,'2018-07-28 22:44:42',4,73,3),(201,'(*) Indicar en Orden de Reparacion, Trabajos a Realizar:',NULL,NULL,NULL,0,'2018-07-28 22:44:47',4,74,3),(202,'(*) Indicar en Orden de Reparacion, Trabajos a Realizar:',NULL,NULL,NULL,0,'2018-07-28 22:44:52',4,75,3),(203,'(*) Indicar en Orden de Reparacion, Trabajos a Realizar:',NULL,NULL,NULL,0,'2018-07-28 22:44:57',4,77,3),(205,'Estado:',NULL,NULL,NULL,0,'2018-07-28 22:45:35',2,78,2),(206,'(*) Indicar en Orden de Reparacion, Trabajos a Realizar:',NULL,NULL,NULL,0,'2018-07-28 22:45:38',4,78,3),(207,'Caracteristica:',NULL,NULL,NULL,0,'2018-07-28 22:46:01',5,79,1),(208,'Estado:',NULL,NULL,NULL,0,'2018-07-28 22:46:07',2,79,2),(209,'(*) Indicar en Orden de Reparacion, Trabajos a Realizar:',NULL,NULL,NULL,0,'2018-07-28 22:46:11',4,79,3),(210,'Estado:',NULL,NULL,NULL,0,'2018-07-28 23:04:16',2,80,1),(211,'Indique Motivo de Rechazo:',NULL,NULL,NULL,0,'2018-07-28 23:04:31',4,80,2),(214,'Medida Requerida:',NULL,NULL,NULL,0,'2018-07-28 23:10:03',5,81,1),(215,'Medida Obtenida:',NULL,NULL,NULL,0,'2018-07-28 23:10:15',5,81,2),(216,'Medida Requerida:',NULL,NULL,NULL,0,'2018-07-28 23:10:24',5,82,1),(217,'Medida Obtenida:',NULL,NULL,NULL,0,'2018-07-28 23:10:34',5,82,2),(218,'Medida Requerida:',NULL,NULL,NULL,0,'2018-07-28 23:10:48',5,83,1),(219,'Medida Obtenida:',NULL,NULL,NULL,0,'2018-07-28 23:11:00',5,83,2),(221,'',NULL,NULL,NULL,0,'2018-07-28 23:12:23',4,85,1),(222,'Estado:',NULL,NULL,NULL,0,'2018-07-28 23:13:50',2,86,1),(223,'Indique Motivo del Rechazo',NULL,NULL,NULL,0,'2018-07-28 23:14:08',4,86,2),(224,'Dureza Requerida:',NULL,NULL,NULL,0,'2018-07-28 23:17:28',5,87,1),(225,'Dureza Obtenida:',NULL,NULL,NULL,0,'2018-07-28 23:17:37',5,87,2),(226,'Estado:',NULL,NULL,NULL,0,'2018-07-28 23:17:41',2,87,3),(227,'Dureza Obtenida:',NULL,NULL,NULL,0,'2018-07-28 23:18:09',5,88,1),(228,'Duraza Requerida:',NULL,NULL,NULL,0,'2018-07-28 23:18:27',5,88,2),(229,'Estado:',NULL,NULL,NULL,0,'2018-07-28 23:18:28',2,88,3),(230,'Dureza Reuqerida:',NULL,NULL,NULL,0,'2018-07-28 23:19:01',5,89,1),(231,'Dureza Obtenida:',NULL,NULL,NULL,0,'2018-07-28 23:19:10',5,89,2),(232,'Estado:',NULL,NULL,NULL,0,'2018-07-28 23:19:14',2,89,3),(233,'Metodo:',NULL,NULL,NULL,0,'2018-07-28 23:19:45',2,87,4),(234,'Metodo:',NULL,NULL,NULL,0,'2018-07-28 23:20:38',2,88,4),(235,'Metodo:',NULL,NULL,NULL,0,'2018-07-28 23:21:00',2,89,4),(236,'Estado:',NULL,NULL,NULL,0,'2018-07-28 23:22:21',2,90,1),(237,'Estado:',NULL,NULL,NULL,0,'2018-07-28 23:22:23',2,91,1),(238,'Estado:',NULL,NULL,NULL,0,'2018-07-28 23:22:25',2,92,1),(239,'Estado:',NULL,NULL,NULL,0,'2018-07-28 23:22:27',2,93,1),(240,'Estado:',NULL,NULL,NULL,0,'2018-07-28 23:23:07',2,94,1),(241,'Estado:',NULL,NULL,NULL,0,'2018-07-28 23:23:12',2,95,1),(242,'Estado:',NULL,NULL,NULL,0,'2018-07-28 23:29:54',2,96,1),(243,'Indique Motivo de Rechazo:',NULL,NULL,NULL,0,'2018-07-28 23:30:08',4,96,2),(244,'Estado:',NULL,NULL,NULL,0,'2018-07-28 23:31:28',2,97,1),(245,'Estado:',NULL,NULL,NULL,0,'2018-07-28 23:32:09',2,98,1),(246,'Estado:',NULL,NULL,NULL,0,'2018-07-28 23:32:43',2,99,1),(247,'Estado:',NULL,NULL,NULL,0,'2018-07-28 23:34:24',2,101,1),(248,'Estado:',NULL,NULL,NULL,0,'2018-07-28 23:34:31',2,102,1),(249,'Estado:',NULL,NULL,NULL,0,'2018-07-28 23:34:38',2,103,1),(250,'Estado:',NULL,NULL,NULL,0,'2018-07-28 23:36:38',2,104,1),(251,'Estado:',NULL,NULL,NULL,0,'2018-07-28 23:37:01',2,105,1),(252,'Estado',NULL,NULL,NULL,0,'2018-07-28 23:37:24',2,106,1),(253,'Estado:',NULL,NULL,NULL,0,'2018-07-28 23:37:50',2,107,1),(254,'Estado:',NULL,NULL,NULL,0,'2018-07-28 23:38:24',2,108,1),(255,'Estado:',NULL,NULL,NULL,0,'2018-07-28 23:38:47',2,109,1),(256,'Estado:',NULL,NULL,NULL,0,'2018-07-28 23:39:14',2,110,1),(257,'Estado:',NULL,NULL,NULL,0,'2018-07-28 23:39:39',2,111,1),(258,'Estado:',NULL,NULL,NULL,0,'2018-07-28 23:40:06',2,112,1),(259,'Estado:',NULL,NULL,NULL,0,'2018-07-28 23:40:35',2,113,1),(260,'Estado:',NULL,NULL,NULL,0,'2018-07-28 23:40:57',2,114,1),(261,'Estado:',NULL,NULL,NULL,0,'2018-07-28 23:46:15',2,122,1),(262,'Estado:',NULL,NULL,NULL,0,'2018-07-28 23:46:17',2,123,1),(263,'Estado:',NULL,NULL,NULL,0,'2018-07-28 23:46:19',2,124,1),(264,'Estado:',NULL,NULL,NULL,0,'2018-07-28 23:46:21',2,125,1),(265,'Estado:',NULL,NULL,NULL,0,'2018-07-28 23:46:23',2,126,1),(266,'Estado:',NULL,NULL,NULL,0,'2018-07-28 23:46:25',2,127,1),(267,'Estado:',NULL,NULL,NULL,0,'2018-07-28 23:46:27',2,128,1),(268,'Estado:',NULL,NULL,NULL,0,'2018-07-28 23:46:30',2,129,1),(269,'Estado:',NULL,NULL,NULL,0,'2018-07-28 23:46:33',2,130,1),(270,'Estado:',NULL,NULL,NULL,0,'2018-07-28 23:46:39',2,131,1),(271,'Estado:',NULL,NULL,NULL,0,'2018-07-28 23:46:41',2,132,1),(272,'Estado:',NULL,NULL,NULL,0,'2018-07-28 23:46:50',2,133,1),(273,'Estado:',NULL,NULL,NULL,0,'2018-07-28 23:46:53',2,134,1),(274,'Estado:',NULL,NULL,NULL,0,'2018-07-28 23:46:54',2,135,1),(275,'Estado:',NULL,NULL,NULL,0,'2018-07-28 23:46:57',2,136,1),(276,'Estado:',NULL,NULL,NULL,0,'2018-07-28 23:46:59',2,137,1),(277,'Estado:',NULL,NULL,NULL,0,'2018-07-28 23:47:02',2,138,1),(279,'Referencia STD Muñon:',NULL,NULL,NULL,0,'2018-07-28 23:50:45',5,140,1),(280,'Referencia de Ojo:',NULL,NULL,NULL,0,'2018-07-28 23:51:09',5,140,2),(281,'Medida Muñon:',NULL,NULL,NULL,0,'2018-07-29 00:03:58',5,141,1),(282,'Medida Ojo:',NULL,NULL,NULL,0,'2018-07-29 00:04:10',5,141,2),(283,'Medida Muñon:',NULL,NULL,NULL,0,'2018-07-29 00:05:04',5,142,1),(284,'Medida Ojo:',NULL,NULL,NULL,0,'2018-07-29 00:05:16',5,142,2),(285,'Medida Muñon:',NULL,NULL,NULL,0,'2018-07-29 00:06:37',5,143,1),(286,'Medida Ojo:',NULL,NULL,NULL,0,'2018-07-29 00:06:47',5,143,2),(287,'Medida Muñon:',NULL,NULL,NULL,0,'2018-07-29 00:06:52',5,144,1),(288,'Medida Ojo:',NULL,NULL,NULL,0,'2018-07-29 00:06:59',5,144,2),(289,'Medida Muñon:',NULL,NULL,NULL,0,'2018-07-29 00:07:03',5,145,1),(290,'Medida Ojo:',NULL,NULL,NULL,0,'2018-07-29 00:07:10',5,145,2),(291,'Medida Muñon:',NULL,NULL,NULL,0,'2018-07-29 00:07:15',5,146,1),(292,'Medida Ojo:',NULL,NULL,NULL,0,'2018-07-29 00:07:21',5,146,2),(293,'Medida Muñon:',NULL,NULL,NULL,0,'2018-07-29 00:07:33',5,147,1),(294,'Medida Ojo:',NULL,NULL,NULL,0,'2018-07-29 00:07:41',5,147,2),(295,'Medida Muñon:',NULL,NULL,NULL,0,'2018-07-29 00:07:46',5,148,1),(296,'Medida Ojo:',NULL,NULL,NULL,0,'2018-07-29 00:07:53',5,148,2),(297,'Medida Muñon:',NULL,NULL,NULL,0,'2018-07-29 00:07:59',5,149,1),(298,'Medida Ojo:',NULL,NULL,NULL,0,'2018-07-29 00:08:05',5,149,2),(299,'Medida Muñon:',NULL,NULL,NULL,0,'2018-07-29 00:08:10',5,150,1),(300,'Medida Ojo:',NULL,NULL,NULL,0,'2018-07-29 00:08:16',5,150,2),(301,'Medida Muñon:',NULL,NULL,NULL,0,'2018-07-29 00:08:22',5,151,1),(302,'Medida Ojo:',NULL,NULL,NULL,0,'2018-07-29 00:08:28',5,151,2),(303,'Medida Muñon:',NULL,NULL,NULL,0,'2018-07-29 00:08:32',5,152,1),(304,'Medida Ojo:',NULL,NULL,NULL,0,'2018-07-29 00:08:39',5,152,2),(305,'Medida Muñon:',NULL,NULL,NULL,0,'2018-07-29 00:08:44',5,153,1),(306,'Medida Ojo:',NULL,NULL,NULL,0,'2018-07-29 00:08:51',5,153,2),(307,'Medida Muñon:',NULL,NULL,NULL,0,'2018-07-29 00:09:20',5,154,1),(308,'Medida Ojo:',NULL,NULL,NULL,0,'2018-07-29 00:09:28',5,154,2),(309,'Medida Muñon:',NULL,NULL,NULL,0,'2018-07-29 00:11:09',5,155,1),(310,'Medida Ojo:',NULL,NULL,NULL,0,'2018-07-29 00:11:16',5,155,2),(311,'Medida Muñon:',NULL,NULL,NULL,0,'2018-07-29 00:11:22',5,156,1),(312,'Medida Ojo:',NULL,NULL,NULL,0,'2018-07-29 00:11:33',5,156,2),(313,'Medida Muñon:',NULL,NULL,NULL,0,'2018-07-29 00:11:37',5,157,1),(314,'Medida Ojo:',NULL,NULL,NULL,0,'2018-07-29 00:11:44',5,157,2),(315,'Medida de Referencia STD:',NULL,NULL,NULL,0,'2018-07-29 00:15:33',5,158,1),(316,'Medida:',NULL,NULL,NULL,0,'2018-07-29 00:26:20',5,159,1),(317,'Medida:',NULL,NULL,NULL,0,'2018-07-29 00:26:25',5,160,1),(318,'Medida:',NULL,NULL,NULL,0,'2018-07-29 00:26:30',5,161,1),(319,'Medida:',NULL,NULL,NULL,0,'2018-07-29 00:26:36',5,162,1),(320,'Medida:',NULL,NULL,NULL,0,'2018-07-29 00:26:59',5,163,1),(321,'Medida:',NULL,NULL,NULL,0,'2018-07-29 00:27:12',5,164,1),(322,'Medida:',NULL,NULL,NULL,0,'2018-07-29 00:27:19',5,165,1),(323,'Medida:',NULL,NULL,NULL,0,'2018-07-29 00:27:24',5,166,1),(324,'Medida:',NULL,NULL,NULL,0,'2018-07-29 00:27:35',5,167,1),(325,'Medida:',NULL,NULL,NULL,0,'2018-07-29 00:27:40',5,168,1),(326,'Medida:',NULL,NULL,NULL,0,'2018-07-29 00:27:46',5,169,1),(327,'Medida:',NULL,NULL,NULL,0,'2018-07-29 00:27:57',5,170,1),(328,'Medida:',NULL,NULL,NULL,0,'2018-07-29 00:28:02',5,171,1),(329,'Medida:',NULL,NULL,NULL,0,'2018-07-29 00:28:07',5,172,1),(330,'Medida:',NULL,NULL,NULL,0,'2018-07-29 00:28:12',5,173,1),(331,'Medida:',NULL,NULL,NULL,0,'2018-07-29 00:28:18',5,174,1),(332,'Medida:',NULL,NULL,NULL,0,'2018-07-29 00:28:23',5,175,1),(333,'Estado:',NULL,NULL,NULL,0,'2018-07-29 04:22:41',2,176,1),(334,'Estado:',NULL,NULL,NULL,0,'2018-07-29 04:22:49',2,177,1),(335,'Estado:',NULL,NULL,NULL,0,'2018-07-29 04:22:58',2,178,1),(336,'Estado:',NULL,NULL,NULL,0,'2018-07-29 04:23:08',2,179,1),(337,'Estado:',NULL,NULL,NULL,0,'2018-07-29 04:23:16',2,180,1),(338,'Estado:',NULL,NULL,NULL,0,'2018-07-29 04:25:25',2,181,1),(339,'Estado:',NULL,NULL,NULL,0,'2018-07-29 04:25:33',2,182,1),(340,'Estado:',NULL,NULL,NULL,0,'2018-07-29 04:25:40',2,183,1),(341,'Estado:',NULL,NULL,NULL,0,'2018-07-29 04:25:54',2,184,1),(342,'Estado:',NULL,NULL,NULL,0,'2018-07-29 04:26:02',2,185,1),(343,'Estado:',NULL,NULL,NULL,0,'2018-07-29 04:26:08',2,186,1),(344,'Estado:',NULL,NULL,NULL,0,'2018-07-29 04:26:15',2,187,1),(345,'Estado:',NULL,NULL,NULL,0,'2018-07-29 04:26:25',2,188,1),(346,'Estado:',NULL,NULL,NULL,0,'2018-07-29 04:26:33',2,189,1),(347,'Estado:',NULL,NULL,NULL,0,'2018-07-29 04:26:43',2,190,1),(348,'Estado:',NULL,NULL,NULL,0,'2018-07-29 04:26:52',2,191,1),(349,'Estado:',NULL,NULL,NULL,0,'2018-07-29 04:27:00',2,192,1),(350,'Referencia Rotativo:',NULL,NULL,NULL,0,'2018-07-29 04:28:46',5,193,1),(351,'Referencia Alternativo:',NULL,NULL,NULL,0,'2018-07-29 04:29:12',5,193,2),(352,'Estado:',NULL,NULL,NULL,0,'2018-07-29 04:29:30',2,194,1),(353,'Estado:',NULL,NULL,NULL,0,'2018-07-29 04:29:36',2,195,1),(354,'Estado:',NULL,NULL,NULL,0,'2018-07-29 04:30:08',2,196,1),(355,'Estado:',NULL,NULL,NULL,0,'2018-07-29 04:30:16',2,197,1),(356,'Estado:',NULL,NULL,NULL,0,'2018-07-29 04:30:27',2,198,1),(357,'Estado:',NULL,NULL,NULL,0,'2018-07-29 04:31:17',2,199,1),(358,'Estado:',NULL,NULL,NULL,0,'2018-07-29 04:31:20',2,200,1),(359,'Estado:',NULL,NULL,NULL,0,'2018-07-29 04:31:23',2,201,1),(360,'Estado:',NULL,NULL,NULL,0,'2018-07-29 04:31:26',2,202,1),(361,'Estado:',NULL,NULL,NULL,0,'2018-07-29 04:31:28',2,203,1),(362,'Estado:',NULL,NULL,NULL,0,'2018-07-29 04:31:31',2,204,1),(363,'Estado:',NULL,NULL,NULL,0,'2018-07-29 04:31:34',2,205,1),(364,'Estado:',NULL,NULL,NULL,0,'2018-07-29 04:31:37',2,206,1),(365,'Estado:',NULL,NULL,NULL,0,'2018-07-29 04:31:39',2,207,1),(366,'Estado:',NULL,NULL,NULL,0,'2018-07-29 04:31:42',2,208,1),(367,'Estado:',NULL,NULL,NULL,0,'2018-07-29 04:31:45',2,209,1),(368,'Estado:',NULL,NULL,NULL,0,'2018-07-29 04:31:47',2,210,1),(369,'Estado:',NULL,NULL,NULL,0,'2018-07-29 04:34:25',2,211,1),(370,'Estado:',NULL,NULL,NULL,0,'2018-07-29 04:34:27',2,212,1),(371,'Estado:',NULL,NULL,NULL,0,'2018-07-29 04:34:29',2,213,1),(372,'Estado:',NULL,NULL,NULL,0,'2018-07-29 04:34:32',2,214,1),(373,'Estado:',NULL,NULL,NULL,0,'2018-07-29 04:34:34',2,215,1),(374,'Estado:',NULL,NULL,NULL,0,'2018-07-29 04:34:36',2,216,1),(375,'Estado:',NULL,NULL,NULL,0,'2018-07-29 04:34:39',2,217,1),(376,'Estado:',NULL,NULL,NULL,0,'2018-07-29 04:34:41',2,218,1),(377,'Estado:',NULL,NULL,NULL,0,'2018-07-29 04:34:44',2,219,1),(378,'Estado:',NULL,NULL,NULL,0,'2018-07-29 04:34:47',2,220,1),(379,'Estado:',NULL,NULL,NULL,0,'2018-07-29 04:34:50',2,221,1),(380,'Estado:',NULL,NULL,NULL,0,'2018-07-29 04:34:54',2,222,1),(381,'Estado:',NULL,NULL,NULL,0,'2018-07-29 04:34:56',2,223,1),(382,'Estado:',NULL,NULL,NULL,0,'2018-07-29 04:34:59',2,224,1),(383,'Estado:',NULL,NULL,NULL,0,'2018-07-29 04:35:02',2,225,1),(384,'Estado:',NULL,NULL,NULL,0,'2018-07-29 04:35:04',2,226,1),(385,'Estado:',NULL,NULL,NULL,0,'2018-07-29 04:35:07',2,227,1),(386,'Tipo:',NULL,NULL,NULL,0,'2018-07-29 04:37:00',2,228,1),(387,'Estado:',NULL,NULL,NULL,0,'2018-07-29 04:37:05',2,228,2),(388,'Tipo:',NULL,NULL,NULL,0,'2018-07-29 04:37:58',2,229,1),(389,'Estado:',NULL,NULL,NULL,0,'2018-07-29 04:37:59',2,229,2),(390,'Tipo:',NULL,NULL,NULL,0,'2018-07-29 04:38:54',2,230,1),(391,'Estado:',NULL,NULL,NULL,0,'2018-07-29 04:38:55',2,230,2),(392,'Tipo:',NULL,NULL,NULL,0,'2018-07-29 04:40:27',2,231,1),(393,'Estado:',NULL,NULL,NULL,0,'2018-07-29 04:40:28',2,231,2),(394,'Tipo:',NULL,NULL,NULL,0,'2018-07-29 04:41:16',2,232,1),(395,'Estado:',NULL,NULL,NULL,0,'2018-07-29 04:41:17',2,232,2),(396,'Tipo:',NULL,NULL,NULL,0,'2018-07-29 04:42:26',2,233,1),(397,'Estado:',NULL,NULL,NULL,0,'2018-07-29 04:42:26',2,233,2),(398,'Tipo:',NULL,NULL,NULL,0,'2018-07-29 04:43:28',2,234,1),(399,'Estado:',NULL,NULL,NULL,0,'2018-07-29 04:43:29',2,234,2),(400,'Tipo:',NULL,NULL,NULL,0,'2018-07-29 04:43:52',2,235,1),(401,'Estado:',NULL,NULL,NULL,0,'2018-07-29 04:43:53',2,235,2),(402,'Tipo:',NULL,NULL,NULL,0,'2018-07-29 04:44:18',2,236,1),(403,'Estado:',NULL,NULL,NULL,0,'2018-07-29 04:44:20',2,236,2),(404,'Tipo:',NULL,NULL,NULL,0,'2018-07-29 04:45:20',2,237,1),(405,'Estado:',NULL,NULL,NULL,0,'2018-07-29 04:45:21',2,237,2),(406,'Tipo:',NULL,NULL,NULL,0,'2018-07-29 04:46:10',2,238,1),(407,'Estado:',NULL,NULL,NULL,0,'2018-07-29 04:46:11',2,238,2),(408,'Tipo:',NULL,NULL,NULL,0,'2018-07-29 04:46:53',2,239,1),(409,'Estado:',NULL,NULL,NULL,0,'2018-07-29 04:46:54',2,239,2),(410,'Tipo:',NULL,NULL,NULL,0,'2018-07-29 04:47:19',2,240,1),(411,'Estado:',NULL,NULL,NULL,0,'2018-07-29 04:47:19',2,240,2),(412,'Tipo:',NULL,NULL,NULL,0,'2018-07-29 04:47:48',2,241,1),(413,'Estado:',NULL,NULL,NULL,0,'2018-07-29 04:47:48',2,241,2),(414,'Tipo:',NULL,NULL,NULL,0,'2018-07-29 04:48:09',2,242,1),(415,'Estado:',NULL,NULL,NULL,0,'2018-07-29 04:48:10',2,242,2),(416,'Tipo:',NULL,NULL,NULL,0,'2018-07-29 04:48:51',2,243,1),(417,'Estado:',NULL,NULL,NULL,0,'2018-07-29 04:48:52',2,243,2),(418,'Tipo:',NULL,NULL,NULL,0,'2018-07-29 04:49:19',2,244,1),(419,'Estado:',NULL,NULL,NULL,0,'2018-07-29 04:49:20',2,244,2),(420,'Estado:',NULL,NULL,NULL,0,'2018-07-29 04:50:49',2,245,1),(421,'Estado:',NULL,NULL,NULL,0,'2018-07-29 04:50:51',2,246,1),(422,'Estado:',NULL,NULL,NULL,0,'2018-07-29 04:50:53',2,247,1),(423,'Estado:',NULL,NULL,NULL,0,'2018-07-29 04:50:55',2,248,1),(424,'Estado:',NULL,NULL,NULL,0,'2018-07-29 04:50:58',2,249,1),(425,'Estado:',NULL,NULL,NULL,0,'2018-07-29 04:51:00',2,250,1),(426,'Estado:',NULL,NULL,NULL,0,'2018-07-29 04:51:02',2,251,1),(427,'Estado:',NULL,NULL,NULL,0,'2018-07-29 04:51:04',2,252,1),(428,'Estado:',NULL,NULL,NULL,0,'2018-07-29 04:51:07',2,253,1),(429,'Estado:',NULL,NULL,NULL,0,'2018-07-29 04:51:09',2,254,1),(430,'Estado:',NULL,NULL,NULL,0,'2018-07-29 04:51:11',2,255,1),(431,'Estado:',NULL,NULL,NULL,0,'2018-07-29 04:51:14',2,256,1),(432,'Estado:',NULL,NULL,NULL,0,'2018-07-29 04:51:18',2,257,1),(433,'Estado:',NULL,NULL,NULL,0,'2018-07-29 04:51:20',2,258,1),(434,'Estado:',NULL,NULL,NULL,0,'2018-07-29 04:51:23',2,259,1),(435,'Estado:',NULL,NULL,NULL,0,'2018-07-29 04:51:26',2,260,1),(436,'Estado:',NULL,NULL,NULL,0,'2018-07-29 04:51:29',2,261,1),(437,'Estado:',NULL,NULL,NULL,0,'2018-07-29 04:52:07',2,262,1),(438,'Estado:',NULL,NULL,NULL,0,'2018-07-29 04:52:12',2,263,1),(439,'Estado:',NULL,NULL,NULL,0,'2018-07-29 04:52:18',2,264,1),(440,'Estado:',NULL,NULL,NULL,0,'2018-07-29 04:52:24',2,265,1),(441,'Estado:',NULL,NULL,NULL,0,'2018-07-29 04:52:30',2,266,1),(442,'Estado:',NULL,NULL,NULL,0,'2018-07-29 04:52:35',2,267,1),(443,'Estado:',NULL,NULL,NULL,0,'2018-07-29 04:52:42',2,268,1),(444,'Estado:',NULL,NULL,NULL,0,'2018-07-29 04:52:49',2,269,1),(445,'Estado:',NULL,NULL,NULL,0,'2018-07-29 04:52:55',2,270,1),(446,'Estado:',NULL,NULL,NULL,0,'2018-07-29 04:53:01',2,271,1),(447,'Estado:',NULL,NULL,NULL,0,'2018-07-29 04:53:07',2,272,1),(448,'Estado:',NULL,NULL,NULL,0,'2018-07-29 04:53:12',2,273,1),(449,'Estado:',NULL,NULL,NULL,0,'2018-07-29 04:53:19',2,274,1),(450,'Estado:',NULL,NULL,NULL,0,'2018-07-29 04:53:26',2,275,1),(451,'Estado:',NULL,NULL,NULL,0,'2018-07-29 04:53:33',2,276,1),(452,'Estado:',NULL,NULL,NULL,0,'2018-07-29 04:53:41',2,277,1),(453,'Estado:',NULL,NULL,NULL,0,'2018-07-29 04:53:46',2,278,1),(454,'Estado:',NULL,NULL,NULL,0,'2018-07-29 14:23:47',2,279,1),(455,'Indicar Motivo del Rechazo:',NULL,NULL,NULL,0,'2018-07-29 14:24:04',4,279,2),(456,'01',NULL,NULL,NULL,0,'2018-07-29 14:27:34',5,292,1),(457,'02',NULL,NULL,NULL,0,'2018-07-29 14:27:39',5,293,1),(458,'03',NULL,NULL,NULL,0,'2018-07-29 14:27:46',5,294,1),(459,'04',NULL,NULL,NULL,0,'2018-07-29 14:27:53',5,295,1),(460,'05',NULL,NULL,NULL,0,'2018-07-29 14:28:02',5,296,1),(461,'06',NULL,NULL,NULL,0,'2018-07-29 14:28:08',5,297,1),(462,'08',NULL,NULL,NULL,0,'2018-07-29 14:28:14',5,298,1),(463,'12',NULL,NULL,NULL,0,'2018-07-29 14:28:21',5,299,1),(464,'16',NULL,NULL,NULL,0,'2018-07-29 14:28:28',5,300,1),(465,'n',NULL,NULL,NULL,0,'2018-07-29 14:28:36',5,301,1),(466,'Observaciones:',NULL,NULL,NULL,0,'2018-07-29 14:28:52',4,302,1),(467,'01',NULL,NULL,NULL,0,'2018-07-29 14:32:24',3,303,1),(468,'02',NULL,NULL,NULL,0,'2018-07-29 14:32:30',3,304,1),(469,'03:',NULL,NULL,NULL,0,'2018-07-29 14:32:39',3,305,1),(470,'04',NULL,NULL,NULL,0,'2018-07-29 14:32:48',3,306,1),(471,'05',NULL,NULL,NULL,0,'2018-07-29 14:32:53',3,307,1),(472,'06',NULL,NULL,NULL,0,'2018-07-29 14:33:02',3,308,1),(473,'08',NULL,NULL,NULL,0,'2018-07-29 14:33:30',3,309,1),(474,'12',NULL,NULL,NULL,0,'2018-07-29 14:33:34',3,310,1),(475,'16',NULL,NULL,NULL,0,'2018-07-29 14:34:03',3,311,1),(476,'n',NULL,NULL,NULL,0,'2018-07-29 14:34:09',3,312,1),(477,'Observaciones:',NULL,NULL,NULL,0,'2018-07-29 14:34:26',4,313,1),(488,'Estado:',NULL,NULL,NULL,0,'2018-07-29 14:44:14',2,314,11),(489,'Indicar Motivo de Rechazo:',NULL,NULL,NULL,0,'2018-07-29 14:44:18',4,314,12),(509,'',NULL,NULL,NULL,0,'2018-07-29 14:46:48',4,326,1),(510,'Estado:',NULL,NULL,NULL,0,'2018-07-29 14:47:43',2,327,1),(511,'Estado:',NULL,NULL,NULL,0,'2018-07-29 14:47:45',2,328,1),(512,'Estado:',NULL,NULL,NULL,0,'2018-07-29 14:47:47',2,329,1),(513,'Estado:',NULL,NULL,NULL,0,'2018-07-29 14:47:49',2,330,1),(514,'Estado:',NULL,NULL,NULL,0,'2018-07-29 14:47:52',2,331,1),(515,'Estado:',NULL,NULL,NULL,0,'2018-07-29 14:48:27',2,332,1),(516,'Indique cantidad de elementos con defectos:',NULL,NULL,NULL,0,'2018-07-29 14:48:31',4,332,2),(517,'Estado:',NULL,NULL,NULL,0,'2018-07-29 14:48:33',2,333,1),(518,'Indique cantidad de elementos con defectos:',NULL,NULL,NULL,0,'2018-07-29 14:48:37',4,333,2),(519,'Estado:',NULL,NULL,NULL,0,'2018-07-29 14:49:05',2,334,1),(520,'Indique Anomalias y/o Comunicacion de los circuitos (Perforaciones):',NULL,NULL,NULL,0,'2018-07-29 14:49:09',4,334,2),(521,'Estado:',NULL,NULL,NULL,0,'2018-07-29 14:49:11',2,335,1),(522,'Indique Anomalias y/o Comunicacion de los circuitos (Perforaciones):',NULL,NULL,NULL,0,'2018-07-29 14:49:15',4,335,2),(523,'Estado:',NULL,NULL,NULL,0,'2018-07-29 14:51:08',2,336,1),(524,'Indique Anomalias (Corrosion, Falta Mat.):',NULL,NULL,NULL,0,'2018-07-29 14:51:12',4,336,2),(525,'Estado:',NULL,NULL,NULL,0,'2018-07-29 14:51:14',2,337,1),(526,'Indique Anomalias (Corrosion, Falta Mat.):',NULL,NULL,NULL,0,'2018-07-29 14:51:18',4,337,2),(527,'01:',NULL,NULL,NULL,0,'2018-07-29 14:52:40',5,338,1),(528,'02:',NULL,NULL,NULL,0,'2018-07-29 14:52:46',5,339,1),(529,'03:',NULL,NULL,NULL,0,'2018-07-29 14:52:55',5,340,1),(530,'04:',NULL,NULL,NULL,0,'2018-07-29 14:53:16',5,341,1),(531,'05:',NULL,NULL,NULL,0,'2018-07-29 14:53:26',5,342,1),(532,'06:',NULL,NULL,NULL,0,'2018-07-29 14:53:34',5,343,1),(533,'08:',NULL,NULL,NULL,0,'2018-07-29 14:53:42',5,344,1),(534,'12',NULL,NULL,NULL,0,'2018-07-29 14:54:13',5,345,1),(535,'n:',NULL,NULL,NULL,0,'2018-07-29 14:54:21',5,346,1),(537,'Estado:',NULL,NULL,NULL,0,'2018-07-29 14:55:48',2,349,1),(538,'Indique Motivo Rechazo:',NULL,NULL,NULL,0,'2018-07-29 14:55:53',4,349,2),(539,'Estado:',NULL,NULL,NULL,0,'2018-07-29 14:55:55',2,350,1),(540,'Indique Motivo Rechazo:',NULL,NULL,NULL,0,'2018-07-29 14:55:59',4,350,2),(541,'Estado:',NULL,NULL,NULL,0,'2018-07-29 14:56:05',2,351,1),(542,'Indique Motivo Rechazo:',NULL,NULL,NULL,0,'2018-07-29 14:56:09',4,351,2),(543,'Estado:',NULL,NULL,NULL,0,'2018-07-29 14:56:14',2,352,1),(544,'Indique Motivo Rechazo:',NULL,NULL,NULL,0,'2018-07-29 14:56:19',4,352,2),(545,'Estado:',NULL,NULL,NULL,0,'2018-07-29 14:56:21',2,353,1),(546,'Indique Motivo Rechazo:',NULL,NULL,NULL,0,'2018-07-29 14:56:25',4,353,2),(547,'Estado:',NULL,NULL,NULL,0,'2018-07-29 14:56:29',2,354,1),(548,'Indique Motivo Rechazo:',NULL,NULL,NULL,0,'2018-07-29 14:56:36',4,354,2),(549,'Estado:',NULL,NULL,NULL,0,'2018-07-29 14:56:40',2,355,1),(550,'Indique Motivo Rechazo:',NULL,NULL,NULL,0,'2018-07-29 14:56:45',4,355,2),(551,'Estado:',NULL,NULL,NULL,0,'2018-07-29 14:56:49',2,356,1),(552,'Indique Motivo Rechazo:',NULL,NULL,NULL,0,'2018-07-29 14:56:54',4,356,2),(553,'Medida:',NULL,NULL,NULL,0,'2018-07-29 14:58:59',5,357,1),(554,'Medida:',NULL,NULL,NULL,0,'2018-07-29 14:59:45',5,358,1),(555,'Medida:',NULL,NULL,NULL,0,'2018-07-29 14:59:47',5,359,1),(556,'Medida:',NULL,NULL,NULL,0,'2018-07-29 14:59:49',5,360,1),(557,'Medida:',NULL,NULL,NULL,0,'2018-07-29 14:59:51',5,361,1),(558,'Medida:',NULL,NULL,NULL,0,'2018-07-29 14:59:53',5,362,1),(559,'Medida:',NULL,NULL,NULL,0,'2018-07-29 14:59:55',5,363,1),(560,'',NULL,NULL,NULL,0,'2018-07-29 15:00:03',4,364,1),(561,'01',NULL,NULL,NULL,0,'2018-07-29 15:01:29',5,365,1),(562,'02:',NULL,NULL,NULL,0,'2018-07-29 15:01:36',5,366,1),(563,'03:',NULL,NULL,NULL,0,'2018-07-29 15:01:43',5,367,1),(564,'04:',NULL,NULL,NULL,0,'2018-07-29 15:01:52',5,368,1),(565,'05:',NULL,NULL,NULL,0,'2018-07-29 15:01:59',5,369,1),(566,'Medida:',NULL,NULL,NULL,0,'2018-07-29 15:02:58',5,370,1),(567,'Estado:',NULL,NULL,NULL,0,'2018-07-29 15:02:59',2,370,2),(568,'Indicar Motivo de Rechazo:',NULL,NULL,NULL,0,'2018-07-29 15:03:11',4,370,3),(569,'Estado:',NULL,NULL,NULL,0,'2018-07-29 15:07:19',2,371,1),(570,'Indique Motivo de Rechazo:',NULL,NULL,NULL,0,'2018-07-29 15:07:27',4,371,2),(571,'Estado:',NULL,NULL,NULL,0,'2018-07-29 15:08:58',2,372,1),(572,'Medida STD:',NULL,NULL,NULL,0,'2018-07-29 15:09:09',5,372,2),(573,'Medida Real:',NULL,NULL,NULL,0,'2018-07-29 15:09:18',5,372,3),(574,'a-Tapas Rectas:',NULL,NULL,NULL,0,'2018-07-29 15:18:05',2,373,1),(575,'b-Tapas Convexas',NULL,NULL,NULL,0,'2018-07-29 15:18:28',2,373,2),(576,'Estado:',NULL,NULL,NULL,0,'2018-07-29 15:19:08',2,374,1),(577,'Indique Lugar:',NULL,NULL,NULL,0,'2018-07-29 15:19:28',4,374,2),(578,'Tiempo de Prueba:',NULL,NULL,NULL,0,'2018-07-29 15:22:51',5,375,1),(579,'Temperatura de Agua:',NULL,NULL,NULL,0,'2018-07-29 15:23:00',5,375,2),(580,'Presion de Prueba:',NULL,NULL,NULL,0,'2018-07-29 15:23:10',5,375,3),(581,'Estado:',NULL,NULL,NULL,0,'2018-07-29 15:23:12',2,375,4),(582,'Indique Motivo de Rechazo:',NULL,NULL,NULL,0,'2018-07-29 15:23:28',4,375,5),(583,'Estado:',NULL,NULL,NULL,0,'2018-07-29 15:28:44',2,376,1),(584,'Estado:',NULL,NULL,NULL,0,'2018-07-29 15:28:46',2,377,1),(585,'Estado:',NULL,NULL,NULL,0,'2018-07-29 15:28:48',2,378,1),(586,'Estado:',NULL,NULL,NULL,0,'2018-07-29 15:28:50',2,379,1),(587,'Indique Motivo de Rechazo:',NULL,NULL,NULL,0,'2018-07-29 15:29:09',4,376,2),(588,'Indique Motivo de Rechazo:',NULL,NULL,NULL,0,'2018-07-29 15:29:13',4,377,2),(589,'Indique Motivo de Rechazo:',NULL,NULL,NULL,0,'2018-07-29 15:29:18',4,378,2),(590,'Indique Motivo de Rechazo:',NULL,NULL,NULL,0,'2018-07-29 15:29:23',4,379,2),(591,'Estado:',NULL,NULL,NULL,0,'2018-07-29 15:31:37',2,380,1),(592,'Estado:',NULL,NULL,NULL,0,'2018-07-29 15:32:02',2,381,1),(593,'',NULL,NULL,NULL,0,'2018-07-29 15:32:16',2,382,1),(594,'Normales:',NULL,NULL,NULL,0,'2018-07-29 15:36:03',5,383,1),(595,'Picadas:',NULL,NULL,NULL,0,'2018-07-29 15:36:10',5,383,2),(596,'Quemadas:',NULL,NULL,NULL,0,'2018-07-29 15:36:19',5,383,3),(597,'Inscrustaciones:',NULL,NULL,NULL,0,'2018-07-29 15:36:33',5,383,4),(598,'',NULL,NULL,NULL,0,'2018-07-29 15:36:40',4,384,1),(599,'Estado:',NULL,NULL,NULL,0,'2018-07-29 15:40:28',2,385,1),(600,'Indique Motivos de Rechazo:',NULL,NULL,NULL,0,'2018-07-29 15:40:31',4,385,2),(601,'Estado:',NULL,NULL,NULL,0,'2018-07-29 15:40:33',2,386,1),(602,'Indique Motivos de Rechazo:',NULL,NULL,NULL,0,'2018-07-29 15:40:37',4,386,2),(603,'Estado:',NULL,NULL,NULL,0,'2018-07-29 15:40:39',2,387,1),(604,'Indique Motivos de Rechazo:',NULL,NULL,NULL,0,'2018-07-29 15:40:42',4,387,2),(605,'Medida Actual:',NULL,NULL,NULL,0,'2018-07-29 15:42:15',5,388,1),(606,'ALesar:',NULL,NULL,NULL,0,'2018-07-29 15:42:22',5,388,2),(607,'Cambiar:',NULL,NULL,NULL,0,'2018-07-29 15:42:30',5,388,3),(608,'No Cambiar:',NULL,NULL,NULL,0,'2018-07-29 15:42:36',5,388,4),(609,'',NULL,NULL,NULL,0,'2018-07-29 15:42:50',4,389,1),(610,'Tipo:',NULL,NULL,NULL,0,'2018-07-29 15:43:38',2,390,1),(611,'Estado:',NULL,NULL,NULL,0,'2018-07-29 15:44:44',2,390,2),(612,'Indique Defecto Encontrado:',NULL,NULL,NULL,0,'2018-07-29 15:45:20',4,390,3),(613,'Bancada 1:',NULL,NULL,NULL,0,'2018-07-29 15:46:15',5,391,1),(614,'Bancada 2:',NULL,NULL,NULL,0,'2018-07-29 15:46:19',5,391,2),(615,'Bancada 3:',NULL,NULL,NULL,0,'2018-07-29 15:46:24',5,391,3),(616,'Bancada n:',NULL,NULL,NULL,0,'2018-07-29 15:46:28',5,391,4),(617,'Alesar:',NULL,NULL,NULL,0,'2018-07-29 15:46:40',5,391,5),(618,'Cambiar Bujes:',NULL,NULL,NULL,0,'2018-07-29 15:46:51',5,391,6),(619,'Otros:',NULL,NULL,NULL,0,'2018-07-29 15:46:58',5,391,7),(620,'Estado:',NULL,NULL,NULL,0,'2018-07-29 15:49:39',2,392,1),(621,'Indique Motivo de Rechazo:',NULL,NULL,NULL,0,'2018-07-29 15:49:52',4,392,2),(622,'Requerida:',NULL,NULL,NULL,0,'2018-07-29 15:51:52',5,393,1),(623,'Requerida:',NULL,NULL,NULL,0,'2018-07-29 15:52:02',5,394,1),(624,'Obtenida:',NULL,NULL,NULL,0,'2018-07-29 15:52:12',5,393,2),(625,'Obtenida:',NULL,NULL,NULL,0,'2018-07-29 15:52:16',5,394,2),(626,'Admision:',NULL,NULL,NULL,0,'2018-07-29 15:52:39',5,395,1),(627,'Escape:',NULL,NULL,NULL,0,'2018-07-29 15:52:51',5,395,2),(628,'',NULL,NULL,NULL,0,'2018-07-29 15:52:55',4,396,1),(634,'Marcados:',NULL,NULL,NULL,0,'2018-07-29 16:00:51',3,397,1),(635,'Abollados:',NULL,NULL,NULL,0,'2018-07-29 16:01:00',3,397,2),(636,'Fisurados:',NULL,NULL,NULL,0,'2018-07-29 16:01:08',3,397,3),(637,'Gastados:',NULL,NULL,NULL,0,'2018-07-29 16:01:16',3,397,4),(638,'Accion:',NULL,NULL,NULL,0,'2018-07-29 16:01:23',2,397,5),(639,'Marcados:',NULL,NULL,NULL,0,'2018-07-29 16:02:19',3,398,1),(640,'Abollados:',NULL,NULL,NULL,0,'2018-07-29 16:02:26',3,398,2),(641,'Fisurados:',NULL,NULL,NULL,0,'2018-07-29 16:02:37',3,398,3),(642,'Gastados:',NULL,NULL,NULL,0,'2018-07-29 16:02:45',3,398,4),(643,'Accion:',NULL,NULL,NULL,0,'2018-07-29 16:03:01',2,398,5),(644,'Marcado:',NULL,NULL,NULL,0,'2018-07-29 16:06:07',3,399,1),(645,'Gastado:',NULL,NULL,NULL,0,'2018-07-29 16:06:18',3,399,2),(646,'Indique Reparacion a Realizar:',NULL,NULL,NULL,0,'2018-07-29 16:06:30',4,399,3),(647,'Estado:',NULL,NULL,NULL,0,'2018-07-29 16:06:54',2,400,1),(648,'Proceso de Extraccion:',NULL,NULL,NULL,0,'2018-07-29 16:07:03',4,400,2),(649,'Estado:',NULL,NULL,NULL,0,'2018-07-29 16:11:07',2,401,1),(650,'Indique Motivo de Rechazo:',NULL,NULL,NULL,0,'2018-07-29 16:11:14',4,401,2),(651,'Estado:',NULL,NULL,NULL,0,'2018-07-29 16:11:32',2,402,1),(653,'Indique Motivo de Rechazo:',NULL,NULL,NULL,0,'2018-07-29 16:11:49',4,402,2),(660,'1:',NULL,NULL,NULL,0,'2018-07-29 16:15:56',5,410,1),(661,'2:',NULL,NULL,NULL,0,'2018-07-29 16:16:00',5,410,2),(662,'3:',NULL,NULL,NULL,0,'2018-07-29 16:16:04',5,410,3),(663,'4:',NULL,NULL,NULL,0,'2018-07-29 16:16:09',5,410,4),(664,'',NULL,NULL,NULL,0,'2018-07-29 16:16:49',4,411,1),(665,'Medida STD:',NULL,NULL,NULL,0,'2018-07-29 16:17:53',5,412,1),(666,'Medida Actual:',NULL,NULL,NULL,0,'2018-07-29 16:18:06',5,412,2),(667,'Estado:',NULL,NULL,NULL,0,'2018-07-29 16:18:10',2,412,3),(670,'Observaciones:',NULL,NULL,NULL,0,'2018-07-29 16:19:49',4,412,4),(671,'Estado:',NULL,NULL,NULL,0,'2018-07-29 16:20:59',2,414,1),(672,'Estado:',NULL,NULL,NULL,0,'2018-07-29 16:21:11',2,415,1),(673,'Estado:',NULL,NULL,NULL,0,'2018-07-29 16:21:40',2,416,1),(674,'Estado:',NULL,NULL,NULL,0,'2018-07-29 16:22:33',2,417,1),(675,'Estado:',NULL,NULL,NULL,0,'2018-07-29 16:22:41',2,418,1),(678,'',NULL,NULL,NULL,0,'2018-07-29 16:24:24',5,420,1),(679,'',NULL,NULL,NULL,0,'2018-07-29 16:24:28',5,421,1),(680,'Estado:',NULL,NULL,NULL,0,'2018-07-29 17:28:31',2,422,1),(681,'Estado:',NULL,NULL,NULL,0,'2018-07-29 17:28:33',2,423,1),(682,'Estado:',NULL,NULL,NULL,0,'2018-07-29 17:30:06',2,425,1),(683,'Indique Motivo de Rechazo:',NULL,NULL,NULL,0,'2018-07-29 17:30:19',4,425,2),(684,'Patas:',NULL,NULL,NULL,0,'2018-07-29 17:34:18',5,426,1),(685,'Gastadas:',NULL,NULL,NULL,0,'2018-07-29 17:34:25',5,426,2),(686,'Altura:',NULL,NULL,NULL,0,'2018-07-29 17:34:37',2,426,3),(687,'Diafragma:',NULL,NULL,NULL,0,'2018-07-29 17:35:05',2,426,4),(688,'Fisurado:',NULL,NULL,NULL,0,'2018-07-29 17:36:19',3,427,1),(689,'Rayado:',NULL,NULL,NULL,0,'2018-07-29 17:36:29',3,427,2),(690,'Deformado:',NULL,NULL,NULL,0,'2018-07-29 17:36:35',3,427,3),(691,'Otro:',NULL,NULL,NULL,0,'2018-07-29 17:36:41',3,427,4),(692,'1:',NULL,NULL,NULL,0,'2018-07-29 17:37:55',5,429,1),(693,'2:',NULL,NULL,NULL,0,'2018-07-29 17:37:59',5,429,2),(694,'3:',NULL,NULL,NULL,0,'2018-07-29 17:38:03',5,429,3),(695,'4:',NULL,NULL,NULL,0,'2018-07-29 17:38:07',5,429,4),(696,'Observaciones:',NULL,NULL,NULL,0,'2018-07-29 17:38:17',4,429,5),(697,'Estado:',NULL,NULL,NULL,0,'2018-07-29 17:39:18',2,430,1),(698,'Indique Motivo del Rechazo:',NULL,NULL,NULL,0,'2018-07-29 17:39:28',4,430,2),(699,'Estado:',NULL,NULL,NULL,0,'2018-07-29 17:40:05',2,431,1),(700,'Observaciones:',NULL,NULL,NULL,0,'2018-07-29 17:40:43',4,431,2),(701,'Estado:',NULL,NULL,NULL,0,'2018-07-29 17:41:11',2,432,1),(702,'Observaciones:',NULL,NULL,NULL,0,'2018-07-29 17:41:22',4,432,2),(703,'Picado:',NULL,NULL,NULL,0,'2018-07-29 17:42:21',3,433,1),(704,'Gastado:',NULL,NULL,NULL,0,'2018-07-29 17:42:30',3,433,2),(705,'Fisurado:',NULL,NULL,NULL,0,'2018-07-29 17:42:37',3,433,3),(706,'Cambiar:',NULL,NULL,NULL,0,'2018-07-29 17:42:44',3,433,4),(707,'Observaciones:',NULL,NULL,NULL,0,'2018-07-29 17:43:22',4,433,5),(708,'Estado:',NULL,NULL,NULL,0,'2018-07-29 17:52:08',2,434,1),(709,'Indicar Motivo de Rechazo:',NULL,NULL,NULL,0,'2018-07-29 17:52:20',4,434,2),(710,'Medida:',NULL,NULL,NULL,0,'2018-07-29 18:11:14',2,435,1),(711,'Estado:',NULL,NULL,NULL,0,'2018-07-29 18:11:32',2,435,2),(712,'Medida:',NULL,NULL,NULL,0,'2018-07-29 19:02:49',2,436,1),(713,'Medida:',NULL,NULL,NULL,0,'2018-07-29 19:02:53',2,437,1),(714,'Medida:',NULL,NULL,NULL,0,'2018-07-29 19:02:58',2,438,1),(715,'Medida:',NULL,NULL,NULL,0,'2018-07-29 19:03:04',2,439,1),(716,'Medida:',NULL,NULL,NULL,0,'2018-07-29 19:03:10',2,440,1),(717,'Medida:',NULL,NULL,NULL,0,'2018-07-29 19:03:17',2,441,1),(718,'Medida:',NULL,NULL,NULL,0,'2018-07-29 19:03:23',2,442,1),(719,'Medida:',NULL,NULL,NULL,0,'2018-07-29 19:03:31',2,443,1),(720,'Medida:',NULL,NULL,NULL,0,'2018-07-29 19:03:39',2,444,1),(721,'Medida:',NULL,NULL,NULL,0,'2018-07-29 19:03:46',2,445,1),(722,'Estado:',NULL,NULL,NULL,0,'2018-07-29 19:06:12',2,436,2),(723,'Estado:',NULL,NULL,NULL,0,'2018-07-29 19:06:17',2,437,2),(724,'Estado:',NULL,NULL,NULL,0,'2018-07-29 19:06:36',2,438,2),(725,'Estado:',NULL,NULL,NULL,0,'2018-07-29 19:06:41',2,439,2),(726,'Estado:',NULL,NULL,NULL,0,'2018-07-29 19:06:46',2,440,2),(727,'Estado:',NULL,NULL,NULL,0,'2018-07-29 19:06:51',2,441,2),(728,'Estado:',NULL,NULL,NULL,0,'2018-07-29 19:06:56',2,442,2),(729,'Estado:',NULL,NULL,NULL,0,'2018-07-29 19:07:04',2,443,2),(730,'Estado:',NULL,NULL,NULL,0,'2018-07-29 19:07:10',2,444,2),(731,'Estado:',NULL,NULL,NULL,0,'2018-07-29 19:07:28',2,445,2),(732,'Medida:',NULL,NULL,NULL,0,'2018-07-29 20:42:03',2,446,1),(733,'Medida:',NULL,NULL,NULL,0,'2018-07-29 20:42:08',2,447,1),(734,'Medida:',NULL,NULL,NULL,0,'2018-07-29 20:42:13',2,448,1),(735,'Medida:',NULL,NULL,NULL,0,'2018-07-29 20:42:19',2,449,1),(736,'Medida:',NULL,NULL,NULL,0,'2018-07-29 20:43:37',2,450,1),(737,'Medida:',NULL,NULL,NULL,0,'2018-07-29 20:43:43',2,451,1),(738,'Medida:',NULL,NULL,NULL,0,'2018-07-29 20:43:48',2,452,1),(739,'Medida:',NULL,NULL,NULL,0,'2018-07-29 20:43:53',2,453,1),(740,'Medida:',NULL,NULL,NULL,0,'2018-07-29 20:43:59',2,454,1),(741,'Medida:',NULL,NULL,NULL,0,'2018-07-29 20:44:05',2,455,1),(742,'Medida:',NULL,NULL,NULL,0,'2018-07-29 20:44:11',2,456,1),(743,'Medida:',NULL,NULL,NULL,0,'2018-07-29 20:45:29',2,457,1),(744,'Medida:',NULL,NULL,NULL,0,'2018-07-29 20:45:35',2,458,1),(745,'Medida:',NULL,NULL,NULL,0,'2018-07-29 20:45:41',2,459,1),(746,'Medida:',NULL,NULL,NULL,0,'2018-07-29 20:45:48',2,460,1),(747,'Medida:',NULL,NULL,NULL,0,'2018-07-29 20:45:55',2,461,1),(748,'Medida:',NULL,NULL,NULL,0,'2018-07-29 20:46:01',2,462,1),(749,'Estado:',NULL,NULL,NULL,0,'2018-07-29 20:47:11',2,446,2),(750,'Estado:',NULL,NULL,NULL,0,'2018-07-29 20:47:15',2,447,2),(751,'Estado:',NULL,NULL,NULL,0,'2018-07-29 20:47:51',2,448,2),(752,'Estado:',NULL,NULL,NULL,0,'2018-07-29 20:47:57',2,449,2),(753,'Estado:',NULL,NULL,NULL,0,'2018-07-29 20:48:02',2,450,2),(754,'Estado:',NULL,NULL,NULL,0,'2018-07-29 20:48:07',2,451,2),(755,'Estado:',NULL,NULL,NULL,0,'2018-07-29 20:48:38',2,452,2),(756,'Estado:',NULL,NULL,NULL,0,'2018-07-29 20:48:44',2,453,2),(757,'Estado:',NULL,NULL,NULL,0,'2018-07-29 20:48:50',2,454,2),(758,'Estado:',NULL,NULL,NULL,0,'2018-07-29 20:48:55',2,455,2),(759,'Estado:',NULL,NULL,NULL,0,'2018-07-29 20:49:00',2,456,2),(760,'Estado:',NULL,NULL,NULL,0,'2018-07-29 20:49:04',2,457,2),(761,'Estado:',NULL,NULL,NULL,0,'2018-07-29 20:49:11',2,458,2),(762,'Estado:',NULL,NULL,NULL,0,'2018-07-29 20:49:20',2,459,2),(763,'Estado:',NULL,NULL,NULL,0,'2018-07-29 20:49:53',2,460,2),(764,'Estado:',NULL,NULL,NULL,0,'2018-07-29 20:50:58',2,461,2),(765,'Estado:',NULL,NULL,NULL,0,'2018-07-29 20:52:51',2,462,2),(766,'Dureza:',NULL,NULL,NULL,0,'2018-07-29 21:25:07',2,463,1),(767,'Dureza:',NULL,NULL,NULL,0,'2018-07-29 21:25:11',2,464,1),(768,'Dureza:',NULL,NULL,NULL,0,'2018-07-29 21:25:16',2,465,1),(769,'Dureza:',NULL,NULL,NULL,0,'2018-07-29 21:25:21',2,466,1),(770,'Dureza:',NULL,NULL,NULL,0,'2018-07-29 21:25:25',2,467,1),(771,'Dureza:',NULL,NULL,NULL,0,'2018-07-29 21:25:30',2,468,1),(772,'Dureza:',NULL,NULL,NULL,0,'2018-07-29 21:25:41',2,469,1),(773,'Dureza:',NULL,NULL,NULL,0,'2018-07-29 21:25:46',2,470,1),(774,'Dureza:',NULL,NULL,NULL,0,'2018-07-29 21:25:50',2,471,1),(775,'Dureza:',NULL,NULL,NULL,0,'2018-07-29 21:25:55',2,472,1),(776,'Dureza:',NULL,NULL,NULL,0,'2018-07-29 21:31:52',2,473,1),(777,'Dureza:',NULL,NULL,NULL,0,'2018-07-29 21:31:57',2,474,1),(778,'Dureza:',NULL,NULL,NULL,0,'2018-07-29 21:32:02',2,475,1),(779,'Dureza:',NULL,NULL,NULL,0,'2018-07-29 21:32:07',2,476,1),(780,'Dureza:',NULL,NULL,NULL,0,'2018-07-29 21:32:54',2,477,1),(781,'Dureza:',NULL,NULL,NULL,0,'2018-07-29 21:32:59',2,478,1),(782,'Dureza:',NULL,NULL,NULL,0,'2018-07-29 21:33:07',2,479,1),(783,'Dureza:',NULL,NULL,NULL,0,'2018-07-29 21:33:12',2,480,1),(784,'Dureza:',NULL,NULL,NULL,0,'2018-07-29 21:33:19',2,481,1),(785,'Dureza:',NULL,NULL,NULL,0,'2018-07-29 21:33:29',2,482,1),(786,'Dureza:',NULL,NULL,NULL,0,'2018-07-29 21:33:34',2,483,1),(787,'Dureza:',NULL,NULL,NULL,0,'2018-07-29 21:33:47',2,484,1),(788,'Dureza:',NULL,NULL,NULL,0,'2018-07-29 21:33:52',2,485,1),(789,'Dureza:',NULL,NULL,NULL,0,'2018-07-29 21:33:57',2,486,1),(790,'Dureza:',NULL,NULL,NULL,0,'2018-07-29 21:34:01',2,487,1),(791,'Dureza:',NULL,NULL,NULL,0,'2018-07-29 21:34:06',2,488,1),(792,'Dureza:',NULL,NULL,NULL,0,'2018-07-29 21:34:11',2,489,1),(793,'Radio:',NULL,NULL,NULL,0,'2018-07-29 21:43:05',2,490,1),(794,'Radio:',NULL,NULL,NULL,0,'2018-07-29 21:43:12',2,491,1),(795,'Radio:',NULL,NULL,NULL,0,'2018-07-29 21:43:16',2,492,1),(796,'Radio:',NULL,NULL,NULL,0,'2018-07-29 21:43:21',2,493,1),(797,'Radio:',NULL,NULL,NULL,0,'2018-07-29 21:43:26',2,494,1),(798,'Radio:',NULL,NULL,NULL,0,'2018-07-29 21:43:31',2,495,1),(799,'Radio:',NULL,NULL,NULL,0,'2018-07-29 21:43:37',2,496,1),(800,'Radio:',NULL,NULL,NULL,0,'2018-07-29 21:43:45',2,497,1),(801,'Radio:',NULL,NULL,NULL,0,'2018-07-29 21:43:49',2,498,1),(802,'Radio:',NULL,NULL,NULL,0,'2018-07-29 21:43:55',2,499,1),(803,'Radio:',NULL,NULL,NULL,0,'2018-07-29 21:44:00',2,500,1),(804,'Radio:',NULL,NULL,NULL,0,'2018-07-29 23:08:43',2,501,1),(805,'Radio:',NULL,NULL,NULL,0,'2018-07-29 23:08:47',2,502,1),(806,'Radio:',NULL,NULL,NULL,0,'2018-07-29 23:08:52',2,503,1),(807,'Radio:',NULL,NULL,NULL,0,'2018-07-29 23:09:00',2,504,1),(808,'Radio:',NULL,NULL,NULL,0,'2018-07-29 23:09:07',2,505,1),(809,'Radio:',NULL,NULL,NULL,0,'2018-07-29 23:09:12',2,506,1),(810,'Radio:',NULL,NULL,NULL,0,'2018-07-29 23:09:32',2,507,1),(811,'Radio:',NULL,NULL,NULL,0,'2018-07-29 23:09:42',2,508,1),(812,'Radio:',NULL,NULL,NULL,0,'2018-07-29 23:09:48',2,509,1),(813,'Radio:',NULL,NULL,NULL,0,'2018-07-29 23:10:06',2,510,1),(814,'Radio:',NULL,NULL,NULL,0,'2018-07-29 23:10:11',2,511,1),(815,'Radio:',NULL,NULL,NULL,0,'2018-07-29 23:10:22',2,512,1),(816,'Radio:',NULL,NULL,NULL,0,'2018-07-29 23:10:26',2,513,1),(817,'Radio:',NULL,NULL,NULL,0,'2018-07-29 23:10:30',2,514,1),(818,'Radio:',NULL,NULL,NULL,0,'2018-07-29 23:10:35',2,515,1),(819,'Radio:',NULL,NULL,NULL,0,'2018-07-29 23:10:41',2,516,1),(820,'Radio:',NULL,NULL,NULL,0,'2018-07-29 23:10:46',2,517,1),(822,'Estado:',NULL,NULL,NULL,0,'2018-07-29 23:15:29',2,518,1),(823,'Estado:',NULL,NULL,NULL,0,'2018-07-29 23:15:32',2,519,1),(824,'Indique Lugar de Fisura y Orientacion:',NULL,NULL,NULL,0,'2018-07-29 23:15:51',4,518,2),(825,'Indique Lugar de Fisura y Orientacion:',NULL,NULL,NULL,0,'2018-07-29 23:15:55',4,519,2),(826,'Estado:',NULL,NULL,NULL,0,'2018-07-29 23:24:54',2,520,1),(827,'Reconstruir:',NULL,NULL,NULL,0,'2018-07-29 23:25:08',5,520,2),(828,'Inserto:',NULL,NULL,NULL,0,'2018-07-29 23:25:20',5,520,3),(829,'Estado:',NULL,NULL,NULL,0,'2018-07-29 23:25:25',2,521,1),(830,'Reconstruir:',NULL,NULL,NULL,0,'2018-07-29 23:25:37',5,521,2),(831,'Medida Mayor:',NULL,NULL,NULL,0,'2018-07-29 23:27:03',5,522,1),(832,'Medida Menor:',NULL,NULL,NULL,0,'2018-07-29 23:27:10',5,522,2),(833,'Dureza:',NULL,NULL,NULL,0,'2018-07-29 23:27:35',5,522,3),(834,'Estado:',NULL,NULL,NULL,0,'2018-07-29 23:32:13',2,523,1),(835,'Dureza:',NULL,NULL,NULL,0,'2018-07-29 23:32:25',5,523,2),(836,'Reconstruir:',NULL,NULL,NULL,0,'2018-07-29 23:32:34',5,523,3),(837,'Estado:',NULL,NULL,NULL,0,'2018-07-29 23:32:40',2,524,1),(838,'Encamisar:',NULL,NULL,NULL,0,'2018-07-29 23:32:50',5,524,2),(839,'Marcado:',NULL,NULL,NULL,0,'2018-07-29 23:34:58',5,527,1),(840,'Marcado:',NULL,NULL,NULL,0,'2018-07-29 23:35:02',5,528,1),(841,'Marcado:',NULL,NULL,NULL,0,'2018-07-29 23:35:08',5,529,1),(842,'Marcado:',NULL,NULL,NULL,0,'2018-07-29 23:35:13',5,530,1),(843,'Marcado:',NULL,NULL,NULL,0,'2018-07-29 23:35:18',5,531,1),(844,'Marcado:',NULL,NULL,NULL,0,'2018-07-29 23:35:23',5,532,1),(845,'Marcado:',NULL,NULL,NULL,0,'2018-07-29 23:35:29',5,533,1),(846,'Marcado:',NULL,NULL,NULL,0,'2018-07-29 23:35:33',5,534,1),(847,'Marcado:',NULL,NULL,NULL,0,'2018-07-29 23:35:38',5,535,1),(848,'Marcado:',NULL,NULL,NULL,0,'2018-07-29 23:35:43',5,536,1),(849,'Marcado:',NULL,NULL,NULL,0,'2018-07-29 23:35:47',5,537,1),(850,'Estado Tornillos',NULL,NULL,NULL,0,'2018-07-29 23:35:58',2,527,2),(851,'Estado Tornillos',NULL,NULL,NULL,0,'2018-07-29 23:36:02',2,528,2),(852,'Estado Tornillos',NULL,NULL,NULL,0,'2018-07-29 23:36:07',2,529,2),(853,'Estado Tornillos',NULL,NULL,NULL,0,'2018-07-29 23:36:11',2,530,2),(854,'Estado Tornillos',NULL,NULL,NULL,0,'2018-07-29 23:36:16',2,531,2),(855,' Estado Tornillos',NULL,NULL,NULL,0,'2018-07-29 23:36:24',2,532,2),(856,'Estado Tornillos',NULL,NULL,NULL,0,'2018-07-29 23:36:30',2,533,2),(857,'Estado Tornillos',NULL,NULL,NULL,0,'2018-07-29 23:36:52',2,534,2),(858,'Estado Tornillos:',NULL,NULL,NULL,0,'2018-07-29 23:36:59',2,535,2),(859,'Estado Tornillos',NULL,NULL,NULL,0,'2018-07-29 23:37:09',2,536,2),(860,'Estado Tornillos',NULL,NULL,NULL,0,'2018-07-29 23:37:13',2,537,2),(861,'',NULL,NULL,NULL,0,'2018-07-29 23:37:29',4,525,1),(862,'',NULL,NULL,NULL,0,'2018-07-29 23:37:37',4,538,1),(863,'Medida:',NULL,NULL,NULL,0,'2018-07-29 23:38:31',5,539,1),(864,'Correccion:',NULL,NULL,NULL,0,'2018-07-29 23:38:38',5,539,2),(865,'Estado:',NULL,NULL,NULL,0,'2018-07-29 23:38:42',2,539,3),(866,'Observaciones:',NULL,NULL,NULL,0,'2018-07-29 23:38:51',4,539,4),(867,'Estado:',NULL,NULL,NULL,0,'2018-07-29 23:43:17',2,540,1),(868,'Indicar Motivo de Rechazo:',NULL,NULL,NULL,0,'2018-07-29 23:43:27',4,540,2),(869,'Accion Correctiva:',NULL,NULL,NULL,0,'2018-07-29 23:43:34',4,540,3),(870,'Estado:',NULL,NULL,NULL,0,'2018-07-29 23:43:50',2,541,1),(871,'Motivo de Rechazo:',NULL,NULL,NULL,0,'2018-07-29 23:44:00',4,541,2),(872,'Correcciones:',NULL,NULL,NULL,0,'2018-07-29 23:44:07',4,541,3),(1000,'Abrazadera caño de gases',NULL,NULL,NULL,0,'2018-07-30 00:45:40',3,1000,1),(1001,'Alternador',NULL,NULL,NULL,0,'2018-07-30 00:45:47',3,1000,2),(1002,'Arbol auxiliar',NULL,NULL,NULL,0,'2018-07-30 00:46:01',3,1000,3),(1003,'Arbol de levas',NULL,NULL,NULL,0,'2018-07-30 00:46:05',3,1000,4),(1004,'Balancines',NULL,NULL,NULL,0,'2018-07-30 00:48:40',3,1000,5),(1005,'Biela de compresor',NULL,NULL,NULL,0,'2018-07-30 00:48:47',3,1000,6),(1006,'Bielas',NULL,NULL,NULL,0,'2018-07-30 00:49:24',3,1000,7),(1007,'Block de motor',NULL,NULL,NULL,0,'2018-07-30 00:49:31',3,1000,8),(1008,'Bomba de aceite',NULL,NULL,NULL,0,'2018-07-30 00:49:53',3,1000,9),(1009,'Bomba de agua',NULL,NULL,NULL,0,'2018-07-30 00:50:00',3,1000,10),(1010,'Bomba de nafta',NULL,NULL,NULL,0,'2018-07-30 00:50:07',3,1000,11),(1011,'Bomba Inyectora No',NULL,NULL,NULL,0,'2018-07-30 00:50:14',3,1000,12),(1012,'Botadores',NULL,NULL,NULL,0,'2018-07-30 00:50:21',3,1000,13),(1013,'Brida de arbol de levas',NULL,NULL,NULL,0,'2018-07-30 00:50:29',3,1000,14),(1014,'Bujias',NULL,NULL,NULL,0,'2018-07-30 00:50:44',3,1000,15),(1015,'Bulbo de aceite de vigia',NULL,NULL,NULL,0,'2018-07-30 00:50:55',3,1000,16),(1016,'Bulbo temperatura de vigia',NULL,NULL,NULL,0,'2018-07-30 00:51:03',3,1000,17),(1017,'Bulon punta de cigueñal',NULL,NULL,NULL,0,'2018-07-30 00:51:14',3,1000,18),(1018,'Bulones de retorno',NULL,NULL,NULL,0,'2018-07-30 00:51:22',3,1000,19),(1019,'Bulones de tapa de bancada ',NULL,NULL,NULL,0,'2018-07-30 00:51:28',3,1000,20),(1020,'Bulones de tapa de cilindros',NULL,NULL,NULL,0,'2018-07-30 00:51:36',3,1000,21),(1021,'Caño col.de adm.de turb.(alu.)',NULL,NULL,NULL,0,'2018-07-30 00:57:48',3,1000,22),(1022,'Caño colec.de escape',NULL,NULL,NULL,0,'2018-07-30 00:58:50',3,1000,23),(1023,'Caño de alim.aceite de turbo',NULL,NULL,NULL,0,'2018-07-30 00:58:57',3,1000,24),(1024,'Caño de combustible',NULL,NULL,NULL,0,'2018-07-30 00:59:07',3,1000,25),(1025,'Caño de entrada de aceite',NULL,NULL,NULL,0,'2018-07-30 00:59:16',3,1000,26),(1026,'Caño de retorno',NULL,NULL,NULL,0,'2018-07-30 00:59:23',3,1000,27),(1027,'Caño inferior retorno de tubo',NULL,NULL,NULL,0,'2018-07-30 00:59:31',3,1000,28),(1028,'Caños de inyector',NULL,NULL,NULL,0,'2018-07-30 00:59:39',3,1000,29),(1029,'Carburador',NULL,NULL,NULL,0,'2018-07-30 00:59:45',3,1000,30),(1030,'Carcaza cubre volante',NULL,NULL,NULL,0,'2018-07-30 00:59:56',3,1000,31),(1031,'Carcaza de distribucion',NULL,NULL,NULL,0,'2018-07-30 01:00:03',3,1000,32),(1032,'Carters c/bulones',NULL,NULL,NULL,0,'2018-07-30 01:00:12',3,1000,33),(1033,'Chapa cubre volante chica',NULL,NULL,NULL,0,'2018-07-30 01:00:28',3,1000,35),(1034,'Chapa cubre volante grande',NULL,NULL,NULL,0,'2018-07-30 01:00:41',3,1000,36),(1035,'Chaveta de arbol de levas',NULL,NULL,NULL,0,'2018-07-30 01:00:48',3,1000,37),(1036,'Chaveta de cigueñal',NULL,NULL,NULL,0,'2018-07-30 01:00:56',3,1000,38),(1037,'Cigueñal del compresor',NULL,NULL,NULL,0,'2018-07-30 01:01:03',3,1000,39),(1038,'Cigueñal',NULL,NULL,NULL,0,'2018-07-30 01:01:10',3,1000,40),(1039,'Chupador de bomba de aceite',NULL,NULL,NULL,0,'2018-07-30 01:01:37',3,1000,41),(1040,'Rompe olas',NULL,NULL,NULL,0,'2018-07-30 01:01:43',3,1000,82),(1041,'Cilindro de compresor',NULL,NULL,NULL,0,'2018-07-30 01:01:50',3,1000,42),(1042,'Contrapesos',NULL,NULL,NULL,0,'2018-07-30 01:01:58',3,1000,43),(1043,'Corona de arranque',NULL,NULL,NULL,0,'2018-07-30 01:02:05',3,1000,44),(1044,'Depresor',NULL,NULL,NULL,0,'2018-07-30 01:02:24',3,1000,45),(1045,'Disco de embrague',NULL,NULL,NULL,0,'2018-07-30 01:02:31',3,1000,46),(1046,'Distribuidor',NULL,NULL,NULL,0,'2018-07-30 01:02:37',3,1000,47),(1047,'Eje de balancines',NULL,NULL,NULL,0,'2018-07-30 01:02:43',3,1000,48),(1048,'Engranaje de arbol de levas',NULL,NULL,NULL,0,'2018-07-30 01:02:51',3,1000,49),(1049,'Engranaje de cigueñal',NULL,NULL,NULL,0,'2018-07-30 01:02:57',3,1000,50),(1050,'Esparragos de tapa de cilindros',NULL,NULL,NULL,0,'2018-07-30 01:03:10',3,1000,51),(1051,'Filtro de aire',NULL,NULL,NULL,0,'2018-07-30 01:03:21',3,1000,52),(1052,'Filtro de combustible',NULL,NULL,NULL,0,'2018-07-30 01:03:44',3,1000,53),(1053,'Gancho de motor delantero',NULL,NULL,NULL,0,'2018-07-30 01:03:51',3,1000,54),(1054,'Gancho de motor trasero',NULL,NULL,NULL,0,'2018-07-30 01:03:59',3,1000,55),(1055,'Indicador de puestas a punto',NULL,NULL,NULL,0,'2018-07-30 01:04:08',3,1000,56),(1056,'Inyectores',NULL,NULL,NULL,0,'2018-07-30 01:04:15',3,1000,57),(1057,'Leva de embrague',NULL,NULL,NULL,0,'2018-07-30 01:04:21',3,1000,58),(1058,'Montantes de motor',NULL,NULL,NULL,0,'2018-07-30 01:04:28',3,1000,59),(1059,'Motor de arranque',NULL,NULL,NULL,0,'2018-07-30 01:04:34',3,1000,60),(1060,'Caño superior retorno de tubo',NULL,NULL,NULL,0,'2018-07-30 01:05:06',3,1000,28),(1061,'Mecanismo de aceleracion',NULL,NULL,NULL,0,'2018-07-30 01:05:34',3,1000,62),(1062,'Multiple de admision',NULL,NULL,NULL,0,'2018-07-30 01:06:17',3,1000,63),(1063,'Multiple de escape',NULL,NULL,NULL,0,'2018-07-30 01:06:23',3,1000,64),(1064,'Pernos de presion',NULL,NULL,NULL,0,'2018-07-30 01:06:34',3,1000,65),(1065,'Porta filtro aceite inferior',NULL,NULL,NULL,0,'2018-07-30 01:06:42',3,1000,66),(1066,'Porta filtro aceite superior',NULL,NULL,NULL,0,'2018-07-30 01:06:48',3,1000,67),(1067,'Pista reten',NULL,NULL,NULL,0,'2018-07-30 01:06:55',3,1000,68),(1068,'Piston de compresor',NULL,NULL,NULL,0,'2018-07-30 01:07:02',3,1000,69),(1069,'Pistones',NULL,NULL,NULL,0,'2018-07-30 01:12:44',3,1000,70),(1070,'Placa de embrague',NULL,NULL,NULL,0,'2018-07-30 01:12:51',3,1000,71),(1071,'Platillos de valvulas',NULL,NULL,NULL,0,'2018-07-30 01:13:01',3,1000,72),(1072,'Polea balanceadora D/3',NULL,NULL,NULL,0,'2018-07-30 01:13:08',3,1000,73),(1073,'Polea bomba de agua',NULL,NULL,NULL,0,'2018-07-30 02:09:22',3,1000,74),(1074,'Porta termostato inferior',NULL,NULL,NULL,0,'2018-07-30 02:09:29',3,1000,75),(1075,'Porta termostato superior',NULL,NULL,NULL,0,'2018-07-30 02:09:36',3,1000,76),(1076,'Prisioneros soporte balancin',NULL,NULL,NULL,0,'2018-07-30 02:09:43',3,1000,77),(1077,' Radiadores de aceite con tornillos',NULL,NULL,NULL,0,'2018-07-30 02:10:19',3,1000,78),(1078,'Reguladores de balancines',NULL,NULL,NULL,0,'2018-07-30 02:10:31',3,1000,79),(1079,'Resorte de valvulas',NULL,NULL,NULL,0,'2018-07-30 02:10:40',3,1000,80),(1080,'Resortes de balancines',NULL,NULL,NULL,0,'2018-07-30 02:10:50',3,1000,81),(1081,'Seguro de valvulas',NULL,NULL,NULL,0,'2018-07-30 02:12:35',3,1000,83),(1082,'Sensor de presion de aceite',NULL,NULL,NULL,0,'2018-07-30 02:12:49',3,1000,84),(1083,'Sensor de temperatura',NULL,NULL,NULL,0,'2018-07-30 02:12:59',3,1000,85),(1084,'Separador de bomba de agua',NULL,NULL,NULL,0,'2018-07-30 02:13:09',3,1000,86),(1085,'Separador de motor de arranque',NULL,NULL,NULL,0,'2018-07-30 02:13:20',3,1000,87),(1086,'Soporte de alternador',NULL,NULL,NULL,0,'2018-07-30 02:13:54',3,1000,88),(1087,'Soporte de motor',NULL,NULL,NULL,0,'2018-07-30 02:14:04',3,1000,89),(1088,'Soporte de multiple de escape',NULL,NULL,NULL,0,'2018-07-30 02:14:26',3,1000,90),(1089,'Soporte filtro de gasoil DH',NULL,NULL,NULL,0,'2018-07-30 02:14:44',3,1000,91),(1090,'Tapa de carcaza cubre volante',NULL,NULL,NULL,0,'2018-07-30 02:15:48',3,1000,92),(1091,'Tapa de cilindros',NULL,NULL,NULL,0,'2018-07-30 02:16:00',3,1000,93),(1092,'Tapa de compresor M/V M/N',NULL,NULL,NULL,0,'2018-07-30 02:16:26',3,1000,94),(1093,'Tapa de distribucion',NULL,NULL,NULL,0,'2018-07-30 02:16:36',3,1000,95),(1094,'Tapa de inspeccion',NULL,NULL,NULL,0,'2018-07-30 02:16:43',3,1000,96),(1095,'Tapa de inspeccion con respirador',NULL,NULL,NULL,0,'2018-07-30 02:16:54',3,1000,97),(1096,'Tapa lateral',NULL,NULL,NULL,0,'2018-07-30 02:17:05',3,1000,98),(1097,'Tapa balancines M/N - M/V',NULL,NULL,NULL,0,'2018-07-30 02:17:39',3,1000,99),(1098,'Tapa de distribucion',NULL,NULL,NULL,0,'2018-07-30 02:17:55',3,1000,100),(1099,'Tapa de inspeccion',NULL,NULL,NULL,0,'2018-07-30 02:18:07',3,1000,101),(1100,'Tapa de inspeccion con respirador',NULL,NULL,NULL,0,'2018-07-30 02:18:16',3,1000,102),(1101,'Tapa lateral',NULL,NULL,NULL,0,'2018-07-30 02:18:56',3,1000,103),(1102,'Tapa balancines M/N - M/V',NULL,NULL,NULL,0,'2018-07-30 02:19:06',3,1000,104),(1103,'Vaina varilla de aceite',NULL,NULL,NULL,0,'2018-07-30 02:19:45',3,1000,108),(1104,'Tapas de bancada',NULL,NULL,NULL,0,'2018-07-30 02:19:56',3,1000,105),(1105,'Tapon de block',NULL,NULL,NULL,0,'2018-07-30 02:20:07',3,1000,106),(1106,'Tensor de alternador',NULL,NULL,NULL,0,'2018-07-30 02:20:22',3,1000,107),(1107,'Varilla nivel de aceite',NULL,NULL,NULL,0,'2018-07-30 02:20:31',3,1000,109),(1108,'Varilla alza valvulas',NULL,NULL,NULL,0,'2018-07-30 02:20:40',3,1000,110),(1109,'Torre de balancines',NULL,NULL,NULL,0,'2018-07-30 02:20:48',3,1000,111),(1110,'Tuercas de inyectores',NULL,NULL,NULL,0,'2018-07-30 02:21:06',3,1000,106),(1111,'Tuercas de tapas de cilindros',NULL,NULL,NULL,0,'2018-07-30 02:21:22',3,1000,106),(1112,'Union ejes de balancines',NULL,NULL,NULL,0,'2018-07-30 02:21:33',3,1000,107),(1113,'Valvula corte de gas-oil vigia',NULL,NULL,NULL,0,'2018-07-30 02:22:11',3,1000,115),(1114,'Valvulas',NULL,NULL,NULL,0,'2018-07-30 02:22:25',3,1000,116),(1115,'Ventilador con tornillos',NULL,NULL,NULL,0,'2018-07-30 02:23:08',3,1000,117),(1116,'Volante con bulones',NULL,NULL,NULL,0,'2018-07-30 02:23:18',3,1000,118),(1117,'Turbo',NULL,NULL,NULL,0,'2018-07-30 02:23:25',3,1000,107),(1118,'Arnes',NULL,NULL,NULL,1,'2018-07-30 02:23:35',3,1000,0),(1119,'ECM o ECU',NULL,NULL,NULL,0,'2018-07-30 02:23:46',3,1000,120),(1120,'Sensor',NULL,NULL,NULL,0,'2018-07-30 02:23:54',3,1000,84),(1200,'Armado',NULL,NULL,NULL,0,'2018-07-31 12:52:15',3,1201,1),(1201,'Semi-Armado',NULL,NULL,NULL,0,'2018-07-31 12:52:27',3,1201,2),(1202,'Desarmado',NULL,NULL,NULL,0,'2018-07-31 12:52:37',3,1201,3),(1203,'1',NULL,NULL,NULL,0,'2018-07-31 14:31:05',5,1210,1),(1204,'2',NULL,NULL,NULL,0,'2018-07-31 14:31:08',5,1210,2),(1205,'3',NULL,NULL,NULL,0,'2018-07-31 14:31:12',5,1210,3),(1206,'4',NULL,NULL,NULL,0,'2018-07-31 14:31:15',5,1210,4),(1207,'5',NULL,NULL,NULL,0,'2018-07-31 14:31:19',5,1210,5),(1208,'6',NULL,NULL,NULL,0,'2018-07-31 14:31:24',5,1210,6),(1209,'7',NULL,NULL,NULL,0,'2018-07-31 14:31:28',5,1210,7),(1210,'Marca de los Metales',NULL,NULL,NULL,0,'2018-07-31 14:31:42',2,1210,8),(1211,'Medidas:',NULL,NULL,NULL,0,'2018-07-31 14:32:16',5,1210,9),(1212,'Fabrica pide maxima y minima:',NULL,NULL,NULL,0,'2018-07-31 14:37:33',4,1210,10),(1223,'Marca del Cigueñal:',NULL,NULL,NULL,0,'2018-07-31 14:41:13',5,1212,1),(1224,'1',NULL,NULL,NULL,0,'2018-07-31 14:41:16',5,1212,2),(1225,'2',NULL,NULL,NULL,0,'2018-07-31 14:41:19',5,1212,3),(1226,'3',NULL,NULL,NULL,0,'2018-07-31 14:41:21',5,1212,4),(1227,'4',NULL,NULL,NULL,0,'2018-07-31 14:41:25',5,1212,5),(1228,'5',NULL,NULL,NULL,0,'2018-07-31 14:41:28',5,1212,6),(1229,'6',NULL,NULL,NULL,0,'2018-07-31 14:41:38',5,1212,7),(1230,'7',NULL,NULL,NULL,0,'2018-07-31 14:41:42',5,1212,8),(1231,'8',NULL,NULL,NULL,0,'2018-07-31 14:41:44',5,1212,9),(1232,'9',NULL,NULL,NULL,0,'2018-07-31 14:41:49',5,1212,10),(1233,'10',NULL,NULL,NULL,0,'2018-07-31 14:41:53',5,1212,11),(1234,'Marca de los Metales:',NULL,NULL,NULL,0,'2018-07-31 14:42:14',2,1212,12),(1235,'Medida:',NULL,NULL,NULL,0,'2018-07-31 14:42:20',5,1212,13),(1236,'Fabrica pide maxima y minima:',NULL,NULL,NULL,0,'2018-07-31 14:46:26',4,1212,14),(1237,'Estado:',NULL,NULL,NULL,0,'2018-07-31 14:50:28',2,1213,1),(1238,'Medidas de camisa:',NULL,NULL,NULL,0,'2018-07-31 14:51:08',5,1213,2),(1239,'1',NULL,NULL,NULL,0,'2018-07-31 14:51:24',5,1213,3),(1240,'2',NULL,NULL,NULL,0,'2018-07-31 14:51:26',5,1213,4),(1241,'3',NULL,NULL,NULL,0,'2018-07-31 14:51:29',5,1213,5),(1242,'4',NULL,NULL,NULL,0,'2018-07-31 14:51:32',5,1213,6),(1243,'4',NULL,NULL,NULL,0,'2018-07-31 14:51:36',5,1213,7),(1244,'5',NULL,NULL,NULL,0,'2018-07-31 14:51:39',5,1213,8),(1245,'6',NULL,NULL,NULL,0,'2018-07-31 14:51:45',5,1213,9),(1246,'7',NULL,NULL,NULL,0,'2018-07-31 14:54:34',5,1213,10),(1247,'8',NULL,NULL,NULL,0,'2018-07-31 14:54:38',5,1213,11),(1248,'Marca de Piston:',NULL,NULL,NULL,0,'2018-07-31 14:54:50',5,1213,12),(1252,'1',NULL,NULL,NULL,0,'2018-07-31 15:20:19',5,1215,1),(1253,'2',NULL,NULL,NULL,0,'2018-07-31 15:20:21',5,1215,2),(1254,'3',NULL,NULL,NULL,0,'2018-07-31 15:20:27',5,1215,3),(1255,'4',NULL,NULL,NULL,0,'2018-07-31 15:20:31',5,1215,2),(1256,'Otros:',NULL,NULL,NULL,0,'2018-07-31 15:20:47',4,1215,3),(1257,'1',NULL,NULL,NULL,0,'2018-07-31 15:21:14',5,1216,1),(1258,'2',NULL,NULL,NULL,0,'2018-07-31 15:21:17',5,1216,2),(1259,'3',NULL,NULL,NULL,0,'2018-07-31 15:21:20',5,1216,3),(1260,'4',NULL,NULL,NULL,0,'2018-07-31 15:21:23',5,1216,4),(1261,'Otros:',NULL,NULL,NULL,0,'2018-07-31 15:21:41',4,1216,5),(1262,'Observaciones:',NULL,NULL,NULL,0,'2018-07-31 15:22:10',4,1217,1),(1263,'',NULL,NULL,NULL,0,'2018-07-31 15:23:04',4,1218,1),(1282,'Amianto:',NULL,NULL,NULL,0,'2018-07-31 15:47:33',5,1226,1),(1283,'Rosca:',NULL,NULL,NULL,0,'2018-07-31 15:47:40',5,1226,2),(1284,'Luz:',NULL,NULL,NULL,0,'2018-07-31 15:47:55',5,1226,3),(1285,'Estado de Leva:',NULL,NULL,NULL,0,'2018-07-31 15:48:19',2,1226,4),(1287,'De cigueñal:',NULL,NULL,NULL,0,'2018-07-31 15:51:18',4,1229,1),(1288,'Luz de Aceite:',NULL,NULL,NULL,0,'2018-07-31 15:54:16',5,1230,1),(1289,'Medida:',NULL,NULL,NULL,0,'2018-07-31 15:54:28',5,1230,2),(1290,'Luz:',NULL,NULL,NULL,0,'2018-07-31 15:54:49',5,1231,1),(1291,'Estado:',NULL,NULL,NULL,0,'2018-07-31 15:54:58',2,1231,2),(1292,'Medida:',NULL,NULL,NULL,0,'2018-07-31 15:55:15',5,1231,3),(1295,'Radio de Biela de Cigueñal:',NULL,NULL,NULL,0,'2018-07-31 15:59:59',5,1233,1),(1296,'Cigueñal Biela:',NULL,NULL,NULL,0,'2018-07-31 16:00:31',5,1233,2),(1297,'Radio de Bancada de Cigueñal:',NULL,NULL,NULL,0,'2018-07-31 16:01:13',5,1233,3),(1298,'Bancadas:',NULL,NULL,NULL,0,'2018-07-31 16:01:56',5,1233,4),(1299,'Radio Biela Compresor:',NULL,NULL,NULL,0,'2018-07-31 16:02:17',5,1233,5),(1300,'Alojamiento Bielas:',NULL,NULL,NULL,0,'2018-07-31 16:02:30',5,1233,6),(1301,'Luz de Pernos:',NULL,NULL,NULL,0,'2018-07-31 16:02:47',5,1233,7),(1302,'Bancadas:',NULL,NULL,NULL,0,'2018-07-31 16:02:54',5,1233,8),(1303,'1',NULL,NULL,NULL,0,'2018-07-31 16:05:41',5,1234,1),(1304,'2',NULL,NULL,NULL,0,'2018-07-31 16:05:44',5,1234,2),(1305,'3',NULL,NULL,NULL,0,'2018-07-31 16:05:49',5,1234,3),(1306,'4',NULL,NULL,NULL,0,'2018-07-31 16:06:01',5,1234,4),(1307,'5',NULL,NULL,NULL,0,'2018-07-31 16:06:04',5,1234,5),(1308,'6',NULL,NULL,NULL,0,'2018-07-31 16:06:11',5,1234,6),(1309,'7',NULL,NULL,NULL,0,'2018-07-31 16:06:15',5,1234,7),(1310,'8',NULL,NULL,NULL,0,'2018-07-31 16:06:20',5,1234,8),(1311,'9',NULL,NULL,NULL,0,'2018-07-31 16:06:24',5,1234,9),(1312,'Observaciones:',NULL,NULL,NULL,0,'2018-07-31 16:08:17',4,1234,10),(1314,'Medida:',NULL,NULL,NULL,0,'2018-07-31 16:16:33',5,1235,1),(1315,'Estado:',NULL,NULL,NULL,0,'2018-07-31 16:16:40',2,1235,2),(1316,'Presion Alta:',NULL,NULL,NULL,0,'2018-07-31 16:17:10',5,1235,3),(1317,'Presion Baja:',NULL,NULL,NULL,0,'2018-07-31 16:17:21',5,1235,4),(1318,'De Bielas:',NULL,NULL,NULL,0,'2018-07-31 16:17:52',5,1236,1),(1319,'Tiene rosca:',NULL,NULL,NULL,0,'2018-07-31 16:18:25',5,1237,1),(1320,'Tapa de distribucion:',NULL,NULL,NULL,0,'2018-07-31 16:20:07',5,1237,2),(1321,'Tapa de Cilindros:',NULL,NULL,NULL,0,'2018-07-31 16:20:18',5,1237,3),(1322,'Luz entre aloj. y botador:',NULL,NULL,NULL,0,'2018-07-31 16:20:46',5,1238,1),(1323,'En que estado estan:',NULL,NULL,NULL,0,'2018-07-31 16:21:23',5,1239,1),(1324,'Repasar:',NULL,NULL,NULL,0,'2018-07-31 16:22:34',4,1240,1),(1325,'Conductos de aceite de leva:',NULL,NULL,NULL,0,'2018-07-31 16:23:03',4,1241,1),(1326,'Block:',NULL,NULL,NULL,0,'2018-07-31 16:23:10',4,1241,2),(1327,'En el Piston:',NULL,NULL,NULL,0,'2018-07-31 16:24:07',4,1242,1),(1328,'Cigueñal:',NULL,NULL,NULL,0,'2018-07-31 16:24:26',5,1243,1),(1329,'Volante:',NULL,NULL,NULL,0,'2018-07-31 16:24:33',5,1243,2),(1330,'Polea:',NULL,NULL,NULL,0,'2018-07-31 16:24:39',5,1243,3),(1331,'Pistones:',NULL,NULL,NULL,0,'2018-07-31 16:25:33',5,1244,1),(1332,'Bielas:',NULL,NULL,NULL,0,'2018-07-31 16:25:39',5,1244,2),(1333,'Camisas:',NULL,NULL,NULL,0,'2018-07-31 16:26:06',5,1245,1),(1334,'Polea:',NULL,NULL,NULL,0,'2018-07-31 16:26:14',5,1245,2),(1335,'Aluminio:',NULL,NULL,NULL,0,'2018-07-31 16:27:05',5,1246,1),(1336,'Placa:',NULL,NULL,NULL,0,'2018-07-31 16:27:11',5,1246,2),(1337,'Caño de Bancada Central-Aceite',NULL,NULL,NULL,0,'2018-07-31 17:28:52',4,1247,1),(1338,'Angulo de Brunido',NULL,NULL,NULL,0,'2018-07-31 17:29:03',4,1247,2),(1339,'Largo de Tornillos de Bancadas y Bielas',NULL,NULL,NULL,0,'2018-07-31 17:29:11',4,1247,3),(1340,'Tapones Varios y Medidas',NULL,NULL,NULL,0,'2018-07-31 17:29:25',4,1247,4),(1341,'Taponar Cigueñal',NULL,NULL,NULL,0,'2018-07-31 17:30:46',4,1247,5),(1342,'Escuadra de Pistones',NULL,NULL,NULL,0,'2018-07-31 17:30:57',4,1247,6),(1343,'Medir Centros de Agujeros, Pistones',NULL,NULL,NULL,0,'2018-07-31 17:31:12',4,1247,7),(1344,'Excentricos 1518 y 1114',NULL,NULL,NULL,0,'2018-07-31 17:31:21',4,1247,8),(1345,'Medir Reten de Bancada.',NULL,NULL,NULL,0,'2018-07-31 17:31:29',4,1247,9),(1346,'Controlar Rosca, Cigueñal varios y Reten',NULL,NULL,NULL,0,'2018-07-31 17:31:36',4,1247,10),(1347,'Altura Pistones',NULL,NULL,NULL,0,'2018-07-31 17:31:44',4,1247,11),(1348,'Engranaje Bomba de Aceite, varios',NULL,NULL,NULL,0,'2018-07-31 17:31:55',4,1247,12),(1349,'Piezas de alumino, varios',NULL,NULL,NULL,0,'2018-07-31 17:32:29',4,1247,5),(1350,'Seguro de Pistones, varios',NULL,NULL,NULL,0,'2018-07-31 17:32:37',4,1247,12),(1351,'Botadores si pasan por el Block y da, medidas varias',NULL,NULL,NULL,0,'2018-07-31 17:32:47',4,1247,13),(1352,'Medidas eje, Mando Perkins 6354',NULL,NULL,NULL,0,'2018-07-31 17:32:56',4,1247,14),(1353,'Tapones Lubricacion de Eje, Mando Perkins 6354',NULL,NULL,NULL,0,'2018-07-31 17:33:04',4,1247,5),(1354,'Controlar engranaje de Arbol de Levas y Bomba de',NULL,NULL,NULL,0,'2018-07-31 17:33:14',4,1247,12),(1355,'Aceite, si estan hermanadas',NULL,NULL,NULL,0,'2018-07-31 17:33:22',4,1247,13),(1356,'Luz entre Dientes de engranajes de Distribucion',NULL,NULL,NULL,0,'2018-07-31 17:33:34',4,1247,14),(1357,'Carcaza de Distribucion, Leva y Bomba Inyectora',NULL,NULL,NULL,0,'2018-07-31 17:34:55',4,1247,5),(1358,'Conducto Aceite - Muñon de Leva y de Compresor',NULL,NULL,NULL,0,'2018-07-31 17:35:06',4,1247,6),(1359,'Ruleman de cola de Cigueñal',NULL,NULL,NULL,0,'2018-07-31 17:35:15',4,1247,14),(1360,'Biselado de conductos de aceites del Cigueñal',NULL,NULL,NULL,0,'2018-07-31 17:35:24',4,1247,15),(1361,'Block Rellenado:',NULL,NULL,NULL,0,'2018-07-31 17:38:08',5,1247,16),(1362,'Soldado:',NULL,NULL,NULL,0,'2018-07-31 17:38:21',5,1247,17),(1363,'Lugar:',NULL,NULL,NULL,0,'2018-07-31 17:41:07',5,1247,18),(1364,'Torsion de Cigueñal',NULL,NULL,NULL,0,'2018-07-31 17:41:47',4,1247,19),(1365,'Chapa de Identificacion',NULL,NULL,NULL,0,'2018-07-31 17:42:00',4,1247,20),(1366,'Desplazamiento de Carcaza, Distribucion',NULL,NULL,NULL,0,'2018-07-31 17:42:11',4,1247,20),(1367,'Controlar Tornillos de Contrapesos y apretar',NULL,NULL,NULL,0,'2018-07-31 17:42:21',4,1247,14),(1368,'Apretar con Kilos o Grados',NULL,NULL,NULL,0,'2018-07-31 17:42:36',4,1247,15),(1369,'Indique apriete de Biela',NULL,NULL,NULL,0,'2018-07-31 17:42:50',4,1247,20),(1370,'Indique apriete de Bancada',NULL,NULL,NULL,0,'2018-07-31 17:42:59',4,1247,14),(1371,'Semi-Armado',NULL,NULL,NULL,0,'2018-07-31 18:07:04',3,1248,1),(1372,'Armado Completo',NULL,NULL,NULL,0,'2018-07-31 18:07:18',3,1248,2),(1373,'Motor:',NULL,NULL,NULL,0,'2018-07-31 18:07:32',5,1248,3),(1379,'Realizar',NULL,NULL,NULL,0,'2018-07-31 18:17:02',2,1250,1),(1380,'Observaciones:',NULL,NULL,NULL,0,'2018-07-31 18:17:30',4,1250,2),(1381,'Estado:',NULL,NULL,NULL,0,'2018-07-31 18:17:39',2,1250,3),(1382,'Realizar',NULL,NULL,NULL,0,'2018-07-31 18:18:16',2,1251,1),(1383,'Observaciones:',NULL,NULL,NULL,0,'2018-07-31 18:18:23',4,1251,2),(1384,'Estado:',NULL,NULL,NULL,0,'2018-07-31 18:18:30',2,1251,3),(1385,'Realizar:',NULL,NULL,NULL,0,'2018-07-31 18:19:38',2,1252,1),(1386,'Observacion:',NULL,NULL,NULL,0,'2018-07-31 18:19:51',4,1252,2),(1387,'Estado:',NULL,NULL,NULL,0,'2018-07-31 18:19:56',2,1252,3),(1388,'Realizar:',NULL,NULL,NULL,0,'2018-07-31 18:21:12',2,1253,1),(1389,'Observaciones:',NULL,NULL,NULL,0,'2018-07-31 18:21:21',4,1253,2),(1390,'Estado:',NULL,NULL,NULL,0,'2018-07-31 18:21:34',2,1253,3),(1391,'Realizar:',NULL,NULL,NULL,0,'2018-07-31 18:22:15',2,1254,1),(1392,'Observaciones:',NULL,NULL,NULL,0,'2018-07-31 18:22:32',4,1254,2),(1393,'Estado:',NULL,NULL,NULL,0,'2018-07-31 18:22:38',2,1254,3),(1394,'Realizar:',NULL,NULL,NULL,0,'2018-07-31 18:23:12',2,1255,1),(1395,'Observaciones:',NULL,NULL,NULL,0,'2018-07-31 18:23:33',4,1255,2),(1396,'Estado:',NULL,NULL,NULL,0,'2018-07-31 18:23:45',2,1255,3),(1397,'Realizar:',NULL,NULL,NULL,0,'2018-07-31 18:24:28',2,1256,1),(1398,'Observaciones:',NULL,NULL,NULL,0,'2018-07-31 18:24:41',4,1256,2),(1399,'Estado:',NULL,NULL,NULL,0,'2018-07-31 18:24:46',2,1256,3),(1400,'Realizar:',NULL,NULL,NULL,0,'2018-07-31 18:25:55',2,1257,1),(1401,'Observaciones:',NULL,NULL,NULL,0,'2018-07-31 18:26:11',4,1257,2),(1402,'Estado:',NULL,NULL,NULL,0,'2018-07-31 18:26:17',2,1257,3),(1403,'Realizar:',NULL,NULL,NULL,0,'2018-07-31 18:27:08',2,1258,1),(1404,'Observaciones:',NULL,NULL,NULL,0,'2018-07-31 18:27:19',4,1258,2),(1405,'Estado:',NULL,NULL,NULL,0,'2018-07-31 18:27:26',2,1258,3),(1406,'Realizar:',NULL,NULL,NULL,0,'2018-07-31 18:28:07',2,1259,1),(1407,'Observaciones:',NULL,NULL,NULL,0,'2018-07-31 18:28:23',4,1259,2),(1408,'Estado:',NULL,NULL,NULL,0,'2018-07-31 18:28:30',2,1259,3),(1409,'Realizar:',NULL,NULL,NULL,0,'2018-07-31 18:29:36',2,1260,1),(1410,'Observaciones:',NULL,NULL,NULL,0,'2018-07-31 18:29:45',4,1260,2),(1411,'Estado:',NULL,NULL,NULL,0,'2018-07-31 18:29:50',2,1260,3),(1412,'Realizar:',NULL,NULL,NULL,0,'2018-07-31 18:30:32',2,1261,1),(1413,'Observaciones:',NULL,NULL,NULL,0,'2018-07-31 18:30:48',4,1261,2),(1414,'Estado:',NULL,NULL,NULL,0,'2018-07-31 18:30:53',2,1261,3),(1415,'Realizar:',NULL,NULL,NULL,0,'2018-07-31 18:32:14',2,1262,1),(1416,'Observaciones:',NULL,NULL,NULL,0,'2018-07-31 18:32:27',4,1262,2),(1417,'Estado:',NULL,NULL,NULL,0,'2018-07-31 18:32:33',2,1262,3),(1418,'Realizar:',NULL,NULL,NULL,0,'2018-07-31 18:33:03',2,1263,1),(1419,'Observaciones:',NULL,NULL,NULL,0,'2018-07-31 18:33:11',4,1263,2),(1420,'Estado:',NULL,NULL,NULL,0,'2018-07-31 18:33:20',2,1263,3),(1421,'Realizar:',NULL,NULL,NULL,0,'2018-07-31 18:33:59',2,1264,1),(1422,'Observaciones:',NULL,NULL,NULL,0,'2018-07-31 18:34:05',4,1264,2),(1423,'Estado:',NULL,NULL,NULL,0,'2018-07-31 18:34:10',2,1264,3),(1424,'Motivo:',NULL,NULL,NULL,0,'2018-07-31 18:35:53',4,1265,1),(1425,'Fecha:',NULL,NULL,NULL,0,'2018-07-31 18:35:59',5,1265,2),(1426,'Motivo:',NULL,NULL,NULL,0,'2018-07-31 18:36:17',4,1266,1),(1427,'Fecha:',NULL,NULL,NULL,0,'2018-07-31 18:36:23',5,1266,2),(1428,'Motivo:',NULL,NULL,NULL,0,'2018-07-31 18:36:48',4,1267,1),(1429,'Fecha:',NULL,NULL,NULL,0,'2018-07-31 18:36:54',5,1267,2),(1430,'Semi-Armado',NULL,NULL,NULL,0,'2018-07-31 18:45:06',3,1268,1),(1431,'Armado Completo',NULL,NULL,NULL,0,'2018-07-31 18:45:16',3,1268,2),(1432,'Motor:',NULL,NULL,NULL,0,'2018-07-31 18:45:22',5,1268,3),(1433,'Realizar:',NULL,NULL,NULL,0,'2018-07-31 18:47:01',2,1269,1),(1434,'Observaciones:',NULL,NULL,NULL,0,'2018-07-31 18:47:08',4,1269,2),(1435,'Estado:',NULL,NULL,NULL,0,'2018-07-31 18:47:25',2,1269,3),(1436,'Realizar:',NULL,NULL,NULL,0,'2018-07-31 18:48:34',2,1270,1),(1437,'Observaciones:',NULL,NULL,NULL,0,'2018-07-31 18:48:42',4,1270,2),(1438,'Estado:',NULL,NULL,NULL,0,'2018-07-31 18:49:32',2,1270,3),(1439,'Realizar:',NULL,NULL,NULL,0,'2018-07-31 18:50:20',2,1271,1),(1440,'Observaciones:',NULL,NULL,NULL,0,'2018-07-31 18:50:34',4,1271,2),(1441,'Estado:',NULL,NULL,NULL,0,'2018-07-31 18:50:48',2,1271,3),(1442,'Realizar:',NULL,NULL,NULL,0,'2018-07-31 18:52:47',2,1272,1),(1443,'Observaciones:',NULL,NULL,NULL,0,'2018-07-31 18:52:58',4,1272,2),(1444,'Estado:',NULL,NULL,NULL,0,'2018-07-31 18:53:11',2,1272,3),(1445,'Realizar:',NULL,NULL,NULL,0,'2018-07-31 18:53:58',2,1273,1),(1446,'Observaciones:',NULL,NULL,NULL,0,'2018-07-31 18:54:13',4,1273,2),(1447,'Estado:',NULL,NULL,NULL,0,'2018-07-31 18:54:21',2,1273,3),(1448,'Realizar:',NULL,NULL,NULL,0,'2018-07-31 18:55:03',2,1274,1),(1449,'Observaciones:',NULL,NULL,NULL,0,'2018-07-31 18:55:08',4,1274,2),(1450,'Estado:',NULL,NULL,NULL,0,'2018-07-31 18:55:14',2,1274,3),(1451,'Realizar:',NULL,NULL,NULL,0,'2018-07-31 18:55:57',2,1275,1),(1452,'Observaciones:',NULL,NULL,NULL,0,'2018-07-31 18:56:05',4,1275,2),(1453,'Estado:',NULL,NULL,NULL,0,'2018-07-31 18:56:11',2,1275,3),(1454,'Realizar:',NULL,NULL,NULL,0,'2018-07-31 18:57:24',2,1276,1),(1455,'Observaciones:',NULL,NULL,NULL,0,'2018-07-31 18:57:31',4,1276,2),(1456,'Estado:',NULL,NULL,NULL,0,'2018-07-31 18:57:41',2,1276,3),(1457,'Realizar:',NULL,NULL,NULL,0,'2018-07-31 18:58:44',2,1277,1),(1458,'Observaciones:',NULL,NULL,NULL,0,'2018-07-31 18:58:51',4,1277,2),(1459,'Estado:',NULL,NULL,NULL,0,'2018-07-31 18:58:57',2,1277,3),(1460,'Realizar:',NULL,NULL,NULL,0,'2018-07-31 18:59:33',2,1278,1),(1461,'Observaciones:',NULL,NULL,NULL,0,'2018-07-31 18:59:42',4,1278,2),(1462,'Estado:',NULL,NULL,NULL,0,'2018-07-31 18:59:48',2,1278,3),(1463,'Realizar:',NULL,NULL,NULL,0,'2018-07-31 19:00:20',2,1279,1),(1464,'Observaciones:',NULL,NULL,NULL,0,'2018-07-31 19:00:40',4,1279,2),(1465,'Estado:',NULL,NULL,NULL,0,'2018-07-31 19:00:47',2,1279,3),(1466,'Realizar:',NULL,NULL,NULL,0,'2018-07-31 19:01:31',2,1280,1),(1467,'Observaciones:',NULL,NULL,NULL,0,'2018-07-31 19:01:55',4,1280,2),(1468,'Estado:',NULL,NULL,NULL,0,'2018-07-31 19:02:02',2,1280,3),(1469,'Realizar:',NULL,NULL,NULL,0,'2018-07-31 19:11:13',2,1281,1),(1470,'Observaciones:',NULL,NULL,NULL,0,'2018-07-31 19:11:20',4,1281,2),(1471,'Estado:',NULL,NULL,NULL,0,'2018-07-31 19:11:26',2,1281,3),(1472,'Realizar:',NULL,NULL,NULL,0,'2018-07-31 19:12:13',2,1282,1),(1473,'Observaciones:',NULL,NULL,NULL,0,'2018-07-31 19:12:18',4,1282,2),(1474,'Estado:',NULL,NULL,NULL,0,'2018-07-31 19:12:34',2,1282,3),(1475,'Realizar:',NULL,NULL,NULL,0,'2018-07-31 19:13:06',2,1283,1),(1476,'Observaciones:',NULL,NULL,NULL,0,'2018-07-31 19:13:15',4,1283,2),(1477,'Estado:',NULL,NULL,NULL,0,'2018-07-31 19:13:23',2,1283,3),(1478,'Realizar:',NULL,NULL,NULL,0,'2018-07-31 19:14:26',2,1284,1),(1479,'Observaciones:',NULL,NULL,NULL,0,'2018-07-31 19:14:34',4,1284,2),(1480,'Estado:',NULL,NULL,NULL,0,'2018-07-31 19:14:44',2,1284,3),(1481,'Realizar:',NULL,NULL,NULL,0,'2018-07-31 19:15:35',2,1285,1),(1482,'Observaciones:',NULL,NULL,NULL,0,'2018-07-31 19:15:53',4,1285,2),(1483,'Estado:',NULL,NULL,NULL,0,'2018-07-31 19:16:02',2,1285,3),(1484,'Realizar:',NULL,NULL,NULL,0,'2018-07-31 19:16:50',2,1286,1),(1485,'Observaciones:(Tapon...kg  Tornillos...kg)',NULL,NULL,NULL,0,'2018-07-31 19:17:29',4,1286,2),(1486,'Estado:',NULL,NULL,NULL,0,'2018-07-31 19:17:36',2,1286,3),(1487,'Motivo:',NULL,NULL,NULL,0,'2018-07-31 19:19:26',4,1287,1),(1488,'Fecha:',NULL,NULL,NULL,0,'2018-07-31 19:19:32',5,1287,2),(1489,'Motivo:',NULL,NULL,NULL,0,'2018-07-31 19:19:39',4,1289,1),(1490,'Fecha:',NULL,NULL,NULL,0,'2018-07-31 19:19:45',5,1289,2),(1491,'Motivo:',NULL,NULL,NULL,0,'2018-07-31 19:19:51',4,1290,1),(1492,'Fecha:',NULL,NULL,NULL,0,'2018-07-31 19:19:56',5,1290,2),(1493,'Semi-Armado',NULL,NULL,NULL,0,'2018-07-31 19:22:41',3,1291,1),(1494,'Armado Completo',NULL,NULL,NULL,0,'2018-07-31 19:22:51',3,1291,2),(1495,'Motor:',NULL,NULL,NULL,0,'2018-07-31 19:22:57',5,1291,3),(1496,'Realizar:',NULL,NULL,NULL,0,'2018-07-31 19:23:28',2,1292,1),(1497,'Observaciones:',NULL,NULL,NULL,0,'2018-07-31 19:23:35',4,1292,2),(1498,'Estado:',NULL,NULL,NULL,0,'2018-07-31 19:23:40',2,1292,3),(1499,'Realizar:',NULL,NULL,NULL,0,'2018-07-31 19:24:19',2,1293,1),(1500,'Observaciones:',NULL,NULL,NULL,0,'2018-07-31 19:24:31',4,1293,2),(1501,'Estado:',NULL,NULL,NULL,0,'2018-07-31 19:24:56',2,1293,3),(1502,'Realizar:',NULL,NULL,NULL,0,'2018-07-31 19:25:51',2,1294,1),(1504,'Estado:',NULL,NULL,NULL,0,'2018-07-31 19:26:04',2,1294,3),(1505,'Kg:',NULL,NULL,NULL,0,'2018-07-31 19:28:08',5,1294,4),(1506,'Grados:',NULL,NULL,NULL,0,'2018-07-31 19:28:20',5,1294,5),(1507,'Realizar:',NULL,NULL,NULL,0,'2018-07-31 19:28:46',2,1295,1),(1508,'Observaciones:',NULL,NULL,NULL,0,'2018-07-31 19:28:57',4,1295,2),(1509,'Estado:',NULL,NULL,NULL,0,'2018-07-31 19:29:02',2,1295,3),(1510,'Realizar:',NULL,NULL,NULL,0,'2018-07-31 19:29:51',2,1296,1),(1511,'Observaciones:',NULL,NULL,NULL,0,'2018-07-31 19:29:59',4,1296,2),(1512,'Estado:',NULL,NULL,NULL,0,'2018-07-31 19:30:08',2,1296,3),(1513,'Realizar:',NULL,NULL,NULL,0,'2018-07-31 19:30:41',2,1297,1),(1514,'Observaciones:',NULL,NULL,NULL,0,'2018-07-31 19:30:49',4,1297,2),(1515,'Estado:',NULL,NULL,NULL,0,'2018-07-31 19:30:56',2,1297,3),(1516,'Realizar:',NULL,NULL,NULL,0,'2018-07-31 19:31:51',2,1298,1),(1517,'Observaciones:',NULL,NULL,NULL,0,'2018-07-31 19:31:59',4,1298,2),(1518,'Estado:',NULL,NULL,NULL,0,'2018-07-31 19:32:05',2,1298,3),(1519,'Realizar:',NULL,NULL,NULL,0,'2018-07-31 19:32:42',2,1299,1),(1520,'Kg:',NULL,NULL,NULL,0,'2018-07-31 19:33:01',5,1299,2),(1521,'Grados:',NULL,NULL,NULL,0,'2018-07-31 19:33:07',5,1299,3),(1522,'Estado:',NULL,NULL,NULL,0,'2018-07-31 19:33:14',2,1299,4),(1523,'Realizar:',NULL,NULL,NULL,0,'2018-07-31 19:33:47',2,1300,1),(1524,'Observaciones:',NULL,NULL,NULL,0,'2018-07-31 19:34:05',4,1300,2),(1525,'Estado:',NULL,NULL,NULL,0,'2018-07-31 19:34:09',2,1300,3),(1526,'Realizar:',NULL,NULL,NULL,0,'2018-07-31 19:34:39',2,1301,1),(1528,'Kg:',NULL,NULL,NULL,0,'2018-07-31 19:35:13',5,1301,2),(1529,'Grados:',NULL,NULL,NULL,0,'2018-07-31 19:35:29',5,1301,3),(1530,'Estado:',NULL,NULL,NULL,0,'2018-07-31 19:35:43',2,1301,4),(1531,'Realizar:',NULL,NULL,NULL,0,'2018-07-31 19:36:15',2,1302,1),(1532,'Observaciones:',NULL,NULL,NULL,0,'2018-07-31 19:36:33',4,1302,2),(1533,'Estado:',NULL,NULL,NULL,0,'2018-07-31 19:36:43',2,1302,3),(1534,'Realizar:',NULL,NULL,NULL,0,'2018-07-31 19:37:17',2,1303,1),(1535,'Observaciones:',NULL,NULL,NULL,0,'2018-07-31 19:37:54',4,1303,2),(1536,'Estado:',NULL,NULL,NULL,0,'2018-07-31 19:38:00',2,1303,3),(1537,'Realizar:',NULL,NULL,NULL,0,'2018-07-31 19:39:25',2,1304,1),(1538,'Observaciones:',NULL,NULL,NULL,0,'2018-07-31 19:39:59',4,1304,2),(1539,'Estado:',NULL,NULL,NULL,0,'2018-07-31 19:40:06',2,1304,3),(1540,'Realizar:',NULL,NULL,NULL,0,'2018-07-31 19:40:47',2,1305,1),(1542,'Estado:',NULL,NULL,NULL,0,'2018-07-31 19:41:08',2,1305,3),(1543,'Kg:',NULL,NULL,NULL,0,'2018-07-31 19:41:41',5,1305,4),(1544,'Grados:',NULL,NULL,NULL,0,'2018-07-31 19:41:47',5,1305,5),(1545,'Realizar:',NULL,NULL,NULL,0,'2018-07-31 19:42:11',2,1306,1),(1546,'Observaciones:',NULL,NULL,NULL,0,'2018-07-31 19:42:25',4,1306,2),(1547,'Estado:',NULL,NULL,NULL,0,'2018-07-31 19:42:30',2,1306,3),(1548,'Realizar:',NULL,NULL,NULL,0,'2018-07-31 19:43:01',2,1307,1),(1549,'Observaciones:',NULL,NULL,NULL,0,'2018-07-31 19:43:10',4,1307,2),(1550,'Estado:',NULL,NULL,NULL,0,'2018-07-31 19:43:16',2,1307,3),(1551,'Realizar:',NULL,NULL,NULL,0,'2018-07-31 19:44:04',2,1308,1),(1552,'Observaciones:',NULL,NULL,NULL,0,'2018-07-31 19:44:10',4,1308,2),(1553,'Estado:',NULL,NULL,NULL,0,'2018-07-31 19:44:18',2,1308,3),(1554,'Realizar:',NULL,NULL,NULL,0,'2018-07-31 19:45:36',2,1309,1),(1555,'Observaciones:',NULL,NULL,NULL,0,'2018-07-31 19:45:43',4,1309,2),(1556,'Estado:',NULL,NULL,NULL,0,'2018-07-31 19:45:50',2,1309,3),(1557,'Realizar:',NULL,NULL,NULL,0,'2018-07-31 19:46:27',2,1310,1),(1558,'Observaciones:',NULL,NULL,NULL,0,'2018-07-31 19:46:42',4,1310,2),(1559,'Estado:',NULL,NULL,NULL,0,'2018-07-31 19:46:58',2,1310,3),(1560,'Realizar:',NULL,NULL,NULL,0,'2018-07-31 19:47:39',2,1311,1),(1561,'Observaciones:',NULL,NULL,NULL,0,'2018-07-31 19:47:48',4,1311,2),(1562,'Estado:',NULL,NULL,NULL,0,'2018-07-31 19:48:03',2,1311,3),(1563,'Realizar:',NULL,NULL,NULL,0,'2018-07-31 19:48:55',2,1312,1),(1564,'Observaciones:',NULL,NULL,NULL,0,'2018-07-31 19:49:04',4,1312,2),(1565,'Estado:',NULL,NULL,NULL,0,'2018-07-31 19:49:11',2,1312,3),(1566,'Realizar:',NULL,NULL,NULL,0,'2018-07-31 19:49:54',2,1313,1),(1567,'Observaciones:',NULL,NULL,NULL,0,'2018-07-31 19:50:00',4,1313,2),(1568,'Estado:',NULL,NULL,NULL,0,'2018-07-31 19:50:06',2,1313,3),(1569,'Realizar:',NULL,NULL,NULL,0,'2018-07-31 19:50:44',2,1314,1),(1570,'Observaciones:',NULL,NULL,NULL,0,'2018-07-31 19:50:59',4,1314,2),(1571,'Estado:',NULL,NULL,NULL,0,'2018-07-31 19:51:07',2,1314,3),(1572,'Realizar:',NULL,NULL,NULL,0,'2018-07-31 19:51:33',2,1315,1),(1573,'Observaciones:',NULL,NULL,NULL,0,'2018-07-31 19:51:51',4,1315,2),(1574,'Estado:',NULL,NULL,NULL,0,'2018-07-31 19:51:57',2,1315,3),(1575,'Realizar:',NULL,NULL,NULL,0,'2018-07-31 19:52:27',2,1316,1),(1576,'Observaciones:',NULL,NULL,NULL,0,'2018-07-31 19:52:45',4,1316,2),(1577,'Estado:',NULL,NULL,NULL,0,'2018-07-31 19:52:51',2,1316,3),(1578,'Realizar:',NULL,NULL,NULL,0,'2018-07-31 19:53:51',2,1317,1),(1579,'Observaciones:',NULL,NULL,NULL,0,'2018-07-31 19:54:24',4,1317,2),(1580,'Estados:',NULL,NULL,NULL,0,'2018-07-31 19:54:38',2,1317,3),(1581,'Motivo:',NULL,NULL,NULL,0,'2018-07-31 19:55:24',4,1318,1),(1582,'Motivo:',NULL,NULL,NULL,0,'2018-07-31 19:55:27',4,1319,1),(1583,'Motivo:',NULL,NULL,NULL,0,'2018-07-31 19:55:32',4,1320,1),(1584,'Fecha:',NULL,NULL,NULL,0,'2018-07-31 19:55:42',5,1318,2),(1585,'Fecha:',NULL,NULL,NULL,0,'2018-07-31 19:55:46',5,1319,2),(1586,'Fecha:',NULL,NULL,NULL,0,'2018-07-31 19:55:53',5,1320,2),(1587,'Semi-Armado:',NULL,NULL,NULL,0,'2018-07-31 20:00:26',3,1321,1),(1588,'Armado Completo:',NULL,NULL,NULL,0,'2018-07-31 20:00:36',3,1321,2),(1589,'Motor:',NULL,NULL,NULL,0,'2018-07-31 20:00:43',5,1321,3),(1590,'Motivo:',NULL,NULL,NULL,0,'2018-07-31 20:06:06',4,1357,1),(1591,'Motivo:',NULL,NULL,NULL,0,'2018-07-31 20:06:10',4,1359,1),(1592,'Motivo:',NULL,NULL,NULL,0,'2018-07-31 20:06:15',4,1360,1),(1593,'Fecha:',NULL,NULL,NULL,0,'2018-07-31 20:06:26',5,1357,2),(1594,'Fecha:',NULL,NULL,NULL,0,'2018-07-31 20:06:30',5,1359,2),(1595,'Fecha:',NULL,NULL,NULL,0,'2018-07-31 20:06:34',5,1360,2),(1596,'Realizar:',NULL,NULL,NULL,0,'2018-07-31 20:06:51',2,1322,1),(1597,'Realizar:',NULL,NULL,NULL,0,'2018-07-31 20:06:56',2,1323,1),(1598,'Realizar:',NULL,NULL,NULL,0,'2018-07-31 20:07:00',2,1324,1),(1599,'Realizar:',NULL,NULL,NULL,0,'2018-07-31 20:07:05',2,1325,1),(1600,'Realizar:',NULL,NULL,NULL,0,'2018-07-31 20:07:09',2,1326,1),(1601,'Realizar:',NULL,NULL,NULL,0,'2018-07-31 20:07:13',2,1327,1),(1602,'Realizar:',NULL,NULL,NULL,0,'2018-07-31 20:07:17',2,1328,1),(1603,'Realizar:',NULL,NULL,NULL,0,'2018-07-31 20:07:22',2,1329,1),(1604,'Realizar:',NULL,NULL,NULL,0,'2018-07-31 20:07:27',2,1330,1),(1605,'Realizar:',NULL,NULL,NULL,0,'2018-07-31 20:07:32',2,1331,1),(1606,'Realizar:',NULL,NULL,NULL,0,'2018-07-31 20:07:39',2,1332,1),(1607,'Realizar:',NULL,NULL,NULL,0,'2018-07-31 20:07:47',2,1333,1),(1608,'Realizar:',NULL,NULL,NULL,0,'2018-07-31 20:07:51',2,1334,1),(1609,'Realizar:',NULL,NULL,NULL,0,'2018-07-31 20:07:56',2,1335,1),(1610,'Realizar:',NULL,NULL,NULL,0,'2018-07-31 20:08:01',2,1336,1),(1611,'Realizar:',NULL,NULL,NULL,0,'2018-07-31 20:08:07',2,1337,1),(1612,'Realizar:',NULL,NULL,NULL,0,'2018-07-31 20:08:18',2,1338,1),(1613,'Realizar:',NULL,NULL,NULL,0,'2018-07-31 20:08:25',2,1339,1),(1614,'Realizar:',NULL,NULL,NULL,0,'2018-07-31 20:08:30',2,1340,1),(1615,'Realizar:',NULL,NULL,NULL,0,'2018-07-31 20:08:36',2,1341,1),(1616,'Realizar:',NULL,NULL,NULL,0,'2018-07-31 20:08:41',2,1342,1),(1617,'Realizar:',NULL,NULL,NULL,0,'2018-07-31 20:08:45',2,1343,1),(1618,'Realizar:',NULL,NULL,NULL,0,'2018-07-31 20:08:49',2,1344,1),(1619,'Realizar:',NULL,NULL,NULL,0,'2018-07-31 20:08:54',2,1345,1),(1620,'Realizar:',NULL,NULL,NULL,0,'2018-07-31 20:08:59',2,1346,1),(1621,'Realizar:',NULL,NULL,NULL,0,'2018-07-31 20:09:04',2,1347,1),(1622,'Realizar:',NULL,NULL,NULL,0,'2018-07-31 20:09:08',2,1348,1),(1623,'Realizar:',NULL,NULL,NULL,0,'2018-07-31 20:09:14',2,1349,1),(1624,'Realizar:',NULL,NULL,NULL,0,'2018-07-31 20:09:19',2,1350,1),(1625,'Realizar:',NULL,NULL,NULL,0,'2018-07-31 20:09:23',2,1351,1),(1626,'Realizar:',NULL,NULL,NULL,0,'2018-07-31 20:09:27',2,1352,1),(1627,'Realizar:',NULL,NULL,NULL,0,'2018-07-31 20:09:36',2,1353,1),(1628,'Realizar:',NULL,NULL,NULL,0,'2018-07-31 20:09:42',2,1354,1),(1629,'Realizar:',NULL,NULL,NULL,0,'2018-07-31 20:09:47',2,1355,1),(1630,'Realizar:',NULL,NULL,NULL,0,'2018-07-31 20:09:56',2,1356,1),(1631,'Observaciones:',NULL,NULL,NULL,0,'2018-07-31 20:15:51',4,1322,2),(1632,'Observaciones:',NULL,NULL,NULL,0,'2018-07-31 20:15:58',4,1323,2),(1633,'Observaciones:',NULL,NULL,NULL,0,'2018-07-31 20:16:03',4,1324,2),(1634,'Observaciones:',NULL,NULL,NULL,0,'2018-07-31 20:16:08',4,1325,2),(1635,'Observaciones:',NULL,NULL,NULL,0,'2018-07-31 20:16:12',4,1326,2),(1636,'Observaciones:',NULL,NULL,NULL,0,'2018-07-31 20:16:17',4,1327,2),(1637,'Observaciones:',NULL,NULL,NULL,0,'2018-07-31 20:16:22',4,1328,2),(1638,'Observaciones:',NULL,NULL,NULL,0,'2018-07-31 20:16:27',4,1329,2),(1639,'Observaciones:',NULL,NULL,NULL,0,'2018-07-31 20:16:31',4,1330,2),(1640,'Observaciones:',NULL,NULL,NULL,0,'2018-07-31 20:16:35',4,1331,2),(1641,'Observaciones:',NULL,NULL,NULL,0,'2018-07-31 20:16:41',4,1332,2),(1642,'Observaciones:',NULL,NULL,NULL,0,'2018-07-31 20:16:46',4,1333,2),(1643,'Observaciones:',NULL,NULL,NULL,0,'2018-07-31 20:16:53',4,1334,2),(1644,'Observaciones:',NULL,NULL,NULL,0,'2018-07-31 20:17:00',4,1335,2),(1645,'Observaciones:',NULL,NULL,NULL,0,'2018-07-31 20:17:04',4,1336,2),(1646,'Observaciones:',NULL,NULL,NULL,0,'2018-07-31 20:17:09',4,1337,2),(1647,'Observaciones:',NULL,NULL,NULL,0,'2018-07-31 20:17:21',4,1338,2),(1648,'Observaciones:',NULL,NULL,NULL,0,'2018-07-31 20:17:26',4,1339,2),(1649,'Observaciones:',NULL,NULL,NULL,0,'2018-07-31 20:17:31',4,1340,2),(1650,'Observaciones:',NULL,NULL,NULL,0,'2018-07-31 20:17:35',4,1341,2),(1651,'Observaciones:',NULL,NULL,NULL,0,'2018-07-31 20:17:43',4,1342,2),(1652,'Observaciones:',NULL,NULL,NULL,0,'2018-07-31 20:17:47',4,1343,2),(1653,'Observaciones:',NULL,NULL,NULL,0,'2018-07-31 20:17:52',4,1344,2),(1654,'Observaciones:',NULL,NULL,NULL,0,'2018-07-31 20:17:56',4,1345,2),(1655,'Observaciones:',NULL,NULL,NULL,0,'2018-07-31 20:18:01',4,1346,2),(1656,'Observaciones:',NULL,NULL,NULL,0,'2018-07-31 20:18:08',4,1347,2),(1657,'Observaciones:',NULL,NULL,NULL,0,'2018-07-31 20:18:11',4,1348,2),(1658,'Observaciones:',NULL,NULL,NULL,0,'2018-07-31 20:18:16',4,1349,2),(1659,'Observaciones:',NULL,NULL,NULL,0,'2018-07-31 20:18:20',4,1350,2),(1660,'Observaciones:',NULL,NULL,NULL,0,'2018-07-31 20:18:25',4,1351,2),(1661,'Observaciones:',NULL,NULL,NULL,0,'2018-07-31 20:18:30',4,1352,2),(1662,'Observaciones:',NULL,NULL,NULL,0,'2018-07-31 20:18:34',4,1353,2),(1663,'Observaciones:',NULL,NULL,NULL,0,'2018-07-31 20:18:39',4,1354,2),(1664,'Observaciones:',NULL,NULL,NULL,0,'2018-07-31 20:18:43',4,1355,2),(1665,'Observaciones:',NULL,NULL,NULL,0,'2018-07-31 20:18:50',4,1356,2),(1666,'Estado:',NULL,NULL,NULL,0,'2018-07-31 20:19:06',2,1322,3),(1667,'Estado:',NULL,NULL,NULL,0,'2018-07-31 20:19:10',2,1323,3),(1668,'Estado:',NULL,NULL,NULL,0,'2018-07-31 20:19:14',2,1324,3),(1669,'Estado:',NULL,NULL,NULL,0,'2018-07-31 20:19:18',2,1325,3),(1670,'Estado:',NULL,NULL,NULL,0,'2018-07-31 20:19:22',2,1326,3),(1671,'Estado:',NULL,NULL,NULL,0,'2018-07-31 20:19:26',2,1327,3),(1672,'Estado:',NULL,NULL,NULL,0,'2018-07-31 20:19:30',2,1328,3),(1673,'Estado:',NULL,NULL,NULL,0,'2018-07-31 20:19:37',2,1329,3),(1674,'Estado:',NULL,NULL,NULL,0,'2018-07-31 20:19:41',2,1330,3),(1675,'Estado:',NULL,NULL,NULL,0,'2018-07-31 20:19:47',2,1331,3),(1676,'Estado:',NULL,NULL,NULL,0,'2018-07-31 20:19:52',2,1332,3),(1677,'Estado:',NULL,NULL,NULL,0,'2018-07-31 20:19:56',2,1333,3),(1678,'Estado:',NULL,NULL,NULL,0,'2018-07-31 20:20:00',2,1334,3),(1679,'Estado:',NULL,NULL,NULL,0,'2018-07-31 20:20:05',2,1335,3),(1680,'Estado:',NULL,NULL,NULL,0,'2018-07-31 20:20:12',2,1336,3),(1681,'Estado:',NULL,NULL,NULL,0,'2018-07-31 20:20:17',2,1337,3),(1682,'Estado:',NULL,NULL,NULL,0,'2018-07-31 20:20:21',2,1338,3),(1683,'Estado:',NULL,NULL,NULL,0,'2018-07-31 20:20:25',2,1339,3),(1684,'Estado:',NULL,NULL,NULL,0,'2018-07-31 20:20:29',2,1340,3),(1685,'Estado:',NULL,NULL,NULL,0,'2018-07-31 20:20:33',2,1341,3),(1686,'Estado:',NULL,NULL,NULL,0,'2018-07-31 20:20:38',2,1342,3),(1687,'Estado:',NULL,NULL,NULL,0,'2018-07-31 20:20:44',2,1343,3),(1688,'Estado:',NULL,NULL,NULL,0,'2018-07-31 20:20:50',2,1344,3),(1689,'Estado:',NULL,NULL,NULL,0,'2018-07-31 20:20:58',2,1345,3),(1690,'Estado:',NULL,NULL,NULL,0,'2018-07-31 20:21:02',2,1346,3),(1691,'Estado:',NULL,NULL,NULL,0,'2018-07-31 20:21:06',2,1347,3),(1692,'Estado:',NULL,NULL,NULL,0,'2018-07-31 20:21:10',2,1348,3),(1693,'Estado:',NULL,NULL,NULL,0,'2018-07-31 20:21:15',2,1349,3),(1694,'Estado:',NULL,NULL,NULL,0,'2018-07-31 20:21:20',2,1350,3),(1695,'Estado:',NULL,NULL,NULL,0,'2018-07-31 20:21:25',2,1351,3),(1696,'Estado:',NULL,NULL,NULL,0,'2018-07-31 20:21:29',2,1352,3),(1697,'Estado:',NULL,NULL,NULL,0,'2018-07-31 20:21:34',2,1353,3),(1698,'Estado:',NULL,NULL,NULL,0,'2018-07-31 20:21:39',2,1354,3),(1699,'Estado:',NULL,NULL,NULL,0,'2018-07-31 20:21:44',2,1355,3),(1700,'Estado:',NULL,NULL,NULL,0,'2018-07-31 20:21:49',2,1356,3),(1701,'01:',NULL,NULL,NULL,0,'2018-08-03 15:50:43',3,314,1),(1702,'02:',NULL,NULL,NULL,0,'2018-08-03 15:50:50',3,314,2),(1703,'03:',NULL,NULL,NULL,0,'2018-08-03 15:50:54',3,314,3),(1704,'04:',NULL,NULL,NULL,0,'2018-08-03 15:50:59',3,314,4),(1705,'05:',NULL,NULL,NULL,0,'2018-08-03 15:51:10',3,314,5),(1706,'06:',NULL,NULL,NULL,0,'2018-08-03 15:51:16',3,314,6),(1707,'08:',NULL,NULL,NULL,0,'2018-08-03 15:51:33',3,314,7),(1708,'12',NULL,NULL,NULL,0,'2018-08-03 15:52:56',3,314,8),(1709,'16',NULL,NULL,NULL,0,'2018-08-03 15:53:00',3,314,9),(1710,'n',NULL,NULL,NULL,0,'2018-08-03 15:53:05',3,314,10),(1711,'Obsevaciones:',NULL,NULL,NULL,0,'2018-08-03 16:15:01',4,314,13),(1712,'Indique: Ovalos / Conicidad y Altura:',NULL,NULL,NULL,0,'2018-08-03 18:26:50',4,338,2),(1713,'Indique: Ovalos / Conicidad y Altura:',NULL,NULL,NULL,0,'2018-08-03 18:27:00',4,339,2),(1714,'Indique: Ovalos / Conicidad y Altura:',NULL,NULL,NULL,0,'2018-08-03 18:27:05',4,340,2),(1715,'Indique: Ovalos / Conicidad y Altura:',NULL,NULL,NULL,0,'2018-08-03 18:27:11',4,341,2),(1716,'Indique: Ovalos / Conicidad y Altura:',NULL,NULL,NULL,0,'2018-08-03 18:27:18',4,342,2),(1717,'Indique: Ovalos / Conicidad y Altura:',NULL,NULL,NULL,0,'2018-08-03 18:27:23',4,343,2),(1718,'Indique: Ovalos / Conicidad y Altura:',NULL,NULL,NULL,0,'2018-08-03 18:27:28',4,344,2),(1719,'Indique: Ovalos / Conicidad y Altura:',NULL,NULL,NULL,0,'2018-08-03 18:27:34',4,345,2),(1720,'Indique: Ovalos / Conicidad y Altura:',NULL,NULL,NULL,0,'2018-08-03 18:27:40',4,346,2),(1724,'(*)Indique valor',NULL,NULL,NULL,0,'2018-08-03 19:48:17',5,97,2),(1725,'(*)Indique valor',NULL,NULL,NULL,0,'2018-08-03 19:48:25',5,98,2),(1726,'(*)Indique valor',NULL,NULL,NULL,0,'2018-08-03 19:48:31',5,99,2),(1727,'(*)Indique valor',NULL,NULL,NULL,0,'2018-08-03 19:48:38',5,101,2),(1728,'(*)Indique valor',NULL,NULL,NULL,0,'2018-08-03 19:48:44',5,102,2),(1729,'(*)Indique valor',NULL,NULL,NULL,0,'2018-08-03 19:48:49',5,103,2),(1730,'(*)Indique valor',NULL,NULL,NULL,0,'2018-08-03 19:48:58',5,104,2),(1731,'(*)Indique valor',NULL,NULL,NULL,0,'2018-08-03 19:49:02',5,105,2),(1732,'(*)Indique valor',NULL,NULL,NULL,0,'2018-08-03 19:49:07',5,106,2),(1733,'(*)Indique valor',NULL,NULL,NULL,0,'2018-08-03 19:49:12',5,107,2),(1734,'(*)Indique valor',NULL,NULL,NULL,0,'2018-08-03 19:49:50',5,108,2),(1735,'(*)Indique valor',NULL,NULL,NULL,0,'2018-08-03 19:49:56',5,109,2),(1736,'(*)Indique valor',NULL,NULL,NULL,0,'2018-08-03 19:50:03',5,110,2),(1737,'(*)Indique valor',NULL,NULL,NULL,0,'2018-08-03 19:50:09',5,111,2),(1738,'(*)Indique valor',NULL,NULL,NULL,0,'2018-08-03 19:50:21',5,112,2),(1739,'(*)Indique valor',NULL,NULL,NULL,0,'2018-08-03 19:50:27',5,113,2),(1740,'(*)Indique valor',NULL,NULL,NULL,0,'2018-08-03 19:50:33',5,114,2),(1742,'',NULL,NULL,NULL,0,'2018-08-03 20:20:55',4,1363,1),(2000,'Legajo en Mano',NULL,NULL,NULL,0,'2018-08-07 14:44:43',3,2000,1),(2001,'Planilla de “Registro de recepcio?n de componente”, se encuentra en el Legajo.',NULL,NULL,NULL,0,'2018-08-07 14:44:59',3,2000,2),(2002,'“Remito del cliente”, aplica solo si a trai?do. Se encuentra en el Legajo.',NULL,NULL,NULL,0,'2018-08-07 14:45:10',3,2000,3),(2003,'Planilla de “Registro de pedido de materiales interior y exterior”, se encuentra en el Legajo.',NULL,NULL,NULL,0,'2018-08-07 14:45:42',3,2000,4),(2004,'Fotos del componente, impreso o con acceso en pantalla.',NULL,NULL,NULL,0,'2018-08-07 14:45:52',3,2000,5),(2005,'Ca?mara de Fotos, sera? necesario para registrar que se esta? despachando.',NULL,NULL,NULL,0,'2018-08-07 14:46:49',3,2000,6),(2006,'Planilla de “Remito de despacho de componente”, se encuentra en el Legajo.',NULL,NULL,NULL,0,'2018-08-07 14:47:32',3,2000,7),(2008,'Se encuentran todos los i?tems nombrados en ella',NULL,NULL,NULL,0,'2018-08-07 14:52:14',3,2002,1),(2009,'Esta todo lo descripto en el remito del cliente.',NULL,NULL,NULL,0,'2018-08-07 14:55:43',3,2003,1),(2010,'Se encuentran todos los i?tems nombrados en ella',NULL,NULL,NULL,0,'2018-08-07 14:56:38',3,2004,1),(2011,'Se encuentran todos los componentes tal cual muestran las fotos',NULL,NULL,NULL,0,'2018-08-07 14:57:15',3,2005,1),(2012,'No ha quedado ningu?n repuesto, insumo, componente, etc. de este interno en almace?n',NULL,NULL,NULL,0,'2018-08-07 14:57:47',3,2006,1),(2013,'Arne?s ele?ctrico SIN cables cortados',NULL,NULL,NULL,0,'2018-08-07 14:59:04',3,2007,1),(2014,'Arne?s ele?ctrico SIN cables sueltos',NULL,NULL,NULL,0,'2018-08-07 14:59:32',3,2007,2),(2015,'Arne?s ele?ctrico SIN cables pelados',NULL,NULL,NULL,0,'2018-08-07 14:59:46',3,2007,3),(2016,'Arne?s ele?ctrico SIN cintas y/o corrugado protector roto o suelto',NULL,NULL,NULL,0,'2018-08-07 14:59:55',3,2007,4),(2017,'Arne?s ele?ctrico SIN sujetadores, precintos, agarres varios suelto',NULL,NULL,NULL,0,'2018-08-07 15:00:05',3,2007,5),(2018,'Arne?s ele?ctrico SIN fichas y/o conectores rotos',NULL,NULL,NULL,0,'2018-08-07 15:00:19',3,2007,6),(2019,'Carter y protecciones varias sin abolladuras',NULL,NULL,NULL,0,'2018-08-07 15:00:28',3,2007,7),(2020,'Sin traspiraciones y/o pe?rdida de aceites',NULL,NULL,NULL,0,'2018-08-07 15:00:37',3,2007,8),(2021,'Sin pe?rdida de refrigerante y/o algu?n fluido',NULL,NULL,NULL,0,'2018-08-07 15:00:47',3,2007,9),(2022,'Controlar que la boca de admisio?n, escape, can?eri?as varias de ingreso y/o egreso de algu?n fluido este?n con sus tapones correspondiente. En caso de no tener tapo?n se debe tapar con algu?n insumo.',NULL,NULL,NULL,0,'2018-08-07 15:00:58',3,2007,10),(2023,'Cuna o soporte adecuado (ante la duda consultar a coordinador)',NULL,NULL,NULL,0,'2018-08-07 15:01:08',3,2007,11),(2024,'Tomar fotos del estado del componente a despachar',NULL,NULL,NULL,0,'2018-08-07 15:01:48',3,2008,1),(2025,'Realizar remito de salida, marcar todo los componentes incluyendo repuestos nuevos y/o usados.',NULL,NULL,NULL,0,'2018-08-07 15:02:53',3,2009,1),(2026,'Observacion:',NULL,NULL,NULL,0,'2018-08-07 15:03:33',4,2010,1),(2047,'Realizar:',NULL,NULL,NULL,0,'2018-08-07 15:23:43',2,2013,1),(2048,'Observacion:',NULL,NULL,NULL,0,'2018-08-07 15:24:01',4,2013,2),(2049,'Realizar:',NULL,NULL,NULL,0,'2018-08-07 15:24:22',2,2014,1),(2050,'Observacion:',NULL,NULL,NULL,0,'2018-08-07 15:24:52',4,2014,2),(2051,'Realizar:',NULL,NULL,NULL,0,'2018-08-07 15:25:17',2,2016,1),(2052,'Observacion:',NULL,NULL,NULL,0,'2018-08-07 15:25:37',4,2016,2),(2053,'Realizar:',NULL,NULL,NULL,0,'2018-08-07 15:32:58',2,2017,1),(2054,'Observacion:',NULL,NULL,NULL,0,'2018-08-07 15:33:38',4,2017,2),(2055,'Estado:',NULL,NULL,NULL,0,'2018-08-07 15:33:51',2,2017,3),(2056,'Realizar:',NULL,NULL,NULL,0,'2018-08-07 15:35:21',2,2018,1),(2057,'Observaciones:',NULL,NULL,NULL,0,'2018-08-07 15:35:41',4,2018,2),(2059,'Realizar:',NULL,NULL,NULL,0,'2018-08-07 15:36:11',2,2019,1),(2060,'Observacion:',NULL,NULL,NULL,0,'2018-08-07 15:36:27',4,2019,2),(2061,'Realizar:',NULL,NULL,NULL,0,'2018-08-07 15:36:58',2,2020,1),(2062,'Observacion:',NULL,NULL,NULL,0,'2018-08-07 15:37:21',4,2020,2),(2063,'Realizar:',NULL,NULL,NULL,0,'2018-08-07 15:37:57',2,2021,1),(2064,'Observaciones:',NULL,NULL,NULL,0,'2018-08-07 15:39:03',4,2021,2),(2065,'Realizar:',NULL,NULL,NULL,0,'2018-08-07 15:39:37',2,2022,1),(2066,'Observaciones:',NULL,NULL,NULL,0,'2018-08-07 15:39:54',4,2022,2),(2067,'Estado:',NULL,NULL,NULL,0,'2018-08-07 15:40:00',2,2022,3),(2068,'Realizar:',NULL,NULL,NULL,0,'2018-08-07 15:41:55',2,2023,1),(2069,'Observaciones:',NULL,NULL,NULL,0,'2018-08-07 15:42:09',4,2023,2),(2070,'Estado:',NULL,NULL,NULL,0,'2018-08-07 15:42:16',2,2023,3),(2071,'Realizar:',NULL,NULL,NULL,0,'2018-08-07 15:43:48',2,2024,1),(2072,'Observaciones:',NULL,NULL,NULL,0,'2018-08-07 15:45:11',2,2024,2),(2073,'Realizar:',NULL,NULL,NULL,0,'2018-08-07 15:46:16',2,2025,1),(2074,'Observaciones:',NULL,NULL,NULL,0,'2018-08-07 15:46:31',4,2025,2),(2075,'Realizar:',NULL,NULL,NULL,0,'2018-08-07 15:47:07',2,2026,1),(2076,'Observaciones:',NULL,NULL,NULL,0,'2018-08-07 15:47:25',4,2026,2),(2077,'Estado:',NULL,NULL,NULL,0,'2018-08-07 15:47:32',2,2026,3),(2078,'Realizar:',NULL,NULL,NULL,0,'2018-08-07 15:48:01',2,2027,1),(2079,'Observaciones:',NULL,NULL,NULL,0,'2018-08-07 15:48:28',4,2027,2),(2080,'Estado:',NULL,NULL,NULL,0,'2018-08-07 15:48:44',2,2027,3),(2081,'Realizar:',NULL,NULL,NULL,0,'2018-08-07 15:49:11',2,2028,1),(2083,'Luz de Valvula:',NULL,NULL,NULL,0,'2018-08-07 15:49:47',4,2028,2),(2084,'Completar:',NULL,NULL,NULL,0,'2018-08-07 16:27:14',2,2029,1),(2085,'Observaciones:',NULL,NULL,NULL,0,'2018-08-07 16:27:50',4,2029,2),(2086,'Completar:',NULL,NULL,NULL,0,'2018-08-07 16:28:31',2,2030,1),(2087,'Observaciones:',NULL,NULL,NULL,0,'2018-08-07 16:29:18',4,2030,2),(2088,'Completar:',NULL,NULL,NULL,0,'2018-08-07 16:29:45',2,2031,1),(2089,'Observaciones:',NULL,NULL,NULL,0,'2018-08-07 16:30:14',4,2031,2),(2090,'Completar:',NULL,NULL,NULL,0,'2018-08-07 16:31:41',2,2032,1),(2091,'Observaciones:',NULL,NULL,NULL,0,'2018-08-07 16:31:47',4,2032,2),(2093,'Completar:',NULL,NULL,NULL,0,'2018-08-07 16:32:26',2,2033,1),(2094,'Observaciones:',NULL,NULL,NULL,0,'2018-08-07 16:32:53',4,2033,2),(2095,'Completar:',NULL,NULL,NULL,0,'2018-08-07 16:33:27',2,2034,1),(2096,'Observaciones:',NULL,NULL,NULL,0,'2018-08-07 16:33:38',4,2034,2),(2097,'Completar:',NULL,NULL,NULL,0,'2018-08-07 16:34:35',2,2035,1),(2098,'Observaciones:',NULL,NULL,NULL,0,'2018-08-07 16:34:42',4,2035,2),(2099,'Completar:',NULL,NULL,NULL,0,'2018-08-07 16:35:17',2,2036,1),(2100,'Observaciones:',NULL,NULL,NULL,0,'2018-08-07 16:35:26',4,2036,2),(2102,'Completar:',NULL,NULL,NULL,0,'2018-08-07 16:36:24',2,2037,1),(2103,'Observaciones:',NULL,NULL,NULL,0,'2018-08-07 16:36:31',4,2037,2),(2104,'Completar:',NULL,NULL,NULL,0,'2018-08-07 18:28:34',2,2038,1),(2105,'Observaciones:',NULL,NULL,NULL,0,'2018-08-07 18:29:44',4,2038,2),(2106,'Completar:',NULL,NULL,NULL,0,'2018-08-07 18:31:45',2,2039,1),(2107,'Observaciones:',NULL,NULL,NULL,0,'2018-08-07 18:34:22',4,2039,2),(2108,'Completar:',NULL,NULL,NULL,0,'2018-08-07 18:34:45',2,2040,1),(2109,'Observaciones:',NULL,NULL,NULL,0,'2018-08-07 18:38:03',4,2040,2),(2110,'Completar:',NULL,NULL,NULL,0,'2018-08-07 18:44:57',2,2041,1),(2111,'Observaciones:',NULL,NULL,NULL,0,'2018-08-07 18:58:11',4,2041,2),(2112,'Completar:',NULL,NULL,NULL,0,'2018-08-07 19:11:36',2,2042,1),(2113,'Observaciones:',NULL,NULL,NULL,0,'2018-08-07 19:13:41',4,2042,2),(2114,'Completar:',NULL,NULL,NULL,0,'2018-08-07 19:14:01',2,2043,1),(2115,'Observaciones:',NULL,NULL,NULL,0,'2018-08-07 19:14:26',4,2043,2),(2117,'Completar:',NULL,NULL,NULL,0,'2018-08-07 19:16:10',2,2044,1),(2118,'Observaciones:',NULL,NULL,NULL,0,'2018-08-07 19:20:52',4,2044,2),(2119,'Completar:',NULL,NULL,NULL,0,'2018-08-07 19:47:25',2,2045,1),(2120,'Observaciones:',NULL,NULL,NULL,0,'2018-08-07 19:47:31',4,2045,2),(2121,'Completar:',NULL,NULL,NULL,0,'2018-08-07 19:49:02',2,2046,1),(2122,'Observaciones:',NULL,NULL,NULL,0,'2018-08-07 19:49:31',4,2046,2),(2123,'Completar:',NULL,NULL,NULL,0,'2018-08-07 19:50:43',2,2047,1),(2124,'Observaciones:',NULL,NULL,NULL,0,'2018-08-07 19:50:49',4,2047,2),(2125,'Completar:',NULL,NULL,NULL,0,'2018-08-07 19:51:38',2,2048,1),(2126,'Observaciones:',NULL,NULL,NULL,0,'2018-08-07 19:52:31',4,2048,2),(2127,'Completar:',NULL,NULL,NULL,0,'2018-08-07 19:53:28',2,2049,1),(2128,'Observaciones:',NULL,NULL,NULL,0,'2018-08-07 19:53:50',4,2049,2),(2129,'Completar:',NULL,NULL,NULL,0,'2018-08-07 19:55:24',2,2050,1),(2130,'Observaciones:',NULL,NULL,NULL,0,'2018-08-07 19:55:41',4,2050,2),(2131,'Completar:',NULL,NULL,NULL,0,'2018-08-07 19:56:00',2,2051,1),(2132,'Observaciones:',NULL,NULL,NULL,0,'2018-08-07 19:56:21',4,2051,2),(2133,'Completar:',NULL,NULL,NULL,0,'2018-08-07 19:57:37',2,2052,1),(2134,'Observaciones:',NULL,NULL,NULL,0,'2018-08-07 19:58:56',4,2052,2),(2135,'Completar:',NULL,NULL,NULL,0,'2018-08-07 20:00:41',2,2053,1),(2136,'Observaciones:',NULL,NULL,NULL,0,'2018-08-07 20:02:17',4,2053,2),(2137,'Completar:',NULL,NULL,NULL,0,'2018-08-07 20:03:00',2,2054,1),(2138,'Observaciones:',NULL,NULL,NULL,0,'2018-08-07 20:03:19',4,2054,2),(2139,'Completar:',NULL,NULL,NULL,0,'2018-08-07 20:03:48',2,2055,1),(2140,'Observaciones',NULL,NULL,NULL,0,'2018-08-07 20:04:06',4,2055,2),(2141,'Completar:',NULL,NULL,NULL,0,'2018-08-07 20:04:29',2,2056,1),(2142,'Observaciones:',NULL,NULL,NULL,0,'2018-08-07 20:04:49',4,2056,2),(2143,'Completar:',NULL,NULL,NULL,0,'2018-08-07 20:05:12',2,2057,1),(2144,'Observaciones:',NULL,NULL,NULL,0,'2018-08-07 20:05:34',4,2057,2),(2145,'Observaciones:',NULL,NULL,NULL,0,'2018-08-07 20:13:39',4,2058,1),(2148,'Estado:',NULL,NULL,NULL,0,'2018-08-08 15:05:38',2,2060,1),(2149,'Observaciones:',NULL,NULL,NULL,0,'2018-08-08 15:05:47',4,2060,2),(2150,'Estado:',NULL,NULL,NULL,0,'2018-08-08 15:07:01',2,2061,1),(2151,'Observaciones:',NULL,NULL,NULL,0,'2018-08-08 15:07:08',4,2061,2),(2152,'Estado:',NULL,NULL,NULL,0,'2018-08-08 15:07:55',2,2062,1),(2153,'Observaiones:',NULL,NULL,NULL,0,'2018-08-08 15:12:52',4,2062,2),(2154,'Estado:',NULL,NULL,NULL,0,'2018-08-08 15:13:28',2,2063,1),(2155,'Observaciones:',NULL,NULL,NULL,0,'2018-08-08 15:13:35',4,2063,2),(2156,'Estado:',NULL,NULL,NULL,0,'2018-08-08 15:14:57',2,2064,1),(2157,'Observaciones:',NULL,NULL,NULL,0,'2018-08-08 15:15:05',4,2064,2),(2158,'Estado:',NULL,NULL,NULL,0,'2018-08-08 15:15:52',2,2065,1),(2159,'Observaciones:',NULL,NULL,NULL,0,'2018-08-08 15:16:00',4,2065,2),(2160,'Estado:',NULL,NULL,NULL,0,'2018-08-08 15:24:24',2,2066,1),(2161,'Observaciones:',NULL,NULL,NULL,0,'2018-08-08 15:25:05',4,2066,2),(2162,'Estado:',NULL,NULL,NULL,0,'2018-08-08 15:25:48',2,2067,1),(2163,'Observaciones:',NULL,NULL,NULL,0,'2018-08-08 15:25:55',4,2067,2),(2164,'Estado:',NULL,NULL,NULL,0,'2018-08-08 15:26:38',2,2068,1),(2165,'Observaciones:',NULL,NULL,NULL,0,'2018-08-08 15:26:44',4,2068,2),(2166,'Estado:',NULL,NULL,NULL,0,'2018-08-08 15:28:06',2,2069,1),(2168,'Observaciones:',NULL,NULL,NULL,0,'2018-08-08 15:28:38',4,2069,2),(2169,'Estado:',NULL,NULL,NULL,0,'2018-08-08 15:31:39',2,2070,1),(2170,'Observaciones:',NULL,NULL,NULL,0,'2018-08-08 15:31:50',4,2070,2),(2171,'Estado:',NULL,NULL,NULL,0,'2018-08-08 15:32:24',2,2071,1),(2172,'Observaciones:',NULL,NULL,NULL,0,'2018-08-08 15:32:36',4,2071,2),(2173,'Estado:',NULL,NULL,NULL,0,'2018-08-08 15:33:45',2,2072,1),(2174,'Observaciones:',NULL,NULL,NULL,0,'2018-08-08 15:33:52',4,2072,2),(2175,'Estado:',NULL,NULL,NULL,0,'2018-08-08 15:38:59',2,2073,1),(2176,'Observaciones:',NULL,NULL,NULL,0,'2018-08-08 15:39:06',4,2073,2),(2177,'Estado:',NULL,NULL,NULL,0,'2018-08-08 15:42:34',2,2074,1),(2178,'Observaciones:',NULL,NULL,NULL,0,'2018-08-08 15:42:42',4,2074,2),(2179,'Estado:',NULL,NULL,NULL,0,'2018-08-08 15:45:39',2,2075,1),(2180,'Observaciones:',NULL,NULL,NULL,0,'2018-08-08 15:45:53',4,2075,2),(2181,'Estado:',NULL,NULL,NULL,0,'2018-08-08 15:46:27',2,2076,1),(2182,'Observaciones:',NULL,NULL,NULL,0,'2018-08-08 15:46:35',4,2076,2),(2183,'Estado:',NULL,NULL,NULL,0,'2018-08-08 15:47:38',2,2077,1),(2184,'Observaciones:',NULL,NULL,NULL,0,'2018-08-08 15:47:58',4,2077,2),(2185,'Estado:',NULL,NULL,NULL,0,'2018-08-08 15:49:07',2,2078,1),(2186,'Observaciones:',NULL,NULL,NULL,0,'2018-08-08 15:49:14',4,2078,2),(2187,'Estado:',NULL,NULL,NULL,0,'2018-08-08 15:50:23',2,2079,1),(2188,'Observaciones:',NULL,NULL,NULL,0,'2018-08-08 15:50:36',4,2079,2),(2189,'Estado:',NULL,NULL,NULL,0,'2018-08-08 15:59:20',2,2082,1),(2190,'Observaciones:',NULL,NULL,NULL,0,'2018-08-08 15:59:27',4,2082,2),(2191,'Estado:',NULL,NULL,NULL,0,'2018-08-08 16:05:49',2,2083,1),(2192,'Observaciones:',NULL,NULL,NULL,0,'2018-08-08 16:05:57',4,2083,2),(2193,'Estado:',NULL,NULL,NULL,0,'2018-08-08 16:06:25',2,2084,1),(2194,'Observaciones:',NULL,NULL,NULL,0,'2018-08-08 16:06:32',4,2084,2),(2195,'Estado:',NULL,NULL,NULL,0,'2018-08-08 16:07:19',2,2085,1),(2196,'Observaciones:',NULL,NULL,NULL,0,'2018-08-08 16:07:28',4,2085,2),(2197,'Estado:',NULL,NULL,NULL,0,'2018-08-08 16:08:08',2,2086,1),(2198,'Observaciones:',NULL,NULL,NULL,0,'2018-08-08 16:08:14',4,2086,2),(2199,'Estado:',NULL,NULL,NULL,0,'2018-08-08 16:09:08',2,2087,1),(2200,'Observaciones:',NULL,NULL,NULL,0,'2018-08-08 16:09:18',4,2087,2),(2201,'Estado:',NULL,NULL,NULL,0,'2018-08-08 16:09:54',2,2088,1),(2202,'Observaciones:',NULL,NULL,NULL,0,'2018-08-08 16:10:02',4,2088,2),(2203,'Estado:',NULL,NULL,NULL,0,'2018-08-08 16:15:34',2,2089,1),(2204,'Observaciones:',NULL,NULL,NULL,0,'2018-08-08 16:15:40',4,2089,2),(2205,'Estado:',NULL,NULL,NULL,0,'2018-08-08 16:18:07',2,2090,1),(2206,'Observaciones:',NULL,NULL,NULL,0,'2018-08-08 16:18:13',4,2090,2),(2207,'Estado:',NULL,NULL,NULL,0,'2018-08-08 16:22:37',2,2091,1),(2208,'Observaciones:',NULL,NULL,NULL,0,'2018-08-08 16:22:45',4,2091,2),(2209,'Estado:',NULL,NULL,NULL,0,'2018-08-08 16:59:53',2,2092,1),(2210,'Observaciones:',NULL,NULL,NULL,0,'2018-08-08 17:00:00',4,2092,2),(2211,'Estado:',NULL,NULL,NULL,0,'2018-08-08 17:00:40',2,2093,1),(2212,'Observaciones:',NULL,NULL,NULL,0,'2018-08-08 17:00:51',4,2093,2),(2213,'Estado:',NULL,NULL,NULL,0,'2018-08-08 17:07:39',2,2094,1),(2214,'Observaciones:',NULL,NULL,NULL,0,'2018-08-08 17:07:47',4,2094,2),(2215,'Estado:',NULL,NULL,NULL,0,'2018-08-08 17:09:00',2,2095,1),(2216,'Estado:',NULL,NULL,NULL,0,'2018-08-08 17:09:04',2,2096,1),(2217,'Estado:',NULL,NULL,NULL,0,'2018-08-08 17:09:10',2,2097,1),(2218,'Estado:',NULL,NULL,NULL,0,'2018-08-08 17:09:15',2,2098,1),(2219,'Observaciones:',NULL,NULL,NULL,0,'2018-08-08 17:09:27',4,2095,2),(2220,'Observaciones:',NULL,NULL,NULL,0,'2018-08-08 17:09:32',4,2096,2),(2221,'Observaciones:',NULL,NULL,NULL,0,'2018-08-08 17:09:37',4,2097,2),(2222,'Observaciones:',NULL,NULL,NULL,0,'2018-08-08 17:09:42',4,2098,2),(2223,'Estado:',NULL,NULL,NULL,0,'2018-08-08 17:42:02',2,2099,1),(2224,'Observaciones:',NULL,NULL,NULL,0,'2018-08-08 17:42:10',4,2099,2),(2225,'Estado:',NULL,NULL,NULL,0,'2018-08-08 17:45:29',2,2100,1),(2226,'Observaciones:',NULL,NULL,NULL,0,'2018-08-08 17:46:05',4,2100,2),(2227,'Estado:',NULL,NULL,NULL,0,'2018-08-08 17:46:32',2,2101,1),(2228,'Observaciones:',NULL,NULL,NULL,0,'2018-08-08 17:47:44',4,2101,2),(2229,'Estado:',NULL,NULL,NULL,0,'2018-08-08 17:48:10',2,2102,1),(2230,'Observaciones:',NULL,NULL,NULL,0,'2018-08-08 17:48:16',4,2102,2),(2231,'Estado:',NULL,NULL,NULL,0,'2018-08-08 18:00:10',2,2103,1),(2232,'Observacion:',NULL,NULL,NULL,0,'2018-08-08 18:00:22',4,2103,2),(2233,'Estado:',NULL,NULL,NULL,0,'2018-08-08 18:01:30',2,2104,1),(2234,'Observaciones:',NULL,NULL,NULL,0,'2018-08-08 18:01:43',4,2104,2),(2235,'Estado:',NULL,NULL,NULL,0,'2018-08-08 18:03:33',2,2105,1),(2236,'Observaciones:',NULL,NULL,NULL,0,'2018-08-08 18:03:49',4,2105,2),(2237,'Estado:',NULL,NULL,NULL,0,'2018-08-08 18:19:26',2,2106,1),(2238,'Observaciones:',NULL,NULL,NULL,0,'2018-08-08 18:19:39',4,2106,2),(2239,'Estado:',NULL,NULL,NULL,0,'2018-08-08 18:20:11',2,2107,1),(2240,'Observaciones:',NULL,NULL,NULL,0,'2018-08-08 18:20:19',4,2107,2),(2241,'Estado:',NULL,NULL,NULL,0,'2018-08-08 18:20:47',2,2108,1),(2242,'Observaciones:',NULL,NULL,NULL,0,'2018-08-08 18:20:58',4,2108,2),(2243,'Estado:',NULL,NULL,NULL,0,'2018-08-08 18:21:29',2,2109,1),(2244,'Observaciones:',NULL,NULL,NULL,0,'2018-08-08 18:21:36',4,2109,2),(2245,'Estado:',NULL,NULL,NULL,0,'2018-08-08 18:23:26',2,2110,1),(2246,'Observaciones:',NULL,NULL,NULL,0,'2018-08-08 18:23:32',4,2110,2),(2247,'Estado:',NULL,NULL,NULL,0,'2018-08-08 18:33:06',2,2111,1),(2248,'Observaciones:',NULL,NULL,NULL,0,'2018-08-08 18:33:24',4,2111,2),(2249,'Estado:',NULL,NULL,NULL,0,'2018-08-08 18:57:14',2,2112,1),(2250,'Observaciones:',NULL,NULL,NULL,0,'2018-08-08 18:57:29',4,2112,2),(2251,'Estado:',NULL,NULL,NULL,0,'2018-08-08 18:58:47',2,2113,1),(2252,'Observaciones:',NULL,NULL,NULL,0,'2018-08-08 18:59:07',4,2113,2),(2253,'Estado:',NULL,NULL,NULL,0,'2018-08-08 18:59:31',2,2114,1),(2254,'Observaciones:',NULL,NULL,NULL,0,'2018-08-08 18:59:37',4,2114,2),(2255,'Estado:',NULL,NULL,NULL,0,'2018-08-08 19:01:08',2,2115,1),(2256,'Observaciones:',NULL,NULL,NULL,0,'2018-08-08 19:01:18',4,2115,2),(2257,'Estado:',NULL,NULL,NULL,0,'2018-08-08 19:04:59',2,2116,1),(2258,'Observaciones:',NULL,NULL,NULL,0,'2018-08-08 19:05:06',4,2116,2),(2259,'Estado:',NULL,NULL,NULL,0,'2018-08-08 19:06:28',2,2117,1),(2260,'Observaciones:',NULL,NULL,NULL,0,'2018-08-08 19:06:35',4,2117,2),(2261,'Estado:',NULL,NULL,NULL,0,'2018-08-08 19:07:56',2,2118,1),(2262,'Observaciones:',NULL,NULL,NULL,0,'2018-08-08 19:10:14',4,2118,2),(2263,'Estado:',NULL,NULL,NULL,0,'2018-08-08 19:21:26',2,2119,1),(2264,'Observaciones:',NULL,NULL,NULL,0,'2018-08-08 19:21:46',4,2119,2),(2265,'Estado:',NULL,NULL,NULL,0,'2018-08-08 19:22:25',2,2120,1),(2266,'Observaciones:',NULL,NULL,NULL,0,'2018-08-08 19:22:41',4,2120,2),(2267,'Estado:',NULL,NULL,NULL,0,'2018-08-08 19:23:12',2,2121,1),(2268,'Observaciones:',NULL,NULL,NULL,0,'2018-08-08 19:23:18',4,2121,2),(2269,'Estado:',NULL,NULL,NULL,0,'2018-08-08 19:23:49',2,2122,1),(2270,'Observaciones:',NULL,NULL,NULL,0,'2018-08-08 19:24:03',4,2122,2),(2271,'Estado:',NULL,NULL,NULL,0,'2018-08-08 19:26:34',2,2124,1),(2272,'Observaciones:',NULL,NULL,NULL,0,'2018-08-08 19:26:41',4,2124,2),(2273,'Estado:',NULL,NULL,NULL,0,'2018-08-08 19:27:20',2,2125,1),(2274,'Observaciones:',NULL,NULL,NULL,0,'2018-08-08 19:27:29',4,2125,2),(2275,'Estado:',NULL,NULL,NULL,0,'2018-08-08 19:28:44',2,2126,1),(2276,'Observaciones:',NULL,NULL,NULL,0,'2018-08-08 19:28:53',4,2126,2),(2277,'Estado:',NULL,NULL,NULL,0,'2018-08-08 19:33:52',2,2127,1),(2278,'Observaciones:',NULL,NULL,NULL,0,'2018-08-08 19:34:13',4,2127,2),(2279,'Estado:',NULL,NULL,NULL,0,'2018-08-08 19:36:46',2,2128,1),(2280,'Observaciones:',NULL,NULL,NULL,0,'2018-08-08 19:37:10',4,2128,2),(2281,'Estado:',NULL,NULL,NULL,0,'2018-08-08 19:38:38',2,2129,1),(2282,'Observaciones:',NULL,NULL,NULL,0,'2018-08-08 19:38:50',4,2129,2),(2283,'Estado:',NULL,NULL,NULL,0,'2018-08-08 19:40:31',2,2131,1),(2284,'Observaciones:',NULL,NULL,NULL,0,'2018-08-08 19:40:40',4,2131,2),(2285,'Estado:',NULL,NULL,NULL,0,'2018-08-08 19:41:47',2,2132,1),(2286,'Observaciones:',NULL,NULL,NULL,0,'2018-08-08 19:41:56',4,2132,2),(2287,'Estado:',NULL,NULL,NULL,0,'2018-08-08 19:43:39',2,2133,1),(2288,'Observaciones:',NULL,NULL,NULL,0,'2018-08-08 19:43:53',4,2133,2),(2289,'Estado:',NULL,NULL,NULL,0,'2018-08-08 19:45:16',2,2134,1),(2290,'Observaciones:',NULL,NULL,NULL,0,'2018-08-08 19:45:33',4,2134,2),(2291,'Estado:',NULL,NULL,NULL,0,'2018-08-11 23:37:50',2,2135,1),(2292,'Estado:',NULL,NULL,NULL,0,'2018-08-11 23:37:54',2,2136,1),(2293,'Estado:',NULL,NULL,NULL,0,'2018-08-11 23:37:58',2,2137,1),(2294,'Estado:',NULL,NULL,NULL,0,'2018-08-11 23:38:03',2,2138,1),(2295,'Estado:',NULL,NULL,NULL,0,'2018-08-11 23:38:09',2,2139,1),(2296,'Estado:',NULL,NULL,NULL,0,'2018-08-11 23:38:14',2,2140,1),(2297,'Estado:',NULL,NULL,NULL,0,'2018-08-11 23:38:18',2,2141,1),(2298,'Observaciones:',NULL,NULL,NULL,0,'2018-08-11 23:39:46',4,2135,2),(2299,'Observaciones:',NULL,NULL,NULL,0,'2018-08-11 23:39:51',4,2136,2),(2300,'Observaciones:',NULL,NULL,NULL,0,'2018-08-11 23:39:56',4,2137,2),(2301,'Observaciones:',NULL,NULL,NULL,0,'2018-08-11 23:40:00',4,2138,2),(2302,'Observaciones:',NULL,NULL,NULL,0,'2018-08-11 23:40:06',4,2139,2),(2303,'Observaciones:',NULL,NULL,NULL,0,'2018-08-11 23:40:19',4,2140,2),(2304,'Observaciones:',NULL,NULL,NULL,0,'2018-08-11 23:40:23',4,2141,2),(2306,'Print de pantalla al 100%:',NULL,NULL,NULL,0,'2018-08-13 03:02:12',4,2143,1),(2308,'Filmar una prueba desde arranque hasta apagado:',NULL,NULL,NULL,0,'2018-08-13 03:04:43',4,2143,2),(2309,'Estado:',NULL,NULL,NULL,0,'2018-08-13 03:10:56',2,2144,1),(2310,'Estado:',NULL,NULL,NULL,0,'2018-08-13 03:11:01',2,2145,1),(2311,'Estado:',NULL,NULL,NULL,0,'2018-08-13 03:11:05',2,2146,1),(2313,'Estado:',NULL,NULL,NULL,0,'2018-08-13 03:11:18',2,2147,1),(2314,'Estado:',NULL,NULL,NULL,0,'2018-08-13 03:11:23',2,2148,1),(2315,'Estado:',NULL,NULL,NULL,0,'2018-08-13 03:11:48',2,2149,1),(2316,'Estado:',NULL,NULL,NULL,0,'2018-08-13 03:11:53',2,2150,1),(2317,'Observaciones:',NULL,NULL,NULL,0,'2018-08-13 03:12:09',4,2144,2),(2318,'Observaciones:',NULL,NULL,NULL,0,'2018-08-13 03:12:15',4,2145,2),(2319,'Observaciones:',NULL,NULL,NULL,0,'2018-08-13 03:12:21',4,2146,2),(2320,'Observaciones:',NULL,NULL,NULL,0,'2018-08-13 03:12:26',4,2147,2),(2321,'Observaciones:',NULL,NULL,NULL,0,'2018-08-13 03:12:31',4,2148,2),(2322,'Observaciones:',NULL,NULL,NULL,0,'2018-08-13 03:12:36',4,2149,2),(2323,'Observaciones:',NULL,NULL,NULL,0,'2018-08-13 03:12:41',4,2150,2),(2324,'Estado:',NULL,NULL,NULL,0,'2018-08-13 03:19:46',2,2151,1),(2325,'Estado:',NULL,NULL,NULL,0,'2018-08-13 03:19:50',2,2152,1),(2326,'Estado:',NULL,NULL,NULL,0,'2018-08-13 03:19:56',2,2153,1),(2327,'Estado:',NULL,NULL,NULL,0,'2018-08-13 03:20:01',2,2154,1),(2328,'Estado:',NULL,NULL,NULL,0,'2018-08-13 03:20:05',2,2155,1),(2329,'Estado:',NULL,NULL,NULL,0,'2018-08-13 03:20:10',2,2156,1),(2330,'Observaciones:',NULL,NULL,NULL,0,'2018-08-13 03:22:15',4,2151,2),(2331,'Observaciones:',NULL,NULL,NULL,0,'2018-08-13 03:22:22',4,2152,2),(2332,'Observaciones:',NULL,NULL,NULL,0,'2018-08-13 03:22:30',4,2153,2),(2333,'Observaciones:',NULL,NULL,NULL,0,'2018-08-13 03:22:37',4,2154,2),(2334,'Observaciones:',NULL,NULL,NULL,0,'2018-08-13 03:22:45',4,2155,2),(2335,'Observaciones:',NULL,NULL,NULL,0,'2018-08-13 03:22:51',4,2156,2),(2336,'Estado:',NULL,NULL,NULL,0,'2018-08-13 03:26:51',2,2157,1),(2337,'Estado:',NULL,NULL,NULL,0,'2018-08-13 03:26:56',2,2158,1),(2338,'Estado:',NULL,NULL,NULL,0,'2018-08-13 03:27:00',2,2159,1),(2339,'Estado:',NULL,NULL,NULL,0,'2018-08-13 03:27:07',2,2160,1),(2340,'Estado:',NULL,NULL,NULL,0,'2018-08-13 03:27:13',2,2161,1),(2341,'Estado:',NULL,NULL,NULL,0,'2018-08-13 03:27:18',2,2162,1),(2342,'Estado:',NULL,NULL,NULL,0,'2018-08-13 03:27:26',2,2163,1),(2343,'Estado:',NULL,NULL,NULL,0,'2018-08-13 03:27:31',2,2164,1),(2344,'Estado:',NULL,NULL,NULL,0,'2018-08-13 03:27:36',2,2165,1),(2345,'Observaciones:',NULL,NULL,NULL,0,'2018-08-13 03:31:52',4,2157,2),(2346,'Observaciones:',NULL,NULL,NULL,0,'2018-08-13 03:31:57',4,2158,2),(2347,'Observaciones:',NULL,NULL,NULL,0,'2018-08-13 03:32:03',4,2159,2),(2348,'Observaciones:',NULL,NULL,NULL,0,'2018-08-13 03:32:08',4,2160,2),(2349,'Observaciones:',NULL,NULL,NULL,0,'2018-08-13 03:32:12',4,2161,2),(2350,'Observaciones:',NULL,NULL,NULL,0,'2018-08-13 03:32:16',4,2162,2),(2351,'Observaciones:',NULL,NULL,NULL,0,'2018-08-13 03:32:23',4,2163,2),(2352,'Observaciones:',NULL,NULL,NULL,0,'2018-08-13 03:32:27',4,2164,2),(2353,'Observaciones:',NULL,NULL,NULL,0,'2018-08-13 03:32:31',4,2165,2),(2354,'Observaciones:',NULL,NULL,NULL,0,'2018-08-13 03:33:57',4,2166,1),(2355,'Observaciones:',NULL,NULL,NULL,0,'2018-08-13 03:34:27',4,2167,1),(2500,'850-LAVADO DE MOTOR DE 4 CILINDRO',NULL,NULL,NULL,0,'2018-08-23 14:42:19',3,2500,1),(2501,'CANTIDAD:',NULL,NULL,NULL,0,'2018-08-23 14:42:30',5,2500,2),(2502,'860-LAVADO DE MOTOR DE 5 CILINDRO',NULL,NULL,NULL,0,'2018-08-23 14:42:59',3,2500,3),(2503,'CANTIDAD:',NULL,NULL,NULL,0,'2018-08-23 14:43:11',5,2500,4),(2504,'870-LAVADO DE MOTOR DE 6 CILINDRO',NULL,NULL,NULL,0,'2018-08-23 14:44:03',3,2500,5),(2505,'CANTIDAD:',NULL,NULL,NULL,0,'2018-08-23 14:44:21',5,2500,6),(2506,'880-LAVADO DE MOTOR DE 8 CILINDRO',NULL,NULL,NULL,0,'2018-08-23 14:44:40',3,2500,7),(2507,'CANTIDAD:',NULL,NULL,NULL,0,'2018-08-23 14:44:45',5,2500,8),(2508,'881-LAVADO DE MOTOR DE 12 CILINDRO',NULL,NULL,NULL,0,'2018-08-23 14:45:22',3,2500,9),(2509,'CANTIDAD:',NULL,NULL,NULL,0,'2018-08-23 14:45:33',5,2500,10),(2510,'10-RECTIFICAR Y BRUÑIR CILINDROS',NULL,NULL,NULL,0,'2018-08-23 14:46:04',3,2501,1),(2511,'CANTIDAD:',NULL,NULL,NULL,0,'2018-08-23 14:46:10',5,2501,2),(2512,'20-BRUÑIR CILINDROS',NULL,NULL,NULL,0,'2018-08-23 14:46:32',3,2501,3),(2513,'CANTIDAD:',NULL,NULL,NULL,0,'2018-08-23 14:46:41',5,2501,4),(2514,'30-ENCAMISAR RECT. Y BRUÑIR CILINDROS',NULL,NULL,NULL,0,'2018-08-23 14:49:36',3,2501,5),(2515,'CANTIDAD:',NULL,NULL,NULL,0,'2018-08-23 14:49:46',5,2501,6),(2516,'100-SACAR, COLOCAR Y CONTROLAR CAMISAS',NULL,NULL,NULL,0,'2018-08-23 14:50:03',3,2501,7),(2517,'CANTIDAD:',NULL,NULL,NULL,0,'2018-08-23 14:50:22',5,2501,8),(2518,'108-BRUÑIR ALOJAMIENTO DE CAMISAS',NULL,NULL,NULL,0,'2018-08-23 14:50:59',3,2501,9),(2519,'CANTIDAD:',NULL,NULL,NULL,0,'2018-08-23 14:51:05',5,2501,10),(2520,'110-CONTROLAR Y/O DAR ALTURA A CAMISA',NULL,NULL,NULL,0,'2018-08-23 14:51:29',3,2501,11),(2521,'CANTIDAD:',NULL,NULL,NULL,0,'2018-08-23 14:51:35',5,2501,12),(2522,'112-DAR ALTURA A CAMISAS (P/ESP. NOCIVO)',NULL,NULL,NULL,0,'2018-08-23 14:51:58',3,2501,13),(2523,'CANTIDAD:',NULL,NULL,NULL,0,'2018-08-23 14:52:09',5,2501,14),(2524,'120-CONTROLAR Y/O DAR ALTURA A PISTONES',NULL,NULL,NULL,0,'2018-08-23 14:52:33',3,2501,15),(2525,'CANTIDAD:',NULL,NULL,NULL,0,'2018-08-23 14:52:39',5,2501,16),(2526,'130-ENCAMISAR CILINDROS ?SIN RECTIFICAR?',NULL,NULL,NULL,0,'2018-08-23 14:52:53',3,2501,17),(2527,'CANTIDAD:',NULL,NULL,NULL,0,'2018-08-23 14:52:59',5,2501,18),(2528,'140-REACONDICIONA ALOJAMIENTO DE CAMISAS',NULL,NULL,NULL,0,'2018-08-23 14:53:12',3,2501,19),(2529,'CANTIDAD:',NULL,NULL,NULL,0,'2018-08-23 14:53:16',5,2501,20),(2530,'142-REACONDICIONAR ALOJ. RELLENADO DE CAMISAS',NULL,NULL,NULL,0,'2018-08-23 14:53:30',3,2501,21),(2531,'CANTIDAD:',NULL,NULL,NULL,0,'2018-08-23 14:53:37',5,2501,22),(2532,'1300-RECONSTRUIR MUÑON DE LA BIELA',NULL,NULL,NULL,0,'2018-08-23 15:05:40',3,2502,1),(2533,'CANTIDAD:',NULL,NULL,NULL,0,'2018-08-23 15:05:45',5,2502,2),(2534,'1310-RECONSTRUIR INTERIOR DE BIELA',NULL,NULL,NULL,0,'2018-08-23 15:06:10',3,2502,3),(2535,'CANTIDAD:',NULL,NULL,NULL,0,'2018-08-23 15:06:15',5,2502,4),(2536,'1320-CAMBIAR Y ALESAR BUJES DE BIELA',NULL,NULL,NULL,0,'2018-08-23 15:07:37',3,2502,5),(2537,'CANTIDAD:',NULL,NULL,NULL,0,'2018-08-23 15:07:44',5,2502,6),(2538,'1330-AJUSTAR PERNO DE BIELA',NULL,NULL,NULL,0,'2018-08-23 15:08:02',3,2502,7),(2539,'CANTIDAD:',NULL,NULL,NULL,0,'2018-08-23 15:08:08',5,2502,8),(2540,'1340-ENCAMISAR CILINDRO',NULL,NULL,NULL,0,'2018-08-23 15:08:44',3,2502,9),(2541,'CANTIDAD:',NULL,NULL,NULL,0,'2018-08-23 15:08:51',5,2502,10),(2542,'1350-BRUÑIR CILINDRO',NULL,NULL,NULL,0,'2018-08-23 15:09:17',3,2502,11),(2543,'CANTIDAD:',NULL,NULL,NULL,0,'2018-08-23 15:09:22',5,2502,12),(2544,'1360-AJUSTAR COJINETE DE BIELA',NULL,NULL,NULL,0,'2018-08-23 15:09:33',3,2502,13),(2545,'CANTIDAD:',NULL,NULL,NULL,0,'2018-08-23 15:09:43',5,2502,14),(2546,'2041-REPARACION BASE DE COMPRESOR',NULL,NULL,NULL,0,'2018-08-23 15:10:03',3,2502,15),(2547,'CANTIDAD:',NULL,NULL,NULL,0,'2018-08-23 15:10:12',5,2502,16),(2548,'970-CONTROLAR BOMBA DE ACEITE',NULL,NULL,NULL,0,'2018-08-23 15:10:42',3,2503,1),(2549,'CANTIDAD:',NULL,NULL,NULL,0,'2018-08-23 15:10:50',5,2503,2),(2550,'980-REPARAR BOMBA DE ACEITE',NULL,NULL,NULL,0,'2018-08-23 15:11:23',3,2503,3),(2551,'CANTIDAD:',NULL,NULL,NULL,0,'2018-08-23 15:11:28',5,2503,4),(2552,'990-RECTIFICAR BALANCINES',NULL,NULL,NULL,0,'2018-08-23 15:11:41',3,2503,5),(2553,'CANTIDAD:',NULL,NULL,NULL,0,'2018-08-23 15:11:52',5,2503,6),(2554,'991-RECTIFICAR BOTADORES',NULL,NULL,NULL,0,'2018-08-23 15:12:05',3,2503,7),(2555,'CANTIDAD',NULL,NULL,NULL,0,'2018-08-23 15:12:13',5,2503,8),(2556,'992-CAMBIAR BUJES DE BALANCINES Y ALESAR',NULL,NULL,NULL,0,'2018-08-23 15:12:25',3,2503,9),(2557,'CANTIDAD:',NULL,NULL,NULL,0,'2018-08-23 15:12:31',5,2503,10),(2558,'2033-SOLDAR BLOCK',NULL,NULL,NULL,0,'2018-08-23 15:26:53',3,2504,1),(2559,'CANTIDAD:',NULL,NULL,NULL,0,'2018-08-23 15:27:03',5,2504,2),(2560,'2034-SOLDAR TAPA DE CILINDRO',NULL,NULL,NULL,0,'2018-08-23 15:27:50',3,2504,3),(2561,'CANTIDAD',NULL,NULL,NULL,0,'2018-08-23 15:27:55',5,2504,4),(2562,'2035-SOLDAR Y RELLENAR TAPA CON ALUMINIO',NULL,NULL,NULL,0,'2018-08-23 15:32:20',3,2504,5),(2563,'CANTIDAD:',NULL,NULL,NULL,0,'2018-08-23 15:32:29',5,2504,6),(2564,'2036-RELLENAR BANCADA DE BLOCK',NULL,NULL,NULL,0,'2018-08-23 15:32:45',3,2504,7),(2565,'CANTIDAD:',NULL,NULL,NULL,0,'2018-08-23 15:32:50',5,2504,8),(2566,'2037-SOLDAR BLOCK C/SOLDADURA ELECTRICA',NULL,NULL,NULL,0,'2018-08-23 15:33:06',3,2504,9),(2567,'CANTIDAD:',NULL,NULL,NULL,0,'2018-08-23 15:33:12',5,2504,10),(2568,'748-LAVADO DE TAPA DE CILINDRO',NULL,NULL,NULL,0,'2018-08-23 15:35:51',3,2505,1),(2569,'CANTIDAD:',NULL,NULL,NULL,0,'2018-08-23 15:35:58',5,2505,2),(2570,'750-GRANALLADO DE TAPA DE CILINDRO',NULL,NULL,NULL,0,'2018-08-23 15:36:12',3,2505,3),(2571,'CANTIDAD:',NULL,NULL,NULL,0,'2018-08-23 15:36:20',5,2505,4),(2572,'600-RECTIFICAR VALVULAS',NULL,NULL,NULL,0,'2018-08-23 15:36:31',3,2505,5),(2573,'CANTIDAD:',NULL,NULL,NULL,0,'2018-08-23 15:36:38',5,2505,6),(2574,'610-RECTIFICAR ASIENTOS DE VALVULAS',NULL,NULL,NULL,0,'2018-08-23 15:36:56',3,2505,7),(2575,'CANTIDAD:',NULL,NULL,NULL,0,'2018-08-23 15:37:04',5,2505,8),(2576,'620-ENCASQUILLAR Y RECTIF. ASIENTOS DE VALV.',NULL,NULL,NULL,0,'2018-08-23 15:37:17',3,2505,9),(2577,'CANTIDAD:',NULL,NULL,NULL,0,'2018-08-23 15:37:23',5,2505,10),(2578,'630-ENCASQUILLAR ASIENTOS DE VALV. (S/RECTIF)',NULL,NULL,NULL,0,'2018-08-23 15:37:48',3,2505,11),(2579,'CANTIDAD:',NULL,NULL,NULL,0,'2018-08-23 15:37:53',5,2505,12),(2580,'640-REPOSICION DE GUIAS DE VALVULAS',NULL,NULL,NULL,0,'2018-08-23 15:38:06',3,2505,13),(2581,'CANTIDAD:',NULL,NULL,NULL,0,'2018-08-23 15:38:14',5,2505,14),(2582,'650-ENTUBAR GUIAS DE VALVULAS',NULL,NULL,NULL,0,'2018-08-23 15:38:25',3,2505,15),(2583,'CANTIDAD:',NULL,NULL,NULL,0,'2018-08-23 15:38:31',5,2505,16),(2584,'660-AJUSTAR VASTAGOS DE VALVULAS A GUIAS',NULL,NULL,NULL,0,'2018-08-23 15:38:44',3,2505,17),(2585,'CANTIDAD:',NULL,NULL,NULL,0,'2018-08-23 15:38:49',5,2505,18),(2586,'670-ADAPTAR GUIAS DE VALVULAS',NULL,NULL,NULL,0,'2018-08-23 15:40:48',3,2505,19),(2587,'CANTIDAD:',NULL,NULL,NULL,0,'2018-08-23 15:40:53',5,2505,20),(2588,'680-MAQUINAR GUIAS PARA ADAPTAR RETENES',NULL,NULL,NULL,0,'2018-08-23 15:55:10',3,2505,21),(2589,'CANTIDAD:',NULL,NULL,NULL,0,'2018-08-23 15:55:20',5,2505,22),(2590,'681-SACAR CONTROLAR Y COLOCAR PRECAMARAS',NULL,NULL,NULL,0,'2018-08-23 15:55:38',3,2505,23),(2591,'CANTIDAD:',NULL,NULL,NULL,0,'2018-08-23 15:55:44',5,2505,24),(2592,'682-RECONSTRUIR ASIENTOS DE PRECAMARAS',NULL,NULL,NULL,0,'2018-08-23 15:56:19',3,2505,25),(2593,'CANTIDAD:',NULL,NULL,NULL,0,'2018-08-23 15:56:43',5,2505,26),(2594,'683-SACAR CONTROLAR Y COLO, CAMISAS INYEC',NULL,NULL,NULL,0,'2018-08-23 16:01:50',3,2505,27),(2595,'CANTIDAD:',NULL,NULL,NULL,0,'2018-08-23 16:02:00',5,2505,28),(2596,'684-RECTIFICAR VALVULAS TOP BRAKE',NULL,NULL,NULL,0,'2018-08-23 16:02:24',3,2505,29),(2597,'CANTIDAD:',NULL,NULL,NULL,0,'2018-08-23 16:02:31',5,2505,30),(2598,'685-RECTIFICAR ASIENTOS DE TOP BRAKE',NULL,NULL,NULL,0,'2018-08-23 16:02:52',3,2505,31),(2599,'CANTIDAD:',NULL,NULL,NULL,0,'2018-08-23 16:02:58',5,2505,32),(2600,'745-HACER RANURAS DE PARALLAMAS',NULL,NULL,NULL,0,'2018-08-23 16:03:16',3,2505,33),(2601,'CANTIDAD:',NULL,NULL,NULL,0,'2018-08-23 16:03:23',5,2505,34),(2602,'780-ARMAR/REGULAR TAPA C/PLATILLOS 2 CIL.',NULL,NULL,NULL,0,'2018-08-23 16:03:36',3,2505,35),(2603,'CANTIDAD:',NULL,NULL,NULL,0,'2018-08-23 16:03:40',5,2505,36),(2604,'782-ARMAR/REGULAR TAPA C/PLATILLOS 3 CIL.',NULL,NULL,NULL,0,'2018-08-23 16:03:53',3,2505,37),(2605,'CANTIDAD:',NULL,NULL,NULL,0,'2018-08-23 16:04:00',5,2505,38),(2606,'784-ARMAR/REGULAR TAPA C/PLATILLOS 4 CIL.',NULL,NULL,NULL,0,'2018-08-23 16:04:22',3,2505,39),(2607,'CANTIDAD:',NULL,NULL,NULL,0,'2018-08-23 16:04:28',5,2505,40),(2608,'790-ARMAR/REGULAR TAPA C/PLATILLOS 5 CIL.',NULL,NULL,NULL,0,'2018-08-23 16:04:40',3,2505,41),(2609,'CANTIDAD:',NULL,NULL,NULL,0,'2018-08-23 16:04:47',5,2505,42),(2610,'792-ARMAR/REGULAR TAPA C/PLATILLOS 6 CIL',NULL,NULL,NULL,0,'2018-08-23 16:05:02',3,2505,43),(2611,'CANTIDAD:',NULL,NULL,NULL,0,'2018-08-23 16:05:08',5,2505,44),(2612,'794-ARMAR/REGULAR TAPA C/BOTADORES HIDRAU.',NULL,NULL,NULL,0,'2018-08-23 16:05:33',3,2505,45),(2613,'CANTIDAD:',NULL,NULL,NULL,0,'2018-08-23 16:05:39',5,2505,46),(2614,'190-PRESENTAR COJINETES DE BANCADA',NULL,NULL,NULL,0,'2018-08-23 16:06:46',3,2506,1),(2615,'CANTIDAD:',NULL,NULL,NULL,0,'2018-08-23 16:06:52',5,2506,2),(2616,'210-ALESAR Y PRESENTAR COJ. DE BANCADA',NULL,NULL,NULL,0,'2018-08-23 16:07:09',3,2506,3),(2617,'CANTIDAD:',NULL,NULL,NULL,0,'2018-08-23 16:07:17',5,2506,4),(2618,'220-REACONDICIONA ALOJ. DE COJ.DE BANCADA',NULL,NULL,NULL,0,'2018-08-26 22:39:12',3,2506,5),(2619,'CANTIDAD:',NULL,NULL,NULL,0,'2018-08-26 22:39:19',5,2506,6),(2620,'480-ALESAR BANCADA RETEN DE BLOCK',NULL,NULL,NULL,0,'2018-08-26 22:39:36',3,2506,7),(2621,'CANTIDAD:',NULL,NULL,NULL,0,'2018-08-26 22:39:45',5,2506,8),(2622,'500-ALESAR Y AJUSTAR COJ.ARBOL LEVAS',NULL,NULL,NULL,0,'2018-08-26 22:40:31',3,2506,9),(2623,'CANTIDAD:',NULL,NULL,NULL,0,'2018-08-26 22:40:40',5,2506,10),(2624,'501-ALESAR ALOJ. P/ADAPTAR ARBOL LEVAS',NULL,NULL,NULL,0,'2018-08-26 22:40:54',3,2506,11),(2625,'CANTIDAD:',NULL,NULL,NULL,0,'2018-08-26 22:41:02',5,2506,12),(2626,'510-ALESAR ALOJ. ARBOL LEVA P/ADAPTAR COJINETES',NULL,NULL,NULL,0,'2018-08-26 22:43:04',3,2506,13),(2627,'CANTIDAD:',NULL,NULL,NULL,0,'2018-08-26 22:43:10',5,2506,14),(2628,'560-RECTIFICAR APOYOS DE EJE DE MANO/BALAN.',NULL,NULL,NULL,0,'2018-08-26 22:44:55',3,2506,15),(2629,'CANTIDAD:',NULL,NULL,NULL,0,'2018-08-26 22:45:01',5,2506,16),(2630,'570-ALESAR Y AJUSTAR COJ.EJE MAND/BALANC.',NULL,NULL,NULL,0,'2018-08-26 22:46:50',3,2506,17),(2631,'CANTIDAD:',NULL,NULL,NULL,0,'2018-08-26 22:46:56',5,2506,18),(2632,'580-ALESAR ALOJ. EJE MAN/BALANC.P/ADAP COJ',NULL,NULL,NULL,0,'2018-08-26 22:51:34',3,2506,19),(2633,'CANTIDAD:',NULL,NULL,NULL,0,'2018-08-26 22:51:46',5,2506,20),(2634,'40-AJUSTAR PERNO Y ARMAR BIELA',NULL,NULL,NULL,0,'2018-08-26 23:11:47',3,2507,1),(2635,'CANTIDAD:',NULL,NULL,NULL,0,'2018-08-26 23:11:54',5,2507,2),(2636,'50-CAMBIAR BUJAS DE BIELA Y ALESAR',NULL,NULL,NULL,0,'2018-08-26 23:14:02',3,2507,3),(2637,'CANTIDAD:',NULL,NULL,NULL,0,'2018-08-26 23:14:08',5,2507,4),(2638,'60-ARMAR BIELAS CON PERNOS A PRESION',NULL,NULL,NULL,0,'2018-08-26 23:14:26',3,2507,5),(2639,'CANTIDAD:',NULL,NULL,NULL,0,'2018-08-26 23:14:31',5,2507,6),(2641,'70-BRUÑIR ALOJAMIENTO DE PISTON',NULL,NULL,NULL,0,'2018-08-26 23:15:08',3,2507,7),(2642,'CANTIDAD:',NULL,NULL,NULL,0,'2018-08-26 23:15:15',5,2507,8),(2643,'80-REACONDICIONAR OJO DE BIELA',NULL,NULL,NULL,0,'2018-08-26 23:15:28',3,2507,9),(2644,'CANTIDAD:',NULL,NULL,NULL,0,'2018-08-26 23:15:35',5,2507,10),(2645,'160-RECTIFICAR INTERIOR DE BIELA DE MOTOR',NULL,NULL,NULL,0,'2018-08-26 23:17:20',3,2507,11),(2646,'CANTIDAD:',NULL,NULL,NULL,0,'2018-08-26 23:17:25',5,2507,12),(2647,'170-RECTIFICAR INTERIOR DE BIELA DENTADA',NULL,NULL,NULL,0,'2018-08-26 23:17:39',3,2507,13),(2648,'CANTIDAD:',NULL,NULL,NULL,0,'2018-08-26 23:17:46',5,2507,14),(2649,'180-PRESENTAR Y AJUSTAR COJINETES DE BIELAS',NULL,NULL,NULL,0,'2018-08-26 23:17:59',3,2507,15),(2650,'CANTIDAD:',NULL,NULL,NULL,0,'2018-08-26 23:18:09',5,2507,16),(2651,'200-ALESAR Y PRESENTAR COJINETES DE BIELAS',NULL,NULL,NULL,0,'2018-08-26 23:18:20',3,2507,17),(2652,'CANTIDAD:',NULL,NULL,NULL,0,'2018-08-26 23:18:25',5,2507,18),(2653,'800-PRUEBA HIDRAULICA A TAPA DE 1 CIL.',NULL,NULL,NULL,0,'2018-08-27 00:41:09',3,2508,1),(2654,'CANTIDAD:',NULL,NULL,NULL,0,'2018-08-27 00:41:37',5,2508,2),(2655,'802-PRUEBA HIDRAULICA A TAPA DE 2 CIL.',NULL,NULL,NULL,0,'2018-08-27 00:55:06',3,2508,3),(2656,'CANTIDAD:',NULL,NULL,NULL,0,'2018-08-27 00:55:12',5,2508,4),(2657,'804-PRUEBA HIDRAULICA A TAPA DE 3 CIL.',NULL,NULL,NULL,0,'2018-08-27 00:55:30',3,2508,5),(2658,'CANTIDAD:',NULL,NULL,NULL,0,'2018-08-27 00:55:41',5,2508,6),(2659,'806-PRUEBA HIDRAULICA A TAPA DE 4 CIL.',NULL,NULL,NULL,0,'2018-08-27 00:55:57',3,2508,7),(2660,'CANTIDAD:',NULL,NULL,NULL,0,'2018-08-27 00:56:03',5,2508,8),(2661,'810-PRUEBA HIDRAULICA A TAPA DE 5 CIL',NULL,NULL,NULL,0,'2018-08-27 00:56:18',3,2508,9),(2662,'CANTIDAD:',NULL,NULL,NULL,0,'2018-08-27 00:56:27',5,2508,10),(2663,'812-PRUEBA HIDRAULICA A TAPA DE 6 CIL.',NULL,NULL,NULL,0,'2018-08-27 00:57:52',3,2508,11),(2664,'CANTIDAD:',NULL,NULL,NULL,0,'2018-08-27 00:57:59',5,2508,12),(2665,'2100-REALIZAR PRUEBA AFTERCOOLER',NULL,NULL,NULL,0,'2018-08-27 00:58:21',3,2508,13),(2666,'CANTIDAD:',NULL,NULL,NULL,0,'2018-08-27 00:58:26',5,2508,14),(2667,'2101-REALIZAR PRUEBA TUBO ENFRIADORES',NULL,NULL,NULL,0,'2018-08-27 00:58:44',3,2508,15),(2668,'CANTIDAD:',NULL,NULL,NULL,0,'2018-08-27 00:58:57',5,2508,16),(2669,'150-RECTIFICAR CUELLO DE CIGUEÑAL',NULL,NULL,NULL,0,'2018-08-27 00:59:31',3,2509,1),(2670,'CANTIDAD:',NULL,NULL,NULL,0,'2018-08-27 01:00:17',5,2509,2),(2671,'152-PULIR CUELLO DE CIGUEÑAL',NULL,NULL,NULL,0,'2018-08-27 01:01:01',3,2509,3),(2672,'CANTIDAD:',NULL,NULL,NULL,0,'2018-08-27 01:01:06',5,2509,4),(2673,'230-CONTROL DE DETECTOR DE FISURA 2 CIL',NULL,NULL,NULL,0,'2018-08-27 01:01:17',3,2509,5),(2674,'CANTIDAD:',NULL,NULL,NULL,0,'2018-08-27 01:01:23',5,2509,6),(2675,'240-CONTROL DE DETECTOR DE FISURA 3 CIL',NULL,NULL,NULL,0,'2018-08-27 01:01:39',3,2509,7),(2676,'CANTIDAD:',NULL,NULL,NULL,0,'2018-08-27 01:01:50',5,2509,8),(2679,'250-CONTROL DE DETECTOR DE FISURA 4 CIL',NULL,NULL,NULL,0,'2018-08-27 01:02:25',3,2509,9),(2680,'CANTIDAD:',NULL,NULL,NULL,0,'2018-08-27 01:02:31',5,2509,10),(2681,'260-CONTROL DE DETECTOR DE FISURA 5 CIL',NULL,NULL,NULL,0,'2018-08-27 01:02:42',3,2509,11),(2682,'CANTIDAD:',NULL,NULL,NULL,0,'2018-08-27 01:02:46',5,2509,12),(2683,'270-CONTROL DE DETECTOR DE FISURA 6 CIL',NULL,NULL,NULL,0,'2018-08-27 01:03:01',3,2509,13),(2684,'CANTIDAD:',NULL,NULL,NULL,0,'2018-08-27 01:03:07',5,2509,14),(2685,'280-CONTROL DE DETECTOR DE FISURA 8 CIL',NULL,NULL,NULL,0,'2018-08-27 01:03:27',3,2509,15),(2686,'CANTIDAD:',NULL,NULL,NULL,0,'2018-08-27 01:03:32',5,2509,16),(2687,'689-RECONST SUPERFICIE DE TAPA DE VALVULA',NULL,NULL,NULL,0,'2018-08-27 01:03:59',3,2510,1),(2688,'CANTIDAD:',NULL,NULL,NULL,0,'2018-08-27 01:04:03',5,2510,2),(2689,'690-RECTIFICAR SUPERFICIE DE TAPA 1 CIL.',NULL,NULL,NULL,0,'2018-08-27 01:04:15',3,2510,3),(2690,'CANTIDAD:',NULL,NULL,NULL,0,'2018-08-27 01:04:20',5,2510,4),(2691,'700-RECTIFICAR SUPERFICIE DE TAPA 2 CIL.',NULL,NULL,NULL,0,'2018-08-27 01:05:18',3,2510,5),(2692,'CANTIDAD:',NULL,NULL,NULL,0,'2018-08-27 01:05:24',5,2510,6),(2693,'710-RECTIFICAR SUPERFICIE DE TAPA 3 CIL.',NULL,NULL,NULL,0,'2018-08-27 01:05:48',3,2510,7),(2694,'CANTIDAD:',NULL,NULL,NULL,0,'2018-08-27 01:05:52',5,2510,8),(2695,'720-RECTIFICAR SUPERFICIE DE TAPA 4 CIL.',NULL,NULL,NULL,0,'2018-08-27 01:06:05',3,2510,9),(2696,'CANTIDAD:',NULL,NULL,NULL,0,'2018-08-27 01:06:09',5,2510,10),(2697,'730-RECTIFICAR SUPERFICIE DE TAPA 5 CIL.',NULL,NULL,NULL,0,'2018-08-27 01:06:24',3,2505,47),(2698,'CANTIDAD:',NULL,NULL,NULL,0,'2018-08-27 01:06:29',5,2505,48),(2699,'730-RECTIFICAR SUPERFICIE DE TAPA 5 CIL.',NULL,NULL,NULL,0,'2018-08-27 01:08:22',3,2510,11),(2700,'CANTIDAD:',NULL,NULL,NULL,0,'2018-08-27 01:08:27',5,2510,12),(2701,'740-RECTIFICAR SUPERFICIE DE TAPA 6 CIL.',NULL,NULL,NULL,0,'2018-08-27 01:08:40',3,2510,13),(2702,'CANTIDAD:',NULL,NULL,NULL,0,'2018-08-27 01:08:46',5,2510,14),(2703,'910-RECTIFICAR SUP. DE BLOCK 2 CILINDROS',NULL,NULL,NULL,0,'2018-08-27 01:09:04',3,2510,15),(2704,'CANTIDAD:',NULL,NULL,NULL,0,'2018-08-27 01:09:12',5,2510,16),(2705,'920-RECTIFICAR SUP. DE BLOCK 3 CILINDROS',NULL,NULL,NULL,0,'2018-08-27 01:10:09',3,2510,17),(2706,'CANTIDAD:',NULL,NULL,NULL,0,'2018-08-27 01:10:15',5,2510,18),(2707,'930-RECTIFICAR SUP. DE BLOCK 4 CILINDROS',NULL,NULL,NULL,0,'2018-08-27 01:10:32',3,2510,19),(2708,'CANTIDAD:',NULL,NULL,NULL,0,'2018-08-27 01:10:36',5,2510,20),(2709,'940-RECTIFICAR SUP. DE BLOCK 5 CILINDROS',NULL,NULL,NULL,0,'2018-08-27 01:10:50',3,2510,21),(2710,'CANTIDAD:',NULL,NULL,NULL,0,'2018-08-27 01:10:59',5,2510,22),(2711,'950-RECTIFICAR SUP. DE BLOCK 6 CILINDROS',NULL,NULL,NULL,0,'2018-08-27 01:11:17',3,2510,23),(2712,'CANTIDAD:',NULL,NULL,NULL,0,'2018-08-27 01:11:23',5,2510,24),(2713,'960-RECTIFICAR BASE DE CARTER',NULL,NULL,NULL,0,'2018-08-27 01:11:32',3,2510,25),(2714,'CANTIDAD:',NULL,NULL,NULL,0,'2018-08-27 01:11:37',5,2510,26),(2715,'965-RECTIFICAR BASE DE BANCADA A BLOCK',NULL,NULL,NULL,0,'2018-08-27 01:11:48',3,2510,27),(2716,'CANTIDAD:',NULL,NULL,NULL,0,'2018-08-27 01:11:54',5,2510,28),(2717,'1225-RECTIF.BASE MULTIPLE DE ESCAPE 1 o 2 CIL.',NULL,NULL,NULL,0,'2018-08-27 01:12:10',3,2510,29),(2718,'CANTIDAD:',NULL,NULL,NULL,0,'2018-08-27 01:12:15',5,2510,30),(2719,'1226-RECTIF.BASE MULTIPLE DE ESCAPE 3 o 4 CIL.',NULL,NULL,NULL,0,'2018-08-27 01:12:26',3,2510,31),(2720,'CANTIDAD:',NULL,NULL,NULL,0,'2018-08-27 01:12:31',5,2510,32),(2721,'1227-RECTIF.BASE MULTIPLE DE ESCAPE 5 o 6 CIL.',NULL,NULL,NULL,0,'2018-08-27 01:12:41',3,2510,33),(2722,'CANTIDAD:',NULL,NULL,NULL,0,'2018-08-27 01:12:47',5,2510,34),(2723,'410-ENDEREZAR CIGUEÑAL',NULL,NULL,NULL,0,'2018-08-27 04:17:37',3,2511,1),(2724,'CANTIDAD:',NULL,NULL,NULL,0,'2018-08-27 04:17:51',5,2511,2),(2725,'420-CONTROLAR DUREZA DE CIGUEÑAL',NULL,NULL,NULL,0,'2018-08-27 04:18:35',3,2511,3),(2726,'CANTIDAD:',NULL,NULL,NULL,0,'2018-08-27 04:18:44',5,2511,4),(2727,'430-SAC. Y COL. TAP.CIGUEÑAL C/LIMP-S/MAT',NULL,NULL,NULL,0,'2018-08-27 04:19:56',3,2511,5),(2728,'CANTIDAD',NULL,NULL,NULL,0,'2018-08-27 04:20:02',5,2511,6),(2729,'440-SAC. Y COL. TAP.ROSC.CIGUEÑAL C/LIMP - S/MAT',NULL,NULL,NULL,0,'2018-08-27 04:21:07',3,2511,7),(2730,'CANTIDAD:',NULL,NULL,NULL,0,'2018-08-27 04:21:21',5,2511,8),(2731,'450-SACAR/COLOCAR Y MANDRILAR TUBOS CIG.',NULL,NULL,NULL,0,'2018-08-27 04:22:02',3,2511,9),(2732,'CANTIDAD:',NULL,NULL,NULL,0,'2018-08-27 04:22:08',5,2511,10),(2733,'460-SACAR/COLOCAR CONTRAPESOS A PRESION CIG.',NULL,NULL,NULL,0,'2018-08-27 04:22:29',3,2511,11),(2734,'CANTIDAD:',NULL,NULL,NULL,0,'2018-08-27 04:22:40',5,2511,12),(2735,'35-RECTIFICAR PISTONES',NULL,NULL,NULL,0,'2018-08-27 04:23:31',3,2512,1),(2736,'CANTIDAD:',NULL,NULL,NULL,0,'2018-08-27 04:23:36',5,2512,2),(2737,'90-HACER Y/O AMPLIAR RANURA DE AROS',NULL,NULL,NULL,0,'2018-08-27 04:24:26',3,2512,3),(2738,'CANTIDAD:',NULL,NULL,NULL,0,'2018-08-27 04:24:31',5,2512,4),(2739,'95-CAMBIAR INYECTORES DE PISTON',NULL,NULL,NULL,0,'2018-08-27 04:24:57',3,2512,5),(2740,'CANTIDAD:',NULL,NULL,NULL,0,'2018-08-27 04:25:07',5,2512,6),(2741,'1200-FRESAR CABEZA DE PISTON',NULL,NULL,NULL,0,'2018-08-27 04:25:21',3,2512,7),(2742,'CANTIDAD:',NULL,NULL,NULL,0,'2018-08-27 04:25:27',5,2512,8),(2743,'470-ROSCA CIGUEÑAL Y MODIFICAR RETEN',NULL,NULL,NULL,0,'2018-08-27 04:26:14',3,2512,9),(2744,'CANTIDAD:',NULL,NULL,NULL,0,'2018-08-27 04:26:20',5,2512,10),(2745,'1220-REACONDICIONAR ENGRANAJE',NULL,NULL,NULL,0,'2018-08-27 04:27:37',3,2512,11),(2746,'CANTIDAD:',NULL,NULL,NULL,0,'2018-08-27 04:27:45',5,2512,12),(2747,'1400-RECTIFICAR VOLANTE',NULL,NULL,NULL,0,'2018-08-27 04:28:37',3,2512,13),(2748,'CANTIDAD:',NULL,NULL,NULL,0,'2018-08-27 04:28:47',5,2512,14),(2749,'1410-ENCAMISAR POLEA',NULL,NULL,NULL,0,'2018-08-27 04:29:06',3,2512,15),(2750,'CANTIDAD:',NULL,NULL,NULL,0,'2018-08-27 04:29:12',5,2512,16),(2751,'1420-CAMBIAR CORONA DE ARRANQUE',NULL,NULL,NULL,0,'2018-08-27 04:29:27',3,2512,17),(2752,'CANTIDAD:',NULL,NULL,NULL,0,'2018-08-27 04:29:32',5,2512,18),(2753,'1430-COLOCAR INSERTOS PARA ROSCA',NULL,NULL,NULL,0,'2018-08-27 04:29:48',3,2512,19),(2754,'CANTIDAD:',NULL,NULL,NULL,0,'2018-08-27 04:29:54',5,2512,20),(2755,'290-BALANCEO SUELTO 2 CIL.',NULL,NULL,NULL,0,'2018-08-27 04:31:42',3,2513,1),(2756,'CANTIDAD:',NULL,NULL,NULL,0,'2018-08-27 04:31:48',5,2513,2),(2757,'300-BALANCEO COMPLETO 2 CIL.',NULL,NULL,NULL,0,'2018-08-27 04:32:32',3,2513,3),(2758,'CANTIDAD:',NULL,NULL,NULL,0,'2018-08-27 04:32:38',5,2513,4),(2759,'310-BALANCEO SUELTO 3 CIL.',NULL,NULL,NULL,0,'2018-08-27 04:33:13',3,2513,5),(2760,'CANTIDAD:',NULL,NULL,NULL,0,'2018-08-27 04:33:19',5,2513,6),(2761,'320-BALANCEO COMPLETO 3 CIL.',NULL,NULL,NULL,0,'2018-08-27 04:33:32',3,2513,7),(2762,'CANTIDAD:',NULL,NULL,NULL,0,'2018-08-27 04:33:38',5,2513,2),(2763,'330-BALANCEO SUELTO 4 CIL.',NULL,NULL,NULL,0,'2018-08-27 04:34:33',3,2513,3),(2764,'CANTIDAD:',NULL,NULL,NULL,0,'2018-08-27 04:34:39',5,2513,4),(2765,'340-BALANCEO COMPLETO 4 CIL.',NULL,NULL,NULL,0,'2018-08-27 04:35:26',3,2513,5),(2766,'CANTIDAD:',NULL,NULL,NULL,0,'2018-08-27 04:35:31',5,2513,6),(2767,'350-BALANCEO SUELTO 5 CIL.',NULL,NULL,NULL,0,'2018-08-27 04:36:03',3,2513,7),(2768,'CANTIDAD:',NULL,NULL,NULL,0,'2018-08-27 04:36:09',5,2513,8),(2769,'360-BALANCEO COMPLETO 5 CIL.',NULL,NULL,NULL,0,'2018-08-27 04:36:38',3,2513,9),(2770,'CANTIDAD:',NULL,NULL,NULL,0,'2018-08-27 04:36:43',5,2513,10),(2771,'370-BALANCEO SUELTO 6 CIL.',NULL,NULL,NULL,0,'2018-08-27 04:36:57',3,2513,11),(2772,'CANTIDAD:',NULL,NULL,NULL,0,'2018-08-27 04:37:03',5,2513,12),(2773,'380-BALANCEO COMPLETO 6 CIL.',NULL,NULL,NULL,0,'2018-08-27 04:37:16',3,2513,13),(2774,'CANTIDAD:',NULL,NULL,NULL,0,'2018-08-27 04:37:21',5,2513,14),(2775,'390-BALANCEO SUELTO 8 CIL.',NULL,NULL,NULL,0,'2018-08-27 04:37:33',3,2513,15),(2776,'CANTIDAD:',NULL,NULL,NULL,0,'2018-08-27 04:37:40',5,2513,16),(2777,'392-BALANCEAR VOLANTE, PLACA Y POLEA',NULL,NULL,NULL,0,'2018-08-27 04:37:54',3,2513,17),(2778,'CANTIDAD:',NULL,NULL,NULL,0,'2018-08-27 04:38:00',5,2513,18),(2779,'393-BALANCEAR POLEA',NULL,NULL,NULL,0,'2018-08-27 04:38:25',3,2513,19),(2780,'CANTIDAD:',NULL,NULL,NULL,0,'2018-08-27 04:38:30',5,2513,20),(2781,'400-BALANCEO COMPLETO 8CIL.',NULL,NULL,NULL,0,'2018-08-27 04:38:53',3,2513,21),(2782,'CANTIDAD:',NULL,NULL,NULL,0,'2018-08-27 04:38:58',5,2513,22),(2783,'490-RECTIFICAR APOYO ARBOL DE LEVAS',NULL,NULL,NULL,0,'2018-08-27 04:39:36',3,2514,1),(2784,'CANTIDAD:',NULL,NULL,NULL,0,'2018-08-27 04:39:44',5,2514,2),(2785,'491-PULIR ARBOL DE LEVAS',NULL,NULL,NULL,0,'2018-08-27 04:40:20',3,2514,3),(2786,'CANTIDAD:',NULL,NULL,NULL,0,'2018-08-27 04:40:26',5,2514,4),(2787,'520-RECTIFICAR ARBOL DE LEVA',NULL,NULL,NULL,0,'2018-08-27 04:40:38',3,2514,5),(2788,'CANTIDAD:',NULL,NULL,NULL,0,'2018-08-27 04:40:44',5,2514,6),(2789,'540-RECTIFICAR EXENTRICO ARBOL LEVAS',NULL,NULL,NULL,0,'2018-08-27 04:40:57',3,2514,7),(2790,'CANTIDAD:',NULL,NULL,NULL,0,'2018-08-27 04:41:05',5,2514,8),(2791,'550-CONTROLAR ARBOL LEVAS C/DETEC FISURAS',NULL,NULL,NULL,0,'2018-08-27 04:41:17',3,2514,9),(2792,'CANTIDAD:',NULL,NULL,NULL,0,'2018-08-27 04:41:23',5,2514,10),(2793,'590-RECTIFICAR EXENTRICO EJE MANDO/BALANC',NULL,NULL,NULL,0,'2018-08-27 04:41:36',3,2514,11),(2794,'CANTIDAD:',NULL,NULL,NULL,0,'2018-08-27 04:41:42',5,2514,12),(2795,'1000-REPARAR ARBOL DE BALNCINES',NULL,NULL,NULL,0,'2018-08-27 04:41:55',3,2514,13),(2796,'CANTIDAD:',NULL,NULL,NULL,0,'2018-08-27 04:42:05',5,2514,14),(2798,'1014-SEMI-ARMADO MOTOR NAFTERO 4 CIL.',NULL,NULL,NULL,0,'2018-08-27 04:43:23',3,2516,1),(2799,'CANTIDAD:',NULL,NULL,NULL,0,'2018-08-27 04:43:32',5,2516,2),(2800,'1020-SEMI-ARMADO MOTOR NAFTERO 5 CIL.',NULL,NULL,NULL,0,'2018-08-27 04:43:53',3,2516,3),(2801,'CANTIDAD:',NULL,NULL,NULL,0,'2018-08-27 04:43:59',5,2516,4),(2802,'1022-SEMI-ARMADO MOTOR NAFTERO 6 CIL.',NULL,NULL,NULL,0,'2018-08-27 04:45:28',3,2516,5),(2803,'CANTIDAD:',NULL,NULL,NULL,0,'2018-08-27 04:45:33',5,2516,6),(2804,'1024-SEMI-ARMADO MOTOR NAFTERO 8 CIL.',NULL,NULL,NULL,0,'2018-08-27 04:45:46',3,2516,7),(2805,'CANTIDAD:',NULL,NULL,NULL,0,'2018-08-27 04:45:51',5,2516,8),(2806,'1062-SEMI-ARMADO MOTOR GASOLERO GR. 6 CIL.',NULL,NULL,NULL,0,'2018-08-27 04:46:06',3,2516,9),(2807,'CANTIDAD:',NULL,NULL,NULL,0,'2018-08-27 04:46:12',5,2516,10),(2808,'1064-SEMI-ARMADO MOTOR GASOLERO GR. 8 CIL.',NULL,NULL,NULL,0,'2018-08-27 04:46:31',3,2516,11),(2809,'CANTIDAD:',NULL,NULL,NULL,0,'2018-08-27 04:46:36',5,2516,12),(2810,'1065-SEMI-ARMADO MOTOR GASOLERO GR.12 CIL.',NULL,NULL,NULL,0,'2018-08-27 04:46:50',3,2516,13),(2811,'CANTIDAD:',NULL,NULL,NULL,0,'2018-08-27 04:46:58',5,2516,14),(2812,'1154-ARM./PUESTO/MARCHA GASOLERO CH.4 CIL',NULL,NULL,NULL,0,'2018-08-27 04:49:05',3,2517,1),(2813,'CANTIDAD:',NULL,NULL,NULL,0,'2018-08-27 04:49:12',5,2517,2),(2814,'1160-ARM./PUESTO/MARCHA GASOLERO CH.5 CIL',NULL,NULL,NULL,0,'2018-08-27 04:49:26',3,2517,3),(2815,'CANTIDAD:',NULL,NULL,NULL,0,'2018-08-27 04:49:36',5,2517,4),(2816,'1162-ARM./PUESTO/MARCHA GASOLERO CH.6 CIL',NULL,NULL,NULL,0,'2018-08-27 04:49:58',3,2517,5),(2817,'CANTIDAD:',NULL,NULL,NULL,0,'2018-08-27 04:50:03',5,2517,6),(2818,'1182-ARM./PUESTO/MARCHA GASOLERO GR.6 CIL',NULL,NULL,NULL,0,'2018-08-27 04:50:18',3,2517,7),(2819,'CANTIDAD:',NULL,NULL,NULL,0,'2018-08-27 04:50:24',5,2517,8),(2820,'1184-ARM./PUESTO/MARCHA GASOLERO GR.8 CIL',NULL,NULL,NULL,0,'2018-08-27 04:50:40',3,2517,9),(2821,'CANTIDAD:',NULL,NULL,NULL,0,'2018-08-27 04:50:46',5,2517,10),(2822,'1189-ARM./PUESTO/MARCHA GASOLERO GR.12 CIL',NULL,NULL,NULL,0,'2018-08-27 04:51:05',3,2517,11),(2823,'CANTIDAD:',NULL,NULL,NULL,0,'2018-08-27 04:51:14',5,2517,12),(2824,'1192-ARM./PUESTO/MARCHA GASOLERO GR.16 CIL',NULL,NULL,NULL,0,'2018-08-27 04:51:27',3,2517,13),(2825,'CANTIDAD:',NULL,NULL,NULL,0,'2018-08-27 04:51:36',5,2517,14),(2826,'1188-COLOCAR Y PROBAR MOTOR EN BANCO PRUEBA',NULL,NULL,NULL,0,'2018-08-27 04:52:07',3,2517,15),(2827,'CANTIDAD:',NULL,NULL,NULL,0,'2018-08-27 04:52:13',5,2517,16),(2828,'1191-MANO DE OBRA DESARME & EVALUACION',NULL,NULL,NULL,0,'2018-08-27 04:52:46',3,2517,17),(2829,'CANTIDAD:',NULL,NULL,NULL,0,'2018-08-27 04:52:55',5,2517,18),(2830,'1074-ARMADO DE MOTOR NAFTERO 4 CIL.',NULL,NULL,NULL,0,'2018-08-27 04:53:32',3,2518,1),(2831,'CANTIDAD:',NULL,NULL,NULL,0,'2018-08-27 04:53:44',5,2518,2),(2832,'1080-ARMADO DE MOTOR NAFTERO 5 CIL.',NULL,NULL,NULL,0,'2018-08-27 04:54:12',3,2518,3),(2833,'CANTIDAD:',NULL,NULL,NULL,0,'2018-08-27 04:54:21',5,2518,4),(2834,'1082-ARMADO DE MOTOR NAFTERO 6 CIL.',NULL,NULL,NULL,0,'2018-08-27 04:54:44',3,2518,5),(2835,'CANTIDAD:',NULL,NULL,NULL,0,'2018-08-27 04:54:50',5,2518,6),(2836,'1084-ARMADO DE MOTOR NAFTERO 8 CIL.',NULL,NULL,NULL,0,'2018-08-27 04:55:10',3,2518,7),(2837,'CANTIDAD:',NULL,NULL,NULL,0,'2018-08-27 04:55:17',5,2518,8),(2838,'1094-ARMADO DE MOTOR GASOLERO CH. 4 CIL.',NULL,NULL,NULL,0,'2018-08-27 04:55:58',3,2518,9),(2839,'CANTIDAD:',NULL,NULL,NULL,0,'2018-08-27 04:56:04',5,2518,10),(2840,'1100-ARMADO DE MOTOR GASOLERO CH. 5 CIL.',NULL,NULL,NULL,0,'2018-08-27 04:56:35',3,2518,11),(2841,'CANTIDAD:',NULL,NULL,NULL,0,'2018-08-27 04:56:41',5,2518,12),(2842,'1102-ARMADO DE MOTOR GASOLERO CH. 6 CIL.',NULL,NULL,NULL,0,'2018-08-27 04:56:55',3,2518,13),(2843,'CANTIDAD:',NULL,NULL,NULL,0,'2018-08-27 04:57:01',5,2518,14),(2844,'1104-ARMADO DE MOTOR GASOLERO CH. 8 CIL.',NULL,NULL,NULL,0,'2018-08-27 04:57:19',3,2518,15),(2845,'CANTIDAD:',NULL,NULL,NULL,0,'2018-08-27 04:57:35',5,2518,16),(2846,'1114-ARMADO DE MOTOR GASOLERO GR. 4 CIL.',NULL,NULL,NULL,0,'2018-08-27 04:57:56',3,2518,17),(2847,'CANTIDAD:',NULL,NULL,NULL,0,'2018-08-27 04:58:03',5,2518,18),(2848,'1120-ARMADO DE MOTOR GASOLERO GR. 5 CIL.',NULL,NULL,NULL,0,'2018-08-27 04:58:35',3,2518,19),(2849,'CANTIDAD:',NULL,NULL,NULL,0,'2018-08-27 04:58:50',5,2518,20),(2850,'1122-ARMADO DE MOTOR GASOLERO GR. 6 CIL.',NULL,NULL,NULL,0,'2018-08-27 05:00:15',3,2518,21),(2851,'CANTIDAD:',NULL,NULL,NULL,0,'2018-08-27 05:00:26',5,2518,22),(2852,'1124-ARMADO DE MOTOR GASOLERO GR. 8 CIL.',NULL,NULL,NULL,0,'2018-08-27 05:01:37',3,2518,23),(2853,'CANTIDAD:',NULL,NULL,NULL,0,'2018-08-27 05:01:45',5,2518,24),(2854,'2066-CONTROLAR Y CALIBRAR BOMBA INYECTORA',NULL,NULL,NULL,0,'2018-08-27 05:02:49',3,2519,1),(2855,'CANTIDAD:',NULL,NULL,NULL,0,'2018-08-27 05:02:55',5,2519,2),(2856,'2069-CONTROLAR Y CALIBRAR INYECTORES',NULL,NULL,NULL,0,'2018-08-27 05:03:24',3,2519,3),(2857,'CANTIDAD:',NULL,NULL,NULL,0,'2018-08-27 05:03:30',5,2519,4),(2858,'2075-CAMBIO DE PUNTA DE MANGA DIFERENCIAL',NULL,NULL,NULL,0,'2018-08-27 05:03:56',3,2520,1),(2859,'CANTIDAD:',NULL,NULL,NULL,0,'2018-08-27 05:04:01',5,2520,2),(2860,'2080-DESVASTAR ALOJAMIENTO RULEMAN PILOTO,HACERCAMISA DE FUNDICION DEJAR TERMINADO A MEDIDA DE RULEMAN',NULL,NULL,NULL,0,'2018-08-27 05:04:16',3,2520,3),(2861,'CANTIDAD:',NULL,NULL,NULL,0,'2018-08-27 05:04:24',5,2520,4),(2862,'2110-MANO DE OBRA DE SERVICIO EN CAMPO',NULL,NULL,NULL,0,'2018-08-27 05:05:44',3,2521,1),(2863,'CANTIDAD:',NULL,NULL,NULL,0,'2018-08-27 05:05:51',5,2521,2),(2864,'2110-TRASLADO PARA SERVICIO EN CAMPO',NULL,NULL,NULL,0,'2018-08-27 05:06:08',3,2521,3),(2865,'CANTIDAD:',NULL,NULL,NULL,0,'2018-08-27 05:06:13',5,2521,4),(2866,'2102-COLOCAR ESCANER PARA EXTRAER DATOS',NULL,NULL,NULL,0,'2018-08-27 05:06:39',3,2521,5),(2867,'CANTIDAD:',NULL,NULL,NULL,0,'2018-08-27 05:06:45',5,2521,6),(2868,'2045-REPARAR TURBO CAMION',NULL,NULL,NULL,0,'2018-08-27 05:07:06',3,2522,1),(2869,'CANTIDAD:',NULL,NULL,NULL,0,'2018-08-27 05:07:15',5,2522,2),(2870,'2050-REPARAR TURBO AUTOMOVIL',NULL,NULL,NULL,0,'2018-08-27 05:07:28',3,2522,3),(2871,'CANTIDAD:',NULL,NULL,NULL,0,'2018-08-27 05:07:37',5,2522,4),(2872,'2060-REPARAR TURBO MAQUINA INDUSTRIAL',NULL,NULL,NULL,0,'2018-08-27 05:07:58',3,2522,5),(2873,'CANTIDAD:',NULL,NULL,NULL,0,'2018-08-27 05:08:04',5,2522,6),(2874,'2038-BALANCEO CARDAN 1 TRAMO',NULL,NULL,NULL,0,'2018-08-27 05:08:28',3,2523,1),(2875,'CANTIDAD:',NULL,NULL,NULL,0,'2018-08-27 05:08:33',5,2523,2),(2876,'2039-BALANCEO CARDAN 2 TRAMOS',NULL,NULL,NULL,0,'2018-08-27 05:08:46',3,2523,3),(2877,'CANTIDAD:',NULL,NULL,NULL,0,'2018-08-27 05:08:51',5,2523,4),(2878,'2040-BALANCEO CARDAN 3 TRAMOS',NULL,NULL,NULL,0,'2018-08-27 05:09:04',3,2523,5),(2879,'CANTIDAD:',NULL,NULL,NULL,0,'2018-08-27 05:09:09',5,2523,6),(2880,'2043-MANO DE OBRA POR HACER ENCAMISADO A 6 (SEIS) ALOJAMIENTOS DE SUPLEMENTOS DE CAMISAS',NULL,NULL,NULL,0,'2018-08-27 05:09:30',3,2524,1),(2881,'CANTIDAD:',NULL,NULL,NULL,0,'2018-08-27 05:09:36',5,2524,2),(2882,'2044-ABRIR ALOJAMIENTO DE BOTADOR Y FABRICAR AL TORNO DOS CAMISAS Y COLOCAR EN BLOCK',NULL,NULL,NULL,0,'2018-08-27 05:09:47',3,2524,3),(2883,'CANTIDAD:',NULL,NULL,NULL,0,'2018-08-27 05:09:53',5,2524,4),(5000,'',NULL,NULL,NULL,0,'2018-08-27 15:54:07',7,5000,1),(6000,'',NULL,NULL,NULL,0,'2018-08-30 13:50:47',7,6000,1),(7000,'',NULL,NULL,NULL,0,'2018-09-12 23:33:54',7,7000,1);
/*!40000 ALTER TABLE `frm_valores` ENABLE KEYS */;
UNLOCK TABLES;

--
-- Table structure for table `frm_valores_validos`
--

DROP TABLE IF EXISTS `frm_valores_validos`;
/*!40101 SET @saved_cs_client     = @@character_set_client */;
/*!40101 SET character_set_client = utf8 */;
CREATE TABLE `frm_valores_validos` (
  `VAPO_ID` int(11) NOT NULL AUTO_INCREMENT,
  `VALOR` varchar(100) NOT NULL,
  `FEC_CREACION` timestamp NOT NULL DEFAULT CURRENT_TIMESTAMP,
  `VALO_ID` int(11) NOT NULL,
  PRIMARY KEY (`VAPO_ID`)
) ENGINE=InnoDB AUTO_INCREMENT=2328 DEFAULT CHARSET=latin1;
/*!40101 SET character_set_client = @saved_cs_client */;

--
-- Dumping data for table `frm_valores_validos`
--

LOCK TABLES `frm_valores_validos` WRITE;
/*!40000 ALTER TABLE `frm_valores_validos` DISABLE KEYS */;
INSERT INTO `frm_valores_validos` VALUES (1,'Aprobado','2018-07-28 15:54:05',1),(2,'Rechazado','2018-07-28 15:54:10',1),(3,'Aprobado','2018-07-28 16:02:39',2),(4,'Rechazado','2018-07-28 16:02:45',2),(5,'Aprobado','2018-07-28 16:03:42',3),(6,'Rechazado','2018-07-28 16:03:46',3),(7,'Aprobado','2018-07-28 16:04:31',4),(8,'Rechazado','2018-07-28 16:04:42',4),(9,'Aprobado','2018-07-28 16:05:33',5),(10,'Rechazado','2018-07-28 16:05:38',5),(11,'Aprobado','2018-07-28 16:06:22',6),(12,'Rechazado','2018-07-28 16:06:29',6),(13,'Aprobado','2018-07-28 16:08:07',7),(14,'Rechazado','2018-07-28 16:08:15',7),(15,'Aprobado','2018-07-28 16:08:55',8),(16,'Rechazado','2018-07-28 16:09:02',8),(17,'Normal','2018-07-28 16:18:51',9),(18,'Desgastada','2018-07-28 16:19:00',9),(19,'Aprobado','2018-07-28 16:19:06',10),(20,'Rechazado','2018-07-28 16:19:11',10),(21,'Normal','2018-07-28 16:21:04',12),(22,'Desgastada','2018-07-28 16:21:10',12),(23,'Aprobado','2018-07-28 16:21:14',13),(24,'Rechazado','2018-07-28 16:21:19',13),(25,'Normal','2018-07-28 16:22:35',15),(26,'Desgastado','2018-07-28 16:22:41',15),(27,'Aprobado','2018-07-28 16:22:45',16),(28,'Rechazada','2018-07-28 16:23:00',16),(29,'Normal','2018-07-28 16:23:52',18),(30,'Desgastada','2018-07-28 16:23:59',18),(31,'Aprobado','2018-07-28 16:24:03',19),(32,'Rechazada','2018-07-28 16:24:08',19),(33,'Normal','2018-07-28 16:25:25',24),(34,'Desgastada','2018-07-28 16:25:31',24),(35,'Aprobado','2018-07-28 16:25:35',25),(36,'Rechazado','2018-07-28 16:25:40',25),(37,'Normal','2018-07-28 16:26:16',21),(38,'Desgastada','2018-07-28 16:26:20',21),(39,'Aprobado','2018-07-28 16:26:24',22),(40,'Rechazado','2018-07-28 16:26:28',22),(41,'Chapa','2018-07-28 17:19:00',33),(42,'Aluminio','2018-07-28 17:19:07',33),(43,'Otro','2018-07-28 17:19:12',33),(44,'Aprobado','2018-07-28 17:19:25',34),(45,'Rechazado:','2018-07-28 17:19:40',34),(46,'Aprobado_Reparar(*)','2018-07-28 17:20:05',34),(47,'Chapa','2018-07-28 17:22:13',36),(48,'Aluminio','2018-07-28 17:22:19',36),(49,'Otro','2018-07-28 17:22:22',36),(50,'Aprobado','2018-07-28 17:22:42',37),(51,'Rechazado','2018-07-28 17:22:48',37),(52,'Aprobado-Reparar(*)','2018-07-28 17:23:00',37),(53,'Chapa','2018-07-28 17:23:56',39),(54,'Aluminio','2018-07-28 17:24:00',39),(55,'Aprobado','2018-07-28 17:24:11',40),(56,'Rechazado','2018-07-28 17:24:17',40),(57,'Aprobado-Reparar(*)','2018-07-28 17:24:26',40),(58,'Fundicion','2018-07-28 17:25:31',42),(59,'Aluminio','2018-07-28 17:25:35',42),(60,'Aprobado','2018-07-28 17:25:42',43),(61,'Rechazado','2018-07-28 17:25:47',43),(62,'Probado-Reparar(*)','2018-07-28 17:26:04',43),(63,'Fundicion','2018-07-28 17:27:15',45),(64,'Aluminio','2018-07-28 17:27:19',45),(65,'Aprobado','2018-07-28 17:27:29',46),(66,'Rechazado','2018-07-28 17:27:32',46),(67,'Aprobado-Reparar(*)','2018-07-28 17:27:49',46),(68,'Embrague','2018-07-28 17:36:06',48),(69,'Convertidor','2018-07-28 17:36:11',48),(70,'Aprobado','2018-07-28 17:36:45',49),(71,'Rechazado','2018-07-28 17:36:50',49),(72,'Aprobado-Reparar(*)','2018-07-28 17:37:01',49),(73,'Abulonada','2018-07-28 17:38:12',51),(74,'Clavada','2018-07-28 17:38:18',51),(75,'Aprobado','2018-07-28 17:38:23',52),(76,'Rechazado','2018-07-28 17:38:29',52),(77,'Aprobado-Reparar(*)','2018-07-28 17:38:38',52),(78,'Armonica','2018-07-28 17:39:14',54),(79,'Fija','2018-07-28 17:39:18',54),(80,'Vias','2018-07-28 17:39:21',54),(81,'Aprobado','2018-07-28 17:39:29',55),(82,'Rechazado','2018-07-28 17:39:35',55),(83,'Aprobado-Reparar(*)','2018-07-28 17:39:45',55),(84,'Rectos','2018-07-28 17:40:18',57),(85,'Helicoidales','2018-07-28 17:40:26',57),(86,'Aprobado','2018-07-28 17:40:32',58),(87,'Rechazado','2018-07-28 17:40:36',58),(88,'Aprobado-Reparar(*)','2018-07-28 17:40:48',58),(89,'Cerrada','2018-07-28 17:41:51',60),(90,'Fija','2018-07-28 17:41:55',60),(91,'Aprobada','2018-07-28 17:42:05',61),(92,'Rechazada','2018-07-28 17:42:13',61),(93,'Aprobada-Reparar(*)','2018-07-28 17:42:26',61),(94,'Aprobado','2018-07-28 17:43:11',63),(95,'Rechazado','2018-07-28 17:43:29',63),(96,'Aprobado-Reparar(*)','2018-07-28 17:43:38',63),(97,'Aprobado','2018-07-28 17:45:17',65),(98,'Rechazado','2018-07-28 17:45:23',65),(99,'Aprobado-Reparar(*)','2018-07-28 17:45:32',65),(100,'Chapa','2018-07-28 17:51:09',67),(101,'Plastica','2018-07-28 17:51:13',67),(102,'Aprobado','2018-07-28 17:51:20',68),(103,'Rechazado','2018-07-28 17:51:25',68),(104,'Aprobado-Reparar(*)','2018-07-28 17:51:40',68),(105,'Fundicion ','2018-07-28 17:53:34',70),(106,'Aluminio','2018-07-28 17:53:39',70),(107,'Vias','2018-07-28 17:53:43',70),(108,'Aprobado','2018-07-28 17:53:52',71),(109,'Rechazado','2018-07-28 17:53:56',71),(110,'Aprobado-Reparar(*)','2018-07-28 17:54:06',71),(111,'Aprobado','2018-07-28 17:58:24',73),(112,'Rechazado','2018-07-28 17:58:30',73),(113,'Aprobado-Reparar(*)','2018-07-28 17:58:47',73),(114,'Aprobado','2018-07-28 17:59:00',75),(115,'Rechazado','2018-07-28 17:59:04',75),(116,'Aprobado-Reparar(*)','2018-07-28 17:59:16',75),(117,'Engranaje','2018-07-28 18:12:17',77),(118,'Lobulo','2018-07-28 18:12:22',77),(119,'Aprobado','2018-07-28 18:12:28',78),(120,'Rechazado','2018-07-28 18:12:33',78),(121,'Aprobado-Reparar(*)','2018-07-28 18:12:52',78),(122,'Mecanico','2018-07-28 18:13:03',80),(123,'Electrico','2018-07-28 18:13:07',80),(124,'Aprobado','2018-07-28 18:13:12',81),(125,'Rechazado','2018-07-28 18:13:17',81),(126,'Aprobado-Reparar(*)','2018-07-28 18:13:31',81),(127,'Chapa','2018-07-28 18:13:44',83),(128,'Aluminio','2018-07-28 18:13:47',83),(129,'Aprobado','2018-07-28 18:13:52',84),(130,'Rechazado','2018-07-28 18:13:56',84),(131,'Aprobado-Reparar(*)','2018-07-28 18:14:11',84),(132,'Chapa','2018-07-28 18:14:21',86),(133,'Aluminio','2018-07-28 18:14:25',86),(134,'Aprobado','2018-07-28 18:14:31',87),(135,'Rechazado','2018-07-28 18:14:36',87),(136,'Aprobado-Reparar(*)','2018-07-28 18:14:46',87),(137,'Chapa','2018-07-28 18:14:54',89),(138,'Aluminio','2018-07-28 18:15:03',89),(139,'Aprobado','2018-07-28 18:15:10',90),(140,'Rechazado','2018-07-28 18:15:14',90),(141,'Aprobado-Reparar(*)','2018-07-28 18:15:24',90),(142,'Chapa','2018-07-28 18:15:42',92),(143,'Aluminio','2018-07-28 18:15:45',92),(144,'Aprobado','2018-07-28 18:15:51',93),(145,'Rechazado','2018-07-28 18:15:54',93),(146,'Aprobado-Reparar(*)','2018-07-28 18:16:04',93),(147,'STD','2018-07-28 18:16:18',95),(148,'Modificada','2018-07-28 18:16:51',95),(149,'Aprobada','2018-07-28 18:16:59',96),(150,'Rechazada','2018-07-28 18:17:06',96),(151,'Fundicion','2018-07-28 18:17:19',98),(152,'Aluminio','2018-07-28 18:17:23',98),(153,'Aprobado','2018-07-28 18:17:29',99),(154,'Rechazado','2018-07-28 18:17:33',99),(155,'Aprobado-Reparar(*)','2018-07-28 18:17:44',99),(156,'Fundicion','2018-07-28 18:18:08',101),(157,'Aluminio','2018-07-28 18:18:14',101),(158,'Aprobado','2018-07-28 18:18:20',102),(159,'Rechazado','2018-07-28 18:18:24',102),(160,'Aprobado-Reparar(*)','2018-07-28 18:18:38',102),(161,'Chapa','2018-07-28 18:18:46',104),(162,'Aluminio','2018-07-28 18:18:50',104),(163,'Aprobado','2018-07-28 18:19:00',105),(164,'Rechazado','2018-07-28 18:19:07',105),(165,'Aprobado-Reparar(*)','2018-07-28 18:19:19',105),(166,'Chapa','2018-07-28 18:19:34',107),(167,'Flexibles','2018-07-28 18:19:39',107),(168,'Aprobado ','2018-07-28 18:19:52',108),(169,'Rechazado','2018-07-28 18:19:55',108),(170,'Aprobado-Reparar(*)','2018-07-28 18:20:06',108),(171,'Chapa','2018-07-28 18:20:18',110),(172,'Aluminio','2018-07-28 18:20:23',110),(173,'Aprobado','2018-07-28 18:20:28',111),(174,'Rechazado','2018-07-28 18:20:33',111),(175,'Aprobado-Reparar(*)','2018-07-28 18:20:45',111),(176,'Chapa','2018-07-28 18:20:57',113),(177,'Aluminio','2018-07-28 18:21:02',113),(178,'Aprobado','2018-07-28 18:21:08',114),(179,'Rechazado','2018-07-28 18:21:13',114),(180,'Aprobado-Reparar(*)','2018-07-28 18:21:22',114),(181,'Turbina Fundicion','2018-07-28 18:29:29',116),(182,'Turbina Aluminio','2018-07-28 18:29:37',116),(183,'Turbina Plastico','2018-07-28 18:29:53',116),(184,'Turbina Bronce','2018-07-28 18:30:00',116),(185,'Aprobado','2018-07-28 18:30:29',117),(186,'Rechazado','2018-07-28 18:30:35',117),(187,'Aprobado-Reparar(*)','2018-07-28 18:30:47',117),(188,'Agua','2018-07-28 18:31:03',119),(189,'Metal','2018-07-28 18:31:07',119),(190,'Aprobado','2018-07-28 18:31:14',120),(191,'Rechazado','2018-07-28 18:31:20',120),(192,'Aprobado-Reparar(*)','2018-07-28 18:31:30',120),(193,'Apertura','2018-07-28 18:31:40',122),(194,'Aprobado','2018-07-28 18:31:49',123),(195,'Rechazado','2018-07-28 18:32:07',123),(196,'Aprobado-Reparar(*)','2018-07-28 18:32:16',123),(197,'Fundicion','2018-07-28 18:33:03',125),(198,'Aluminio','2018-07-28 18:33:07',125),(199,'Aprobado','2018-07-28 18:33:12',126),(200,'Rechazado','2018-07-28 18:33:16',126),(201,'Aprobado-Reparar(*)','2018-07-28 18:33:31',126),(202,'Fundicion','2018-07-28 18:33:44',128),(203,'Aluminio','2018-07-28 18:33:51',128),(204,'Aprobado','2018-07-28 18:33:58',129),(205,'Rechazado','2018-07-28 18:34:02',129),(206,'Aprobado-Reparar(*)','2018-07-28 18:34:16',129),(207,'Fundicion','2018-07-28 18:34:55',131),(208,'Aluminio','2018-07-28 18:35:03',131),(209,'Aprobado','2018-07-28 18:35:08',132),(210,'Rechazado','2018-07-28 18:35:12',132),(211,'Aprobado-Reparar(*)','2018-07-28 18:35:21',132),(212,'Chapa','2018-07-28 18:35:31',134),(213,'Plastico','2018-07-28 18:35:37',134),(214,'Aprobado','2018-07-28 18:35:42',135),(215,'Rechazado','2018-07-28 18:35:49',135),(216,'Aprobado-Reparar(*)','2018-07-28 18:36:01',135),(217,'Chapa','2018-07-28 18:36:10',137),(218,'Aluminio','2018-07-28 18:36:14',137),(219,'Aprobado','2018-07-28 18:37:19',138),(220,'Rechazado','2018-07-28 18:37:23',138),(221,'Aprobado-Reparar(*)','2018-07-28 18:37:33',138),(222,'Aprobado','2018-07-28 18:38:06',141),(223,'Rechazado','2018-07-28 18:38:10',141),(224,'Aprobado-Reparar(*)','2018-07-28 18:38:21',141),(225,'Aprobado','2018-07-28 18:38:36',144),(226,'Rechazado','2018-07-28 18:38:41',144),(227,'Aprobado-Reparar(*)','2018-07-28 18:38:52',144),(228,'Lineal','2018-07-28 18:41:15',146),(229,'Rotativa','2018-07-28 18:41:21',146),(230,'Aprobado','2018-07-28 18:41:26',147),(231,'Rechazado','2018-07-28 18:41:29',147),(232,'Aprobado-Reparar(*)','2018-07-28 18:41:40',147),(233,'Comman Rail','2018-07-28 18:43:01',149),(234,'Aprobado','2018-07-28 18:43:18',150),(235,'Rechazado','2018-07-28 18:43:23',150),(236,'Aprobado-Reparar(*)','2018-07-28 18:43:33',150),(237,'Mecanico','2018-07-28 18:44:23',152),(238,'Electrico','2018-07-28 18:44:26',152),(239,'Aprobado','2018-07-28 18:44:31',153),(240,'Rechazado','2018-07-28 18:44:35',153),(241,'Aprobado-Reparar(*)','2018-07-28 18:44:46',153),(242,'Directa','2018-07-28 18:46:11',155),(243,'Indirecta','2018-07-28 18:46:15',155),(244,'Aprobado','2018-07-28 18:46:20',156),(245,'Rechazado','2018-07-28 18:46:24',156),(246,'Aprobado-Reparar(*)','2018-07-28 18:46:39',156),(247,'Aprobado','2018-07-28 18:47:31',158),(248,'Rechazado','2018-07-28 18:47:36',158),(249,'Aprobado-Reparar(*)','2018-07-28 18:47:48',158),(250,'Aprobado','2018-07-28 18:50:22',160),(251,'Rechazado','2018-07-28 18:50:27',160),(252,'Aprobado-Reparar(*)','2018-07-28 18:50:49',160),(253,'Aprobado','2018-07-28 18:53:01',163),(254,'Rechazado','2018-07-28 18:53:09',163),(255,'Aprobado-Reparar(*)','2018-07-28 18:53:22',163),(256,'Aprobado','2018-07-28 18:54:07',165),(257,'Rechazado','2018-07-28 18:54:13',165),(258,'Aprobado-Reparar(*)','2018-07-28 18:54:23',165),(259,'Mecanico','2018-07-28 18:55:13',167),(260,'Electrico','2018-07-28 18:55:17',167),(261,'Aprobado','2018-07-28 18:55:26',168),(262,'Rechazado','2018-07-28 18:55:30',168),(263,'Aprobado-Reparar(*)','2018-07-28 18:55:40',168),(264,'Mecanico','2018-07-28 18:56:31',170),(265,'Electrico','2018-07-28 18:56:39',170),(266,'Aprobado','2018-07-28 18:56:46',171),(267,'Rechazado','2018-07-28 18:57:20',171),(268,'Aprobado-Reparar(*)','2018-07-28 18:57:38',171),(269,'Manual','2018-07-28 18:58:23',173),(270,'Electrico','2018-07-28 18:58:31',173),(271,'Aprobado','2018-07-28 18:58:42',174),(272,'Rechazado','2018-07-28 18:58:46',174),(273,'Aprobado-Reparar(*)','2018-07-28 18:59:00',174),(274,'Fundicion','2018-07-28 19:00:35',176),(275,'Aluminio','2018-07-28 19:00:41',176),(276,'Aprobado','2018-07-28 19:00:50',177),(277,'Rechazado','2018-07-28 19:00:56',177),(278,'Aprobado-Reparar(*)','2018-07-28 19:01:09',177),(279,'Simples','2018-07-28 19:02:04',179),(280,'Combinados','2018-07-28 19:02:10',179),(281,'Aprobado','2018-07-28 19:02:16',180),(282,'Rechazar','2018-07-28 19:02:22',180),(283,'Aprobado-Reparar(*)','2018-07-28 19:02:31',180),(284,'Aprobado','2018-07-28 22:25:22',183),(285,'Rechazado','2018-07-28 22:25:27',183),(286,'Aprobado-Reparar(*)','2018-07-28 22:25:38',183),(287,'Aprobado','2018-07-28 22:26:43',185),(288,'Rechazado','2018-07-28 22:26:53',185),(289,'Aprobado-Reparar(*)','2018-07-28 22:27:30',185),(290,'Aprobado','2018-07-28 22:27:57',187),(291,'Rechazado','2018-07-28 22:28:05',187),(292,'Aprobado-Reparar(*)','2018-07-28 22:28:18',187),(293,'Aprobado','2018-07-28 22:29:36',189),(294,'Rechazado','2018-07-28 22:29:41',189),(295,'Aprobado-Reparar(*)','2018-07-28 22:29:58',189),(296,'Aprobado','2018-07-28 22:32:15',191),(297,'Rechazado','2018-07-28 22:32:20',191),(298,'Aprobado-Reparar(*)','2018-07-28 22:32:33',191),(299,'Aprobado','2018-07-28 22:38:01',193),(300,'Rechazado','2018-07-28 22:38:10',193),(301,'Aprobado-Reparar(*)','2018-07-28 22:38:44',193),(302,'Aprobado','2018-07-28 22:46:31',208),(303,'Rechazado','2018-07-28 22:46:35',208),(304,'Aprobado-Reparar(*)','2018-07-28 22:46:49',208),(305,'Aprobado','2018-07-28 22:46:59',205),(306,'Rechazado','2018-07-28 22:47:04',205),(307,'Aprobado-Reparar(*)','2018-07-28 22:47:18',205),(308,'Aprobado','2018-07-28 22:47:26',195),(309,'Rechazado','2018-07-28 22:48:08',195),(310,'Aprobado-Reparar(*)','2018-07-28 22:48:18',195),(311,'Aprobado','2018-07-28 23:04:16',210),(312,'Rechazado','2018-07-28 23:04:16',210),(316,'Aprobado','2018-07-28 23:13:50',222),(317,'Rechazado','2018-07-28 23:13:50',222),(318,'Aprobado','2018-07-28 23:17:41',226),(319,'Rechazado','2018-07-28 23:17:41',226),(320,'Aprobado','2018-07-28 23:18:28',229),(321,'Rechazado','2018-07-28 23:18:28',229),(322,'Aprobado','2018-07-28 23:19:14',232),(323,'Rechazado','2018-07-28 23:19:14',232),(324,'Brinell','2018-07-28 23:20:06',233),(325,'Rc','2018-07-28 23:20:09',233),(326,'Brinell','2018-07-28 23:20:44',234),(327,'Rc','2018-07-28 23:20:47',234),(328,'Brinell','2018-07-28 23:21:10',235),(329,'Rc','2018-07-28 23:21:13',235),(330,'Aprobado','2018-07-28 23:22:21',236),(331,'Rechazado','2018-07-28 23:22:21',236),(332,'Aprobado','2018-07-28 23:22:23',237),(333,'Rechazado','2018-07-28 23:22:23',237),(334,'Aprobado','2018-07-28 23:22:25',238),(335,'Rechazado','2018-07-28 23:22:25',238),(336,'Aprobado','2018-07-28 23:22:27',239),(337,'Rechazado','2018-07-28 23:22:27',239),(338,'Aprobado','2018-07-28 23:23:07',240),(339,'Rechazado','2018-07-28 23:23:07',240),(340,'Aprobado','2018-07-28 23:23:12',241),(341,'Rechazado','2018-07-28 23:23:12',241),(342,'Aprobado','2018-07-28 23:29:54',242),(343,'Rechazado','2018-07-28 23:29:54',242),(344,'Fundido','2018-07-28 23:31:46',244),(345,'(*)Desgaste Axial','2018-07-28 23:31:52',244),(346,'Reemplazar','2018-07-28 23:31:57',244),(347,'Fundido','2018-07-28 23:32:19',245),(348,'(*)Desgaste Axial','2018-07-28 23:32:30',245),(349,'Reemplazar','2018-07-28 23:32:36',245),(350,'Fundido','2018-07-28 23:33:04',246),(351,'(*)Desgaste Axial','2018-07-28 23:33:12',246),(352,'Reemplazar','2018-07-28 23:33:21',246),(353,'Fundida','2018-07-28 23:35:08',247),(354,'(*)Desgaste Axial','2018-07-28 23:35:15',247),(355,'Reemplazar','2018-07-28 23:35:23',247),(356,'Fundido ','2018-07-28 23:35:30',248),(357,'(*)Desgaste Axial','2018-07-28 23:35:41',248),(358,'Reemplazar','2018-07-28 23:35:48',248),(359,'Fundida','2018-07-28 23:35:57',249),(360,'(*)Desgaste Axial','2018-07-28 23:35:59',249),(361,'Reemplazar','2018-07-28 23:36:11',249),(362,'Fundida','2018-07-28 23:36:41',250),(363,'(*)Desgaste Axial','2018-07-28 23:36:43',250),(364,'Reemplazar','2018-07-28 23:36:49',250),(365,'Fundida','2018-07-28 23:37:09',251),(366,'(*)Desgaste Axial','2018-07-28 23:37:11',251),(367,'Reemplazar','2018-07-28 23:37:16',251),(368,'Fundida','2018-07-28 23:37:30',252),(369,'(*)Desgaste Axial','2018-07-28 23:37:33',252),(370,'Reemplazar','2018-07-28 23:37:38',252),(371,'Fundido','2018-07-28 23:38:00',253),(372,'(*)Desgaste Axial','2018-07-28 23:38:02',253),(373,'Reemplazar','2018-07-28 23:38:14',253),(374,'Fundido','2018-07-28 23:38:32',254),(375,'(*)Desgaste Axial','2018-07-28 23:38:34',254),(376,'Reemplazar','2018-07-28 23:38:39',254),(377,'Fundido','2018-07-28 23:38:54',255),(378,'(*)Desgaste Axial','2018-07-28 23:38:58',255),(379,'Reemplazar','2018-07-28 23:39:02',255),(380,'Fundido','2018-07-28 23:39:21',256),(381,'(*)Desgaste Axial','2018-07-28 23:39:23',256),(382,'Reemplazar','2018-07-28 23:39:30',256),(383,'Fundido','2018-07-28 23:39:49',257),(384,'(*)Desgaste Axial','2018-07-28 23:39:51',257),(385,'Reemplazar','2018-07-28 23:39:57',257),(386,'Fundido','2018-07-28 23:40:11',258),(387,'(*)Desgaste Axial','2018-07-28 23:40:13',258),(388,'Reemplazar','2018-07-28 23:40:17',258),(389,'Fundido','2018-07-28 23:40:39',259),(390,'(*)Desgaste Axial','2018-07-28 23:40:41',259),(391,'Reemplazar','2018-07-28 23:40:47',259),(392,'Fundido','2018-07-28 23:41:02',260),(393,'(*)Desgaste Axial','2018-07-28 23:41:05',260),(394,'Reemplazar','2018-07-28 23:41:11',260),(395,'Aprobado','2018-07-28 23:46:15',261),(396,'Rechazado','2018-07-28 23:46:15',261),(397,'Aprobado','2018-07-28 23:46:17',262),(398,'Rechazado','2018-07-28 23:46:17',262),(399,'Aprobado','2018-07-28 23:46:19',263),(400,'Rechazado','2018-07-28 23:46:19',263),(401,'Aprobado','2018-07-28 23:46:21',264),(402,'Rechazado','2018-07-28 23:46:21',264),(403,'Aprobado','2018-07-28 23:46:23',265),(404,'Rechazado','2018-07-28 23:46:23',265),(405,'Aprobado','2018-07-28 23:46:25',266),(406,'Rechazado','2018-07-28 23:46:25',266),(407,'Aprobado','2018-07-28 23:46:27',267),(408,'Rechazado','2018-07-28 23:46:27',267),(409,'Aprobado','2018-07-28 23:46:30',268),(410,'Rechazado','2018-07-28 23:46:30',268),(411,'Aprobado','2018-07-28 23:46:33',269),(412,'Rechazado','2018-07-28 23:46:33',269),(413,'Aprobado','2018-07-28 23:46:39',270),(414,'Rechazado','2018-07-28 23:46:39',270),(415,'Aprobado','2018-07-28 23:46:41',271),(416,'Rechazado','2018-07-28 23:46:41',271),(417,'Aprobado','2018-07-28 23:46:50',272),(418,'Rechazado','2018-07-28 23:46:50',272),(419,'Aprobado','2018-07-28 23:46:53',273),(420,'Rechazado','2018-07-28 23:46:53',273),(421,'Aprobado','2018-07-28 23:46:54',274),(422,'Rechazado','2018-07-28 23:46:54',274),(423,'Aprobado','2018-07-28 23:46:57',275),(424,'Rechazado','2018-07-28 23:46:57',275),(425,'Aprobado','2018-07-28 23:46:59',276),(426,'Rechazado','2018-07-28 23:46:59',276),(427,'Aprobado','2018-07-28 23:47:02',277),(428,'Rechazado','2018-07-28 23:47:02',277),(429,'Aprobado','2018-07-29 04:22:41',333),(430,'Rechazado','2018-07-29 04:22:41',333),(431,'Aprobado','2018-07-29 04:22:49',334),(432,'Rechazado','2018-07-29 04:22:49',334),(433,'Aprobado','2018-07-29 04:22:58',335),(434,'Rechazado','2018-07-29 04:22:58',335),(435,'Aprobado','2018-07-29 04:23:08',336),(436,'Rechazado','2018-07-29 04:23:08',336),(437,'Aprobado','2018-07-29 04:23:16',337),(438,'Rechazado','2018-07-29 04:23:16',337),(439,'Aprobado','2018-07-29 04:25:25',338),(440,'Rechazado','2018-07-29 04:25:25',338),(441,'Aprobado','2018-07-29 04:25:33',339),(442,'Rechazado','2018-07-29 04:25:33',339),(443,'Aprobado','2018-07-29 04:25:40',340),(444,'Rechazado','2018-07-29 04:25:40',340),(445,'Aprobado','2018-07-29 04:25:54',341),(446,'Rechazado','2018-07-29 04:25:54',341),(447,'Aprobado','2018-07-29 04:26:02',342),(448,'Rechazado','2018-07-29 04:26:02',342),(449,'Aprobado','2018-07-29 04:26:08',343),(450,'Rechazado','2018-07-29 04:26:08',343),(451,'Aprobado','2018-07-29 04:26:15',344),(452,'Rechazado','2018-07-29 04:26:15',344),(453,'Aprobado','2018-07-29 04:26:25',345),(454,'Rechazado','2018-07-29 04:26:25',345),(455,'Aprobado','2018-07-29 04:26:33',346),(456,'Rechazado','2018-07-29 04:26:33',346),(457,'Aprobado','2018-07-29 04:26:43',347),(458,'Rechazado','2018-07-29 04:26:44',347),(459,'Aprobado','2018-07-29 04:26:52',348),(460,'Rechazado','2018-07-29 04:26:52',348),(461,'Aprobado','2018-07-29 04:27:01',349),(462,'Rechazado','2018-07-29 04:27:01',349),(463,'Aprobado','2018-07-29 04:29:30',352),(464,'Rechazado','2018-07-29 04:29:30',352),(465,'Aprobado','2018-07-29 04:29:36',353),(466,'Rechazado','2018-07-29 04:29:36',353),(467,'Aprobado','2018-07-29 04:30:08',354),(468,'Rechazado','2018-07-29 04:30:08',354),(469,'Aprobado','2018-07-29 04:30:16',355),(470,'Rechazado','2018-07-29 04:30:16',355),(471,'Aprobado','2018-07-29 04:30:27',356),(472,'Rechazado','2018-07-29 04:30:27',356),(473,'Aprobado','2018-07-29 04:31:17',357),(474,'Rechazado','2018-07-29 04:31:17',357),(475,'Aprobado','2018-07-29 04:31:20',358),(476,'Rechazado','2018-07-29 04:31:20',358),(477,'Aprobado','2018-07-29 04:31:23',359),(478,'Rechazado','2018-07-29 04:31:23',359),(479,'Aprobado','2018-07-29 04:31:26',360),(480,'Rechazado','2018-07-29 04:31:26',360),(481,'Aprobado','2018-07-29 04:31:28',361),(482,'Rechazado','2018-07-29 04:31:28',361),(483,'Aprobado','2018-07-29 04:31:31',362),(484,'Rechazado','2018-07-29 04:31:31',362),(485,'Aprobado','2018-07-29 04:31:34',363),(486,'Rechazado','2018-07-29 04:31:34',363),(487,'Aprobado','2018-07-29 04:31:37',364),(488,'Rechazado','2018-07-29 04:31:37',364),(489,'Aprobado','2018-07-29 04:31:39',365),(490,'Rechazado','2018-07-29 04:31:39',365),(491,'Aprobado','2018-07-29 04:31:42',366),(492,'Rechazado','2018-07-29 04:31:42',366),(493,'Aprobado','2018-07-29 04:31:45',367),(494,'Rechazado','2018-07-29 04:31:45',367),(495,'Aprobado','2018-07-29 04:31:47',368),(496,'Rechazado','2018-07-29 04:31:47',368),(497,'Aprobado','2018-07-29 04:34:25',369),(498,'Rechazado','2018-07-29 04:34:25',369),(499,'Aprobado','2018-07-29 04:34:27',370),(500,'Rechazado','2018-07-29 04:34:27',370),(501,'Aprobado','2018-07-29 04:34:29',371),(502,'Rechazado','2018-07-29 04:34:29',371),(503,'Aprobado','2018-07-29 04:34:32',372),(504,'Rechazado','2018-07-29 04:34:32',372),(505,'Aprobado','2018-07-29 04:34:34',373),(506,'Rechazado','2018-07-29 04:34:34',373),(507,'Aprobado','2018-07-29 04:34:36',374),(508,'Rechazado','2018-07-29 04:34:36',374),(509,'Aprobado','2018-07-29 04:34:39',375),(510,'Rechazado','2018-07-29 04:34:39',375),(511,'Aprobado','2018-07-29 04:34:41',376),(512,'Rechazado','2018-07-29 04:34:41',376),(513,'Aprobado','2018-07-29 04:34:44',377),(514,'Rechazado','2018-07-29 04:34:44',377),(515,'Aprobado','2018-07-29 04:34:47',378),(516,'Rechazado','2018-07-29 04:34:47',378),(517,'Aprobado','2018-07-29 04:34:51',379),(518,'Rechazado','2018-07-29 04:34:51',379),(519,'Aprobado','2018-07-29 04:34:54',380),(520,'Rechazado','2018-07-29 04:34:54',380),(521,'Aprobado','2018-07-29 04:34:56',381),(522,'Rechazado','2018-07-29 04:34:56',381),(523,'Aprobado','2018-07-29 04:34:59',382),(524,'Rechazado','2018-07-29 04:34:59',382),(525,'Aprobado','2018-07-29 04:35:02',383),(526,'Rechazado','2018-07-29 04:35:02',383),(527,'Aprobado','2018-07-29 04:35:04',384),(528,'Rechazado','2018-07-29 04:35:04',384),(529,'Aprobado','2018-07-29 04:35:07',385),(530,'Rechazado','2018-07-29 04:35:07',385),(531,'Aprobado','2018-07-29 04:37:05',387),(532,'Rechazado','2018-07-29 04:37:05',387),(533,'Guias','2018-07-29 04:37:18',386),(534,'Dentadas','2018-07-29 04:37:28',386),(535,'Fracturadas','2018-07-29 04:37:37',386),(536,'Aprobado','2018-07-29 04:37:59',389),(537,'Rechazado','2018-07-29 04:37:59',389),(538,'Guias','2018-07-29 04:38:05',388),(539,'Dentadas','2018-07-29 04:38:10',388),(540,'Fracturadas','2018-07-29 04:38:18',388),(541,'Aprobado','2018-07-29 04:38:55',391),(542,'Rechazado','2018-07-29 04:38:55',391),(543,'Guias','2018-07-29 04:39:03',390),(544,'Dentadas','2018-07-29 04:39:11',390),(545,'Fracturadas','2018-07-29 04:39:22',390),(546,'Aprobado','2018-07-29 04:40:28',393),(547,'Rechazado','2018-07-29 04:40:28',393),(548,'Guias','2018-07-29 04:40:34',392),(549,'Dentadas','2018-07-29 04:40:43',392),(550,'Fracturadas','2018-07-29 04:41:04',392),(551,'Aprobado','2018-07-29 04:41:17',395),(552,'Rechazado','2018-07-29 04:41:17',395),(553,'Guias','2018-07-29 04:42:05',394),(554,'Dentadas','2018-07-29 04:42:12',394),(555,'Fracturadas','2018-07-29 04:42:19',394),(556,'Aprobado','2018-07-29 04:42:26',397),(557,'Rechazado','2018-07-29 04:42:26',397),(558,'Guias','2018-07-29 04:42:31',396),(559,'Dentadas','2018-07-29 04:42:36',396),(560,'Fracturadas','2018-07-29 04:42:42',396),(561,'Aprobado','2018-07-29 04:43:29',399),(562,'Rechazado','2018-07-29 04:43:29',399),(563,'Guias','2018-07-29 04:43:34',398),(564,'Dentadas','2018-07-29 04:43:39',398),(565,'Fracturadas','2018-07-29 04:43:44',398),(566,'Aprobado','2018-07-29 04:43:53',401),(567,'Rechazado','2018-07-29 04:43:53',401),(568,'Guias','2018-07-29 04:43:58',400),(569,'Dentadas','2018-07-29 04:44:03',400),(570,'Fracturadas','2018-07-29 04:44:08',400),(571,'Aprobado','2018-07-29 04:44:20',403),(572,'Rechazado','2018-07-29 04:44:20',403),(573,'Guias','2018-07-29 04:44:43',402),(574,'Dentadas','2018-07-29 04:44:47',402),(575,'Fracturadas','2018-07-29 04:44:54',402),(576,'Aprobado','2018-07-29 04:45:21',405),(577,'Rechazado','2018-07-29 04:45:21',405),(578,'Guias','2018-07-29 04:45:32',404),(579,'Dentada','2018-07-29 04:45:40',404),(580,'Fracturada','2018-07-29 04:45:46',404),(581,'Aprobado','2018-07-29 04:46:11',407),(582,'Rechazado','2018-07-29 04:46:11',407),(583,'Guias','2018-07-29 04:46:18',406),(584,'Dentadas','2018-07-29 04:46:22',406),(585,'Fracturada','2018-07-29 04:46:27',406),(586,'Aprobado','2018-07-29 04:46:54',409),(587,'Rechazado','2018-07-29 04:46:54',409),(588,'Guias','2018-07-29 04:46:59',408),(589,'Dentadas','2018-07-29 04:47:04',408),(590,'Fracturada','2018-07-29 04:47:09',408),(591,'Aprobado','2018-07-29 04:47:20',411),(592,'Rechazado','2018-07-29 04:47:20',411),(593,'Guias','2018-07-29 04:47:25',410),(594,'Dentadas','2018-07-29 04:47:33',410),(595,'Fracturadas','2018-07-29 04:47:39',410),(596,'Aprobado','2018-07-29 04:47:48',413),(597,'Rechazado','2018-07-29 04:47:48',413),(598,'Guias','2018-07-29 04:47:52',412),(599,'Dentadas','2018-07-29 04:47:56',412),(600,'Fracturadas','2018-07-29 04:48:01',412),(601,'Aprobado','2018-07-29 04:48:10',415),(602,'Rechazado','2018-07-29 04:48:10',415),(603,'Guias','2018-07-29 04:48:24',414),(604,'Dentadas','2018-07-29 04:48:30',414),(605,'Fracturadas','2018-07-29 04:48:36',414),(606,'Aprobado','2018-07-29 04:48:52',417),(607,'Rechazado','2018-07-29 04:48:52',417),(608,'Guias','2018-07-29 04:48:57',416),(609,'Dentadas','2018-07-29 04:49:03',416),(610,'Fracturadas','2018-07-29 04:49:11',416),(611,'Aprobado','2018-07-29 04:49:20',419),(612,'Rechazado','2018-07-29 04:49:20',419),(613,'Guias','2018-07-29 04:49:26',418),(614,'Dentadas','2018-07-29 04:49:32',418),(615,'Fracturada','2018-07-29 04:49:37',418),(616,'Aprobado','2018-07-29 04:50:49',420),(617,'Rechazado','2018-07-29 04:50:49',420),(618,'Aprobado','2018-07-29 04:50:51',421),(619,'Rechazado','2018-07-29 04:50:51',421),(620,'Aprobado','2018-07-29 04:50:53',422),(621,'Rechazado','2018-07-29 04:50:53',422),(622,'Aprobado','2018-07-29 04:50:55',423),(623,'Rechazado','2018-07-29 04:50:55',423),(624,'Aprobado','2018-07-29 04:50:58',424),(625,'Rechazado','2018-07-29 04:50:58',424),(626,'Aprobado','2018-07-29 04:51:00',425),(627,'Rechazado','2018-07-29 04:51:00',425),(628,'Aprobado','2018-07-29 04:51:02',426),(629,'Rechazado','2018-07-29 04:51:02',426),(630,'Aprobado','2018-07-29 04:51:04',427),(631,'Rechazado','2018-07-29 04:51:04',427),(632,'Aprobado','2018-07-29 04:51:07',428),(633,'Rechazado','2018-07-29 04:51:07',428),(634,'Aprobado','2018-07-29 04:51:09',429),(635,'Rechazado','2018-07-29 04:51:09',429),(636,'Aprobado','2018-07-29 04:51:11',430),(637,'Rechazado','2018-07-29 04:51:11',430),(638,'Aprobado','2018-07-29 04:51:14',431),(639,'Rechazado','2018-07-29 04:51:14',431),(640,'Aprobado','2018-07-29 04:51:18',432),(641,'Rechazado','2018-07-29 04:51:18',432),(642,'Aprobado','2018-07-29 04:51:21',433),(643,'Rechazado','2018-07-29 04:51:21',433),(644,'Aprobado','2018-07-29 04:51:23',434),(645,'Rechazado','2018-07-29 04:51:23',434),(646,'Aprobado','2018-07-29 04:51:26',435),(647,'Rechazado','2018-07-29 04:51:26',435),(648,'Aprobado','2018-07-29 04:51:29',436),(649,'Rechazado','2018-07-29 04:51:29',436),(650,'Aprobado','2018-07-29 04:52:07',437),(651,'Rechazado','2018-07-29 04:52:07',437),(652,'Aprobado','2018-07-29 04:52:12',438),(653,'Rechazado','2018-07-29 04:52:12',438),(654,'Aprobado','2018-07-29 04:52:18',439),(655,'Rechazado','2018-07-29 04:52:18',439),(656,'Aprobado','2018-07-29 04:52:24',440),(657,'Rechazado','2018-07-29 04:52:24',440),(658,'Aprobado','2018-07-29 04:52:30',441),(659,'Rechazado','2018-07-29 04:52:30',441),(660,'Aprobado','2018-07-29 04:52:35',442),(661,'Rechazado','2018-07-29 04:52:35',442),(662,'Aprobado','2018-07-29 04:52:42',443),(663,'Rechazado','2018-07-29 04:52:42',443),(664,'Aprobado','2018-07-29 04:52:49',444),(665,'Rechazado','2018-07-29 04:52:49',444),(666,'Aprobado','2018-07-29 04:52:55',445),(667,'Rechazado','2018-07-29 04:52:55',445),(668,'Aprobado','2018-07-29 04:53:01',446),(669,'Rechazado','2018-07-29 04:53:01',446),(670,'Aprobado','2018-07-29 04:53:07',447),(671,'Rechazado','2018-07-29 04:53:07',447),(672,'Aprobado','2018-07-29 04:53:12',448),(673,'Rechazado','2018-07-29 04:53:12',448),(674,'Aprobado','2018-07-29 04:53:19',449),(675,'Rechazado','2018-07-29 04:53:19',449),(676,'Aprobado','2018-07-29 04:53:26',450),(677,'Rechazado','2018-07-29 04:53:26',450),(678,'Aprobado','2018-07-29 04:53:33',451),(679,'Rechazado','2018-07-29 04:53:33',451),(680,'Aprobado','2018-07-29 04:53:41',452),(681,'Rechazado','2018-07-29 04:53:41',452),(682,'Aprobado','2018-07-29 04:53:46',453),(683,'Rechazado','2018-07-29 04:53:46',453),(684,'Aprobado','2018-07-29 14:23:47',454),(685,'Rechazado','2018-07-29 14:23:47',454),(706,'Aprobado','2018-07-29 14:44:14',488),(707,'Rechazado','2018-07-29 14:44:14',488),(726,'Aprobado','2018-07-29 14:47:43',510),(727,'Rechazado','2018-07-29 14:47:43',510),(728,'Aprobado','2018-07-29 14:47:45',511),(729,'Rechazado','2018-07-29 14:47:45',511),(730,'Aprobado','2018-07-29 14:47:47',512),(731,'Rechazado','2018-07-29 14:47:47',512),(732,'Aprobado','2018-07-29 14:47:49',513),(733,'Rechazado','2018-07-29 14:47:49',513),(734,'Aprobado','2018-07-29 14:47:52',514),(735,'Rechazado','2018-07-29 14:47:52',514),(736,'Aprobado','2018-07-29 14:48:27',515),(737,'Rechazado','2018-07-29 14:48:27',515),(738,'Aprobado','2018-07-29 14:48:33',517),(739,'Rechazado','2018-07-29 14:48:33',517),(740,'Aprobado','2018-07-29 14:49:05',519),(741,'Rechazado','2018-07-29 14:49:05',519),(742,'Aprobado','2018-07-29 14:49:11',521),(743,'Rechazado','2018-07-29 14:49:11',521),(744,'Aprobado','2018-07-29 14:51:08',523),(745,'Rechazado','2018-07-29 14:51:08',523),(746,'Aprobado','2018-07-29 14:51:14',525),(747,'Rechazado','2018-07-29 14:51:14',525),(748,'Aprobado','2018-07-29 14:55:48',537),(749,'Rechazado','2018-07-29 14:55:48',537),(750,'Aprobado','2018-07-29 14:55:55',539),(751,'Rechazado','2018-07-29 14:55:55',539),(752,'Aprobado','2018-07-29 14:56:05',541),(753,'Rechazado','2018-07-29 14:56:05',541),(754,'Aprobado','2018-07-29 14:56:14',543),(755,'Rechazado','2018-07-29 14:56:14',543),(756,'Aprobado','2018-07-29 14:56:21',545),(757,'Rechazado','2018-07-29 14:56:21',545),(758,'Aprobado','2018-07-29 14:56:29',547),(759,'Rechazado','2018-07-29 14:56:29',547),(760,'Aprobado','2018-07-29 14:56:40',549),(761,'Rechazado','2018-07-29 14:56:40',549),(762,'Aprobado','2018-07-29 14:56:49',551),(763,'Rechazado','2018-07-29 14:56:49',551),(778,'Aprobado','2018-07-29 15:02:59',567),(779,'Rechazado','2018-07-29 15:02:59',567),(780,'Aprobado','2018-07-29 15:07:19',569),(781,'Rechazado','2018-07-29 15:07:19',569),(782,'Aprobado','2018-07-29 15:08:58',571),(783,'Rechazado','2018-07-29 15:08:58',571),(784,'Aprobado','2018-07-29 15:18:40',574),(785,'Rechazado','2018-07-29 15:18:44',574),(786,'Aprobado','2018-07-29 15:18:50',575),(787,'Rechazado','2018-07-29 15:18:56',575),(788,'Aprobado','2018-07-29 15:19:08',576),(789,'Rechazado','2018-07-29 15:19:08',576),(790,'Aprobado','2018-07-29 15:23:12',581),(791,'Rechazado','2018-07-29 15:23:12',581),(792,'Aprobado','2018-07-29 15:28:44',583),(793,'Rechazado','2018-07-29 15:28:44',583),(794,'Aprobado','2018-07-29 15:28:46',584),(795,'Rechazado','2018-07-29 15:28:46',584),(796,'Aprobado','2018-07-29 15:28:48',585),(797,'Rechazado','2018-07-29 15:28:48',585),(798,'Aprobado','2018-07-29 15:28:50',586),(799,'Rechazado','2018-07-29 15:28:50',586),(800,'Obstruidos','2018-07-29 15:31:51',591),(801,'Normales','2018-07-29 15:31:55',591),(802,'Obstruidos','2018-07-29 15:32:07',592),(803,'Normales','2018-07-29 15:32:11',592),(804,'SI','2018-07-29 15:32:25',593),(805,'NO','2018-07-29 15:32:27',593),(806,'Aprobado','2018-07-29 15:40:28',599),(807,'Rechazado','2018-07-29 15:40:28',599),(808,'Aprobado','2018-07-29 15:40:33',601),(809,'Rechazado','2018-07-29 15:40:33',601),(810,'Aprobado','2018-07-29 15:40:39',603),(811,'Rechazado','2018-07-29 15:40:39',603),(812,'A-Fijos','2018-07-29 15:43:51',610),(813,'B-Hidraulicos','2018-07-29 15:44:00',610),(814,'Normales:','2018-07-29 15:44:50',611),(815,'Fisurados','2018-07-29 15:44:57',611),(816,'Deformados','2018-07-29 15:45:06',611),(817,'Aprobado','2018-07-29 15:49:39',620),(818,'Rechazado','2018-07-29 15:49:39',620),(831,'Cambiar','2018-07-29 16:01:29',638),(832,'No Cambiar','2018-07-29 16:01:33',638),(833,'Cambiar','2018-07-29 16:03:09',643),(834,'No Cambiar','2018-07-29 16:03:16',643),(835,'Aprobado','2018-07-29 16:06:54',647),(836,'Rechazado','2018-07-29 16:06:54',647),(837,'Aprobado','2018-07-29 16:11:07',649),(838,'Rechazado','2018-07-29 16:11:07',649),(839,'Aprobado','2018-07-29 16:11:32',651),(840,'Rechazado','2018-07-29 16:11:32',651),(841,'Aprobado','2018-07-29 16:18:10',667),(842,'Rechazado','2018-07-29 16:18:10',667),(843,'Aprobado','2018-07-29 16:20:59',671),(844,'Rechazado','2018-07-29 16:20:59',671),(845,'Aprobado','2018-07-29 16:21:11',672),(846,'Rechazado','2018-07-29 16:21:11',672),(847,'Aprobado','2018-07-29 16:21:40',673),(848,'Rechazado','2018-07-29 16:21:40',673),(849,'Aprobado','2018-07-29 16:22:33',674),(850,'Rechazado','2018-07-29 16:22:33',674),(851,'Aprobado','2018-07-29 16:22:41',675),(852,'Rechazado','2018-07-29 16:22:41',675),(853,'Aprobado','2018-07-29 17:28:31',680),(854,'Rechazado','2018-07-29 17:28:31',680),(855,'Aprobado','2018-07-29 17:28:33',681),(856,'Rechazado','2018-07-29 17:28:33',681),(857,'Aprobado','2018-07-29 17:30:06',682),(858,'Rechazado','2018-07-29 17:30:06',682),(859,'Bajas','2018-07-29 17:34:50',686),(860,'Desparejas','2018-07-29 17:34:54',686),(861,'Gastado','2018-07-29 17:35:12',687),(862,'Desparejo','2018-07-29 17:35:17',687),(863,'Aprobado','2018-07-29 17:39:18',697),(864,'Rechazado','2018-07-29 17:39:18',697),(865,'Aprobado','2018-07-29 17:40:17',699),(866,'Reprobado','2018-07-29 17:40:23',699),(867,'Encamisar','2018-07-29 17:40:31',699),(868,'Aprobado','2018-07-29 17:41:33',701),(869,'Rechazado:','2018-07-29 17:41:39',701),(870,'Reconstruir','2018-07-29 17:41:46',701),(871,'Aprobado','2018-07-29 17:52:08',708),(872,'Rechazado','2018-07-29 17:52:08',708),(873,'STD','2018-07-29 18:47:39',710),(874,'Otra Medida','2018-07-29 18:47:53',710),(875,'Fundida','2018-07-29 19:02:00',711),(876,'Fuera de Medida','2018-07-29 19:02:09',711),(877,'STD','2018-07-29 19:04:02',712),(878,'Otra Medida','2018-07-29 19:04:19',712),(879,'STD','2018-07-29 19:04:28',713),(880,'Otra Medida','2018-07-29 19:04:34',713),(881,'STD','2018-07-29 19:04:41',714),(882,'Otra Medida','2018-07-29 19:04:45',714),(883,'STD','2018-07-29 19:04:52',715),(884,'Otra Medida','2018-07-29 19:04:55',715),(885,'STD','2018-07-29 19:05:02',716),(886,'Otra Medida','2018-07-29 19:05:04',716),(887,'STD','2018-07-29 19:05:10',717),(888,'Otra Medida','2018-07-29 19:05:12',717),(889,'STD','2018-07-29 19:05:19',718),(890,'Otra Medida','2018-07-29 19:05:22',718),(891,'STD','2018-07-29 19:05:30',719),(892,'Otra Medida','2018-07-29 19:05:33',719),(893,'STD','2018-07-29 19:05:41',720),(894,'Otra Medida','2018-07-29 19:05:43',720),(895,'STD','2018-07-29 19:05:50',721),(896,'Otra Medida','2018-07-29 19:05:52',721),(899,'Fundida','2018-07-29 19:07:56',722),(900,'Fuera de Medida','2018-07-29 19:08:11',722),(901,'Fundida','2018-07-29 19:08:18',723),(902,'Fuera de Medida','2018-07-29 19:08:32',723),(903,'Fundida','2018-07-29 19:08:41',724),(904,'Fuera de Medida','2018-07-29 19:08:44',724),(905,'Fundida','2018-07-29 19:08:51',725),(906,'Fuera de Medida','2018-07-29 19:08:54',725),(907,'Fundida','2018-07-29 19:09:01',726),(908,'Fuera de Medida','2018-07-29 19:09:05',726),(909,'Fundida','2018-07-29 19:09:14',727),(910,'Fuera de Medida','2018-07-29 19:09:16',727),(911,'Fundida','2018-07-29 19:09:24',728),(912,'Fuera de Medida','2018-07-29 19:09:26',728),(913,'Fundida','2018-07-29 19:09:34',729),(914,'Fuera de Medida','2018-07-29 19:09:36',729),(915,'Fundida','2018-07-29 19:09:43',730),(916,'Fuera de Medida','2018-07-29 19:09:48',730),(917,'Fundida','2018-07-29 19:09:57',731),(918,'Fuera de Medida','2018-07-29 19:10:05',731),(919,'STD','2018-07-29 20:53:45',732),(920,'Otra Medida','2018-07-29 20:53:51',732),(921,'STD','2018-07-29 20:54:03',733),(922,'','2018-07-29 20:54:08',733),(923,'Otra Medida','2018-07-29 20:54:25',733),(924,'STD','2018-07-29 20:54:32',734),(925,'Otra Medida','2018-07-29 20:55:42',734),(926,'STD','2018-07-29 20:55:56',735),(927,'Otra Medida','2018-07-29 20:56:03',735),(928,'STD','2018-07-29 20:56:10',736),(929,'Otra Medida','2018-07-29 20:56:23',736),(930,'STD','2018-07-29 20:56:30',737),(931,'Otra Medida','2018-07-29 20:56:39',737),(932,'STD','2018-07-29 20:57:12',738),(933,'Otra Medida','2018-07-29 20:59:01',738),(934,'STD','2018-07-29 20:59:12',739),(935,'Otra Medida','2018-07-29 20:59:23',739),(936,'STD','2018-07-29 20:59:38',740),(937,'Otra Medida','2018-07-29 20:59:44',740),(938,'STD','2018-07-29 20:59:51',741),(939,'Otra Medida','2018-07-29 20:59:57',741),(940,'STD','2018-07-29 21:00:18',742),(941,'Otra Medida','2018-07-29 21:00:24',742),(942,'STD','2018-07-29 21:00:30',743),(943,'Otra Medida','2018-07-29 21:00:37',743),(944,'STD','2018-07-29 21:00:43',744),(945,'Otra Medida','2018-07-29 21:00:49',744),(946,'STD','2018-07-29 21:00:58',745),(947,'Otra Medida','2018-07-29 21:01:04',745),(948,'STD','2018-07-29 21:01:12',746),(949,'Otra Medida','2018-07-29 21:01:29',746),(950,'STD','2018-07-29 21:01:38',747),(951,'Otra Medida','2018-07-29 21:01:44',747),(952,'STD','2018-07-29 21:01:52',748),(953,'Otra Medida','2018-07-29 21:02:02',748),(954,'Fundida','2018-07-29 21:02:19',749),(955,'Fundida','2018-07-29 21:02:23',750),(956,'Fundida','2018-07-29 21:02:27',751),(957,'Fundida','2018-07-29 21:02:32',752),(958,'Fundida','2018-07-29 21:02:37',753),(959,'Fundida','2018-07-29 21:02:41',754),(960,'','2018-07-29 21:03:34',754),(961,'Fundida','2018-07-29 21:04:24',755),(962,'Fundida','2018-07-29 21:04:30',756),(963,'Fundida','2018-07-29 21:04:34',757),(964,'Fundida','2018-07-29 21:04:39',758),(965,'Fundida','2018-07-29 21:05:35',759),(966,'Fundida','2018-07-29 21:05:40',760),(967,'Fundida','2018-07-29 21:05:45',761),(968,'Fundida','2018-07-29 21:05:50',762),(969,'Fundida','2018-07-29 21:05:54',763),(970,'Fundida','2018-07-29 21:05:59',764),(971,'Fundida','2018-07-29 21:06:04',765),(972,'Fuera de Medida','2018-07-29 21:08:05',749),(973,'Fuera de Medida','2018-07-29 21:08:14',750),(974,'Fuera de Medida','2018-07-29 21:08:21',751),(975,'Fuera de Medida','2018-07-29 21:08:26',752),(976,'Fuera de Medida','2018-07-29 21:08:30',753),(977,'Fuera de Medida','2018-07-29 21:08:37',754),(978,'Fuera de Medida','2018-07-29 21:08:42',755),(979,'Fuera de Medida','2018-07-29 21:08:46',756),(980,'Fuera de Medida','2018-07-29 21:08:51',757),(981,'Fuera de Medida','2018-07-29 21:08:56',758),(982,'Fuera de Medida','2018-07-29 21:11:26',759),(983,'Fuera de Medida','2018-07-29 21:11:30',760),(984,'Fuera de Medida','2018-07-29 21:11:36',761),(985,'Fuera de Medida','2018-07-29 21:11:45',762),(986,'Fuera de Medida','2018-07-29 21:11:49',763),(987,'Fuera de Medida','2018-07-29 21:11:55',764),(988,'Fuera de Medida','2018-07-29 21:12:00',765),(989,'Normal','2018-07-29 21:26:22',766),(990,'Falta de Dureza','2018-07-29 21:26:24',766),(991,'Normal','2018-07-29 21:26:32',767),(992,'Falta de Dureza','2018-07-29 21:26:34',767),(993,'Normal','2018-07-29 21:26:41',768),(994,'Falta de Dureza','2018-07-29 21:26:42',768),(995,'Normal','2018-07-29 21:26:55',769),(996,'Falta de Dureza','2018-07-29 21:26:57',769),(997,'Normal','2018-07-29 21:27:04',770),(998,'Falta de Dureza','2018-07-29 21:27:07',770),(999,'Normal','2018-07-29 21:27:17',771),(1000,'Falta de Dureza','2018-07-29 21:27:19',771),(1001,'Normal','2018-07-29 21:27:26',772),(1002,'Falta de Dureza','2018-07-29 21:27:28',772),(1003,'Normal','2018-07-29 21:27:34',773),(1004,'Falta de Dureza','2018-07-29 21:27:36',773),(1005,'Normal','2018-07-29 21:27:42',774),(1006,'Falta de Dureza','2018-07-29 21:27:44',774),(1007,'Normal','2018-07-29 21:27:50',775),(1008,'Falta de Dureza','2018-07-29 21:27:52',775),(1009,'Normal','2018-07-29 21:35:07',776),(1010,'Falta Dureza','2018-07-29 21:35:16',776),(1011,'Normal','2018-07-29 21:35:26',777),(1012,'Falta Dureza','2018-07-29 21:35:28',777),(1013,'Normal','2018-07-29 21:35:35',778),(1014,'Falta Dureza','2018-07-29 21:35:37',778),(1015,'Normal','2018-07-29 21:35:43',779),(1016,'Falta Dureza','2018-07-29 21:35:49',779),(1017,'Normal','2018-07-29 21:35:58',780),(1018,'Falta Dureza','2018-07-29 21:36:00',780),(1019,'Normal','2018-07-29 21:36:08',781),(1020,'Falta Dureza','2018-07-29 21:36:09',781),(1021,'Normal','2018-07-29 21:36:33',782),(1022,'Falta Dureza','2018-07-29 21:36:35',782),(1023,'Normal','2018-07-29 21:36:46',783),(1024,'Falta Dureza','2018-07-29 21:36:48',783),(1025,'Normal','2018-07-29 21:37:00',784),(1026,'Falta Dureza','2018-07-29 21:37:02',784),(1027,'Normal','2018-07-29 21:37:07',785),(1028,'Falta Dureza','2018-07-29 21:37:09',785),(1029,'Normal','2018-07-29 21:37:17',786),(1030,'Falta Dureza','2018-07-29 21:37:18',786),(1031,'Normal','2018-07-29 21:37:27',787),(1032,'Falta Dureza','2018-07-29 21:37:29',787),(1033,'Normal','2018-07-29 21:38:41',788),(1034,'Falta Dureza','2018-07-29 21:38:43',788),(1035,'Normal','2018-07-29 21:38:49',789),(1036,'Falta Dureza','2018-07-29 21:38:52',789),(1037,'Normal','2018-07-29 21:39:17',790),(1038,'Falta Dureza','2018-07-29 21:39:19',790),(1039,'Normal','2018-07-29 21:39:27',791),(1040,'Falta Dureza','2018-07-29 21:39:28',791),(1041,'Normal','2018-07-29 21:39:33',792),(1042,'Falta Dureza','2018-07-29 21:39:35',792),(1043,'Normal','2018-07-29 21:44:16',793),(1044,'Falta de Radio','2018-07-29 21:44:24',793),(1045,'Normal','2018-07-29 21:44:30',794),(1046,'Falta de Radio','2018-07-29 21:44:32',794),(1047,'Normal','2018-07-29 21:45:05',795),(1048,'Falta de Radio','2018-07-29 21:45:07',795),(1049,'Normal','2018-07-29 21:45:16',796),(1050,'Falta de Radio','2018-07-29 21:45:18',796),(1051,'Normal','2018-07-29 21:45:23',797),(1052,'Falta de Radio','2018-07-29 21:45:24',797),(1053,'Normal','2018-07-29 21:45:29',798),(1054,'Falta de Radio','2018-07-29 21:45:31',798),(1055,'Normal','2018-07-29 21:45:36',799),(1056,'Falta de Radio','2018-07-29 21:45:38',799),(1057,'Normal','2018-07-29 21:45:52',800),(1058,'Falta de Radio','2018-07-29 21:45:53',800),(1059,'Normal','2018-07-29 21:45:58',801),(1060,'Falta de Radio','2018-07-29 21:46:01',801),(1061,'Normal','2018-07-29 21:46:10',802),(1062,'Falta de Radio','2018-07-29 21:46:13',802),(1063,'Normal','2018-07-29 21:46:19',803),(1064,'Falta de Radio','2018-07-29 21:46:21',803),(1065,'Normal','2018-07-29 23:11:04',804),(1066,'Normal','2018-07-29 23:11:09',805),(1067,'Normal','2018-07-29 23:11:13',806),(1068,'Normal','2018-07-29 23:11:18',807),(1069,'Normal','2018-07-29 23:11:24',808),(1070,'Normal','2018-07-29 23:11:52',809),(1071,'Normal','2018-07-29 23:11:56',810),(1072,'Normal','2018-07-29 23:12:08',811),(1073,'Normal','2018-07-29 23:12:15',812),(1074,'Normal','2018-07-29 23:12:20',813),(1075,'Normal','2018-07-29 23:12:24',814),(1076,'Normal','2018-07-29 23:12:29',815),(1077,'Normal','2018-07-29 23:12:33',816),(1078,'Normal','2018-07-29 23:12:38',817),(1079,'Normal','2018-07-29 23:12:42',818),(1080,'Normal','2018-07-29 23:12:46',819),(1081,'Normal','2018-07-29 23:12:55',820),(1082,'Falta de Radio','2018-07-29 23:13:17',804),(1083,'Falta de Radio','2018-07-29 23:13:22',805),(1084,'Falta de Radio','2018-07-29 23:13:26',806),(1085,'Falta de Radio','2018-07-29 23:13:30',807),(1086,'Falta de Radio','2018-07-29 23:13:34',808),(1087,'Falta de Radio','2018-07-29 23:13:38',809),(1088,'Falta de Radio','2018-07-29 23:13:42',810),(1089,'Falta de Radio','2018-07-29 23:13:46',811),(1090,'Falta de Radio','2018-07-29 23:13:52',812),(1091,'Falta de Radio','2018-07-29 23:13:57',813),(1092,'Falta de Radio','2018-07-29 23:14:01',814),(1093,'Falta de Radio','2018-07-29 23:14:05',815),(1094,'Falta de Radio','2018-07-29 23:14:09',816),(1095,'Falta de Radio','2018-07-29 23:14:13',817),(1096,'Falta de Radio','2018-07-29 23:14:17',818),(1097,'Falta de Radio','2018-07-29 23:14:22',819),(1098,'Falta de Radio','2018-07-29 23:14:25',820),(1099,'Aprobado','2018-07-29 23:15:29',822),(1100,'Rechazado','2018-07-29 23:15:29',822),(1101,'Aprobado','2018-07-29 23:15:32',823),(1102,'Rechazado','2018-07-29 23:15:32',823),(1103,'Aprobado','2018-07-29 23:24:54',826),(1104,'Rechazado','2018-07-29 23:24:54',826),(1105,'Aprobado','2018-07-29 23:25:25',829),(1106,'Rechazado','2018-07-29 23:25:25',829),(1107,'Aprobado','2018-07-29 23:32:14',834),(1108,'Rechazado','2018-07-29 23:32:14',834),(1109,'Aprobado','2018-07-29 23:32:40',837),(1110,'Rechazado','2018-07-29 23:32:40',837),(1111,'Aprobado','2018-07-29 23:38:42',865),(1112,'Rechazado','2018-07-29 23:38:42',865),(1113,'Aprobado','2018-07-29 23:43:17',867),(1114,'Rechazado','2018-07-29 23:43:17',867),(1115,'Aprobado','2018-07-29 23:43:50',870),(1116,'Rechazado','2018-07-29 23:43:50',870),(1200,'Importado','2018-07-31 14:31:56',1210),(1201,'Nacional','2018-07-31 14:32:02',1210),(1202,'Importado','2018-07-31 14:42:35',1234),(1203,'Nacional','2018-07-31 14:42:39',1234),(1204,'Rectificado','2018-07-31 14:50:44',1237),(1205,'Encamisado (*)','2018-07-31 14:50:55',1237),(1208,'Nuevo ','2018-07-31 15:31:39',1275),(1209,'Usado','2018-07-31 15:31:50',1275),(1212,'','2018-07-31 15:45:00',1281),(1213,'Nueva','2018-07-31 15:48:27',1285),(1214,'Usada','2018-07-31 15:48:30',1285),(1215,'Nuevo ','2018-07-31 15:55:03',1291),(1216,'Usado:','2018-07-31 15:55:07',1291),(1219,'Nueva:','2018-07-31 16:16:47',1315),(1220,'Usada','2018-07-31 16:16:54',1315),(1229,'Si','2018-07-31 18:17:06',1379),(1230,'No','2018-07-31 18:17:08',1379),(1231,'Bueno','2018-07-31 18:17:45',1381),(1232,'Malo','2018-07-31 18:17:49',1381),(1233,'Nuevo','2018-07-31 18:17:55',1381),(1234,'Si ','2018-07-31 18:18:36',1382),(1235,'No','2018-07-31 18:18:38',1382),(1236,'Bueno','2018-07-31 18:18:44',1384),(1237,'Malo','2018-07-31 18:18:46',1384),(1238,'Nuevo','2018-07-31 18:18:53',1384),(1239,'Si','2018-07-31 18:19:41',1385),(1240,'No','2018-07-31 18:19:44',1385),(1241,'Bueno','2018-07-31 18:20:07',1387),(1242,'Malo','2018-07-31 18:20:12',1387),(1243,'Nuevo','2018-07-31 18:20:16',1387),(1244,'Si','2018-07-31 18:21:39',1388),(1245,'No','2018-07-31 18:21:42',1388),(1246,'Bueno','2018-07-31 18:21:48',1390),(1247,'Malo','2018-07-31 18:21:51',1390),(1248,'Nuevo','2018-07-31 18:21:56',1390),(1249,'Si','2018-07-31 18:22:19',1391),(1250,'No','2018-07-31 18:22:21',1391),(1251,'Bueno','2018-07-31 18:22:43',1393),(1252,'Malo','2018-07-31 18:22:48',1393),(1253,'Nuevo','2018-07-31 18:22:53',1393),(1254,'Si','2018-07-31 18:23:16',1394),(1255,'No','2018-07-31 18:23:19',1394),(1256,'Bueno','2018-07-31 18:23:52',1396),(1257,'Malo','2018-07-31 18:23:56',1396),(1258,'Nuevo','2018-07-31 18:24:01',1396),(1259,'Si','2018-07-31 18:25:19',1397),(1260,'No','2018-07-31 18:25:21',1397),(1261,'Bueno','2018-07-31 18:25:25',1399),(1262,'Malo','2018-07-31 18:25:29',1399),(1263,'Normal','2018-07-31 18:25:33',1399),(1264,'Si','2018-07-31 18:26:00',1400),(1265,'No','2018-07-31 18:26:02',1400),(1267,'Bueno','2018-07-31 18:26:28',1402),(1268,'Malo','2018-07-31 18:26:32',1402),(1269,'Nuevo','2018-07-31 18:26:44',1402),(1270,'Si','2018-07-31 18:27:30',1403),(1271,'No','2018-07-31 18:27:35',1403),(1272,'Bueno','2018-07-31 18:27:40',1405),(1273,'Malo','2018-07-31 18:27:43',1405),(1274,'Normal','2018-07-31 18:27:46',1405),(1275,'Si','2018-07-31 18:28:12',1406),(1276,'No','2018-07-31 18:28:14',1406),(1277,'Bueno','2018-07-31 18:28:34',1408),(1278,'Malo','2018-07-31 18:28:36',1408),(1279,'Nuevo','2018-07-31 18:28:39',1408),(1280,'Si','2018-07-31 18:29:54',1409),(1281,'No','2018-07-31 18:29:56',1409),(1282,'Bueno','2018-07-31 18:30:03',1411),(1283,'Malo','2018-07-31 18:30:06',1411),(1284,'Nuevo','2018-07-31 18:30:10',1411),(1285,'Si','2018-07-31 18:30:38',1412),(1286,'No','2018-07-31 18:30:41',1412),(1287,'Bueno ','2018-07-31 18:30:58',1414),(1288,'Malo','2018-07-31 18:31:01',1414),(1289,'Nuevo','2018-07-31 18:31:05',1414),(1290,'Si','2018-07-31 18:32:18',1415),(1291,'No','2018-07-31 18:32:20',1415),(1292,'Bueno','2018-07-31 18:32:38',1417),(1293,'Malo','2018-07-31 18:32:41',1417),(1294,'Nuevo','2018-07-31 18:32:44',1417),(1295,'Si','2018-07-31 18:33:25',1418),(1296,'No','2018-07-31 18:33:28',1418),(1297,'Bueno','2018-07-31 18:33:32',1420),(1298,'Malo','2018-07-31 18:33:35',1420),(1299,'Nuevo','2018-07-31 18:33:40',1420),(1300,'Si','2018-07-31 18:34:15',1421),(1301,'No','2018-07-31 18:34:18',1421),(1302,'Bueno','2018-07-31 18:34:22',1423),(1303,'Malo','2018-07-31 18:34:25',1423),(1304,'Nuevo','2018-07-31 18:34:33',1423),(1305,'Si','2018-07-31 18:47:30',1433),(1306,'No','2018-07-31 18:47:33',1433),(1307,'Bueno','2018-07-31 18:47:43',1435),(1308,'Malo','2018-07-31 18:47:48',1435),(1309,'Nuevo','2018-07-31 18:47:52',1435),(1310,'Si','2018-07-31 18:49:39',1436),(1311,'No','2018-07-31 18:49:41',1436),(1312,'Bueno','2018-07-31 18:49:46',1438),(1313,'Malo','2018-07-31 18:49:50',1438),(1314,'Nuevo','2018-07-31 18:49:55',1438),(1315,'Si','2018-07-31 18:50:25',1439),(1316,'No','2018-07-31 18:50:27',1439),(1317,'Bueno','2018-07-31 18:50:56',1441),(1318,'Malo','2018-07-31 18:50:59',1441),(1319,'Nuevo','2018-07-31 18:51:02',1441),(1320,'Si','2018-07-31 18:53:16',1442),(1321,'No','2018-07-31 18:53:18',1442),(1322,'Bueno','2018-07-31 18:53:29',1444),(1323,'Malo','2018-07-31 18:53:32',1444),(1324,'Nuevo','2018-07-31 18:53:35',1444),(1325,'Si','2018-07-31 18:54:02',1445),(1326,'No','2018-07-31 18:54:05',1445),(1327,'Bueno','2018-07-31 18:54:26',1447),(1328,'Malo','2018-07-31 18:54:29',1447),(1329,'Nuevo','2018-07-31 18:54:32',1447),(1330,'Si','2018-07-31 18:55:20',1448),(1331,'No','2018-07-31 18:55:23',1448),(1332,'Bueno','2018-07-31 18:55:27',1450),(1333,'Malo','2018-07-31 18:55:33',1450),(1334,'Nuevo','2018-07-31 18:55:38',1450),(1335,'Si','2018-07-31 18:56:18',1451),(1336,'No','2018-07-31 18:56:21',1451),(1337,'Bueno','2018-07-31 18:56:50',1453),(1338,'Malo','2018-07-31 18:56:53',1453),(1339,'Normal','2018-07-31 18:56:56',1453),(1340,'Si','2018-07-31 18:57:45',1454),(1341,'No','2018-07-31 18:57:47',1454),(1342,'Bueno','2018-07-31 18:57:53',1456),(1343,'Malo','2018-07-31 18:57:56',1456),(1344,'Nuevo','2018-07-31 18:58:00',1456),(1345,'Si','2018-07-31 18:59:01',1457),(1346,'No','2018-07-31 18:59:03',1457),(1347,'Bueno','2018-07-31 18:59:10',1459),(1348,'Malo','2018-07-31 18:59:13',1459),(1349,'Normal','2018-07-31 18:59:16',1459),(1350,'Si','2018-07-31 18:59:52',1460),(1351,'No','2018-07-31 18:59:54',1460),(1352,'Bueno','2018-07-31 18:59:58',1462),(1353,'Malo','2018-07-31 19:00:00',1462),(1354,'Normal','2018-07-31 19:00:04',1462),(1355,'Si','2018-07-31 19:00:25',1463),(1356,'No','2018-07-31 19:00:29',1463),(1357,'Bueno','2018-07-31 19:00:53',1465),(1358,'Malo','2018-07-31 19:00:56',1465),(1359,'Normal','2018-07-31 19:00:59',1465),(1360,'Si','2018-07-31 19:01:38',1466),(1361,'No','2018-07-31 19:01:40',1466),(1362,'Bueno','2018-07-31 19:02:09',1468),(1363,'Malo','2018-07-31 19:02:13',1468),(1364,'Normal','2018-07-31 19:02:17',1468),(1365,'Si','2018-07-31 19:11:32',1469),(1366,'No','2018-07-31 19:11:38',1469),(1367,'Bueno','2018-07-31 19:11:42',1471),(1368,'Malo','2018-07-31 19:11:44',1471),(1369,'Nuevo','2018-07-31 19:11:52',1471),(1370,'Bueno','2018-07-31 19:12:43',1474),(1371,'Malo','2018-07-31 19:12:45',1474),(1372,'Nuevo','2018-07-31 19:12:48',1474),(1373,'Si','2018-07-31 19:13:28',1475),(1374,'No','2018-07-31 19:13:31',1475),(1375,'Bueno','2018-07-31 19:13:39',1477),(1376,'Malo','2018-07-31 19:13:42',1477),(1377,'Nuevo','2018-07-31 19:13:47',1477),(1378,'Si','2018-07-31 19:14:50',1478),(1379,'No','2018-07-31 19:14:52',1478),(1380,'Bueno','2018-07-31 19:14:57',1480),(1381,'Malo','2018-07-31 19:15:00',1480),(1382,'Nuevo','2018-07-31 19:15:04',1480),(1383,'Si','2018-07-31 19:15:39',1481),(1384,'No','2018-07-31 19:15:41',1481),(1385,'Bueno','2018-07-31 19:16:09',1483),(1386,'Malo','2018-07-31 19:16:11',1483),(1387,'Nuevo','2018-07-31 19:16:14',1483),(1388,'Si','2018-07-31 19:17:40',1484),(1389,'No','2018-07-31 19:17:42',1484),(1390,'Bueno','2018-07-31 19:17:46',1486),(1391,'Malo','2018-07-31 19:17:48',1486),(1392,'Nuevo','2018-07-31 19:17:54',1486),(1393,'Si','2018-07-31 19:23:46',1496),(1394,'No','2018-07-31 19:23:48',1496),(1395,'Bueno','2018-07-31 19:23:54',1498),(1396,'Malo','2018-07-31 19:23:56',1498),(1397,'Nuevo','2018-07-31 19:23:59',1498),(1398,'Si','2018-07-31 19:25:15',1499),(1399,'No','2018-07-31 19:25:17',1499),(1400,'Bueno','2018-07-31 19:25:21',1501),(1401,'Malo','2018-07-31 19:25:23',1501),(1402,'Nuevo','2018-07-31 19:25:27',1501),(1403,'Si','2018-07-31 19:26:11',1502),(1404,'No','2018-07-31 19:26:13',1502),(1405,'Bueno','2018-07-31 19:26:18',1504),(1406,'Malo','2018-07-31 19:26:21',1504),(1407,'Nuevo','2018-07-31 19:26:24',1504),(1408,'Si ','2018-07-31 19:29:11',1507),(1409,'No','2018-07-31 19:29:13',1507),(1410,'Bueno','2018-07-31 19:29:25',1509),(1411,'Malo','2018-07-31 19:29:31',1509),(1412,'Normal','2018-07-31 19:29:34',1509),(1413,'Si','2018-07-31 19:30:12',1510),(1414,'No','2018-07-31 19:30:14',1510),(1415,'Bueno','2018-07-31 19:30:19',1512),(1416,'Malo','2018-07-31 19:30:22',1512),(1417,'Normal','2018-07-31 19:30:25',1512),(1418,'Si','2018-07-31 19:31:00',1513),(1419,'No','2018-07-31 19:31:03',1513),(1420,'Bueno','2018-07-31 19:31:07',1515),(1421,'Malo','2018-07-31 19:31:12',1515),(1422,'Normal','2018-07-31 19:31:15',1515),(1423,'Si','2018-07-31 19:32:09',1516),(1424,'No','2018-07-31 19:32:12',1516),(1425,'Bueno','2018-07-31 19:32:17',1518),(1426,'Malo','2018-07-31 19:32:20',1518),(1427,'Nuevo','2018-07-31 19:32:27',1518),(1428,'Si','2018-07-31 19:32:47',1519),(1429,'No','2018-07-31 19:32:50',1519),(1430,'Bueno','2018-07-31 19:33:20',1522),(1431,'Malo','2018-07-31 19:33:23',1522),(1432,'Nuevo','2018-07-31 19:33:27',1522),(1433,'Si','2018-07-31 19:33:56',1523),(1434,'No','2018-07-31 19:33:58',1523),(1435,'Bueno','2018-07-31 19:34:14',1525),(1436,'Malo','2018-07-31 19:34:16',1525),(1438,'Nuevo','2018-07-31 19:34:19',1525),(1441,'Si','2018-07-31 19:34:59',1526),(1442,'No','2018-07-31 19:35:02',1526),(1443,'Bueno','2018-07-31 19:35:47',1530),(1444,'Malo','2018-07-31 19:35:50',1530),(1445,'Nuevo','2018-07-31 19:35:53',1530),(1446,'Si','2018-07-31 19:36:21',1531),(1447,'No','2018-07-31 19:36:23',1531),(1448,'Bueno','2018-07-31 19:36:50',1533),(1449,'Malo','2018-07-31 19:36:53',1533),(1450,'Nuevo','2018-07-31 19:36:58',1533),(1451,'Si','2018-07-31 19:37:21',1534),(1452,'No','2018-07-31 19:37:22',1534),(1453,'Bueno','2018-07-31 19:38:05',1536),(1454,'Malo','2018-07-31 19:38:08',1536),(1455,'Nuevo','2018-07-31 19:38:17',1536),(1456,'Si','2018-07-31 19:39:46',1537),(1457,'No','2018-07-31 19:39:48',1537),(1458,'Bueno','2018-07-31 19:40:13',1539),(1459,'Malo','2018-07-31 19:40:17',1539),(1460,'Nuevo','2018-07-31 19:40:21',1539),(1461,'Si','2018-07-31 19:41:13',1540),(1462,'No','2018-07-31 19:41:17',1540),(1463,'Bueno','2018-07-31 19:41:22',1542),(1464,'Malo','2018-07-31 19:41:25',1542),(1465,'Nuevo','2018-07-31 19:41:28',1542),(1466,'Si','2018-07-31 19:42:15',1545),(1467,'No','2018-07-31 19:42:17',1545),(1468,'Bueno','2018-07-31 19:42:33',1547),(1469,'Malo','2018-07-31 19:42:36',1547),(1470,'Nuevo','2018-07-31 19:42:43',1547),(1471,'Si','2018-07-31 19:43:20',1548),(1472,'No','2018-07-31 19:43:23',1548),(1473,'Bueno','2018-07-31 19:43:27',1550),(1474,'Malo','2018-07-31 19:43:30',1550),(1475,'Nuevo','2018-07-31 19:43:41',1550),(1476,'Si','2018-07-31 19:44:22',1551),(1477,'No','2018-07-31 19:44:24',1551),(1478,'Bueno','2018-07-31 19:44:28',1553),(1479,'Malo','2018-07-31 19:44:31',1553),(1480,'Nuevo','2018-07-31 19:44:34',1553),(1481,'Si','2018-07-31 19:45:56',1554),(1482,'No','2018-07-31 19:45:59',1554),(1483,'Bueno','2018-07-31 19:46:04',1556),(1484,'Malo','2018-07-31 19:46:07',1556),(1485,'Nuevo','2018-07-31 19:46:10',1556),(1486,'Si','2018-07-31 19:46:30',1557),(1487,'No','2018-07-31 19:46:33',1557),(1488,'Bueno ','2018-07-31 19:47:03',1559),(1489,'Malo','2018-07-31 19:47:05',1559),(1490,'Nuevo','2018-07-31 19:47:16',1559),(1491,'Si','2018-07-31 19:48:09',1560),(1492,'No','2018-07-31 19:48:12',1560),(1493,'Bueno','2018-07-31 19:48:17',1562),(1494,'Malo','2018-07-31 19:48:22',1562),(1495,'Nuevo','2018-07-31 19:48:27',1562),(1496,'Si','2018-07-31 19:49:15',1563),(1497,'No','2018-07-31 19:49:17',1563),(1498,'Bueno','2018-07-31 19:49:21',1565),(1499,'Malo','2018-07-31 19:49:24',1565),(1500,'Nuevo','2018-07-31 19:49:28',1565),(1501,'Si','2018-07-31 19:50:10',1566),(1502,'No','2018-07-31 19:50:12',1566),(1503,'Bueno','2018-07-31 19:50:16',1568),(1504,'Malo','2018-07-31 19:50:19',1568),(1506,'Nuevo','2018-07-31 19:50:25',1568),(1507,'Si','2018-07-31 19:50:48',1569),(1508,'No','2018-07-31 19:50:49',1569),(1509,'Bueno','2018-07-31 19:51:10',1571),(1510,'Malo','2018-07-31 19:51:12',1571),(1511,'Nuevo','2018-07-31 19:51:15',1571),(1512,'Si ','2018-07-31 19:51:38',1572),(1513,'No','2018-07-31 19:51:41',1572),(1514,'Bueno','2018-07-31 19:52:06',1574),(1515,'Malo','2018-07-31 19:52:09',1574),(1516,'Nuevo','2018-07-31 19:52:12',1574),(1517,'Si','2018-07-31 19:52:31',1575),(1518,'No','2018-07-31 19:52:38',1575),(1519,'Bueno','2018-07-31 19:52:55',1577),(1520,'Malo','2018-07-31 19:52:57',1577),(1521,'Nuevo','2018-07-31 19:53:01',1577),(1522,'Si ','2018-07-31 19:54:05',1578),(1523,'No','2018-07-31 19:54:09',1578),(1524,'Bueno','2018-07-31 19:54:42',1580),(1525,'Malo','2018-07-31 19:54:44',1580),(1526,'Nuevo','2018-07-31 19:54:48',1580),(1527,'Si','2018-07-31 20:10:22',1630),(1528,'No','2018-07-31 20:10:26',1630),(1529,'Si','2018-07-31 20:10:33',1629),(1530,'No','2018-07-31 20:10:36',1629),(1531,'Si','2018-07-31 20:10:43',1628),(1532,'No','2018-07-31 20:10:46',1628),(1533,'Si','2018-07-31 20:10:51',1627),(1534,'No','2018-07-31 20:10:55',1627),(1535,'Si','2018-07-31 20:11:05',1626),(1536,'No','2018-07-31 20:11:07',1626),(1537,'Si','2018-07-31 20:11:11',1625),(1538,'No','2018-07-31 20:11:17',1625),(1539,'Si','2018-07-31 20:11:22',1624),(1540,'No','2018-07-31 20:11:25',1624),(1541,'Si','2018-07-31 20:11:37',1623),(1542,'No','2018-07-31 20:11:40',1623),(1543,'Si','2018-07-31 20:11:45',1622),(1544,'No','2018-07-31 20:11:47',1622),(1545,'Si','2018-07-31 20:11:51',1621),(1546,'No','2018-07-31 20:11:54',1621),(1547,'Si','2018-07-31 20:12:03',1620),(1548,'No','2018-07-31 20:12:05',1620),(1549,'Si','2018-07-31 20:12:12',1619),(1550,'No','2018-07-31 20:12:17',1619),(1551,'Si','2018-07-31 20:12:24',1618),(1552,'No','2018-07-31 20:12:27',1618),(1553,'Si','2018-07-31 20:12:34',1617),(1554,'No','2018-07-31 20:12:38',1617),(1555,'Si','2018-07-31 20:12:45',1616),(1556,'No','2018-07-31 20:12:47',1616),(1557,'Si','2018-07-31 20:12:57',1615),(1558,'No','2018-07-31 20:12:59',1615),(1559,'Si','2018-07-31 20:13:04',1614),(1560,'No','2018-07-31 20:13:07',1614),(1561,'Si','2018-07-31 20:13:12',1613),(1562,'No','2018-07-31 20:13:16',1613),(1563,'Si','2018-07-31 20:13:23',1612),(1564,'No','2018-07-31 20:13:26',1612),(1565,'Si','2018-07-31 20:13:33',1611),(1566,'No','2018-07-31 20:13:37',1611),(1567,'Si','2018-07-31 20:13:46',1610),(1568,'No','2018-07-31 20:13:48',1610),(1569,'Si','2018-07-31 20:13:52',1609),(1570,'No','2018-07-31 20:13:57',1609),(1571,'Si','2018-07-31 20:14:02',1608),(1572,'No','2018-07-31 20:14:04',1608),(1573,'Si','2018-07-31 20:14:08',1607),(1574,'No','2018-07-31 20:14:09',1607),(1575,'Si','2018-07-31 20:14:15',1606),(1576,'No','2018-07-31 20:14:18',1606),(1577,'Si','2018-07-31 20:14:24',1605),(1578,'No','2018-07-31 20:14:28',1605),(1579,'Si','2018-07-31 20:14:32',1604),(1580,'No','2018-07-31 20:14:36',1604),(1581,'Si','2018-07-31 20:14:43',1603),(1582,'No','2018-07-31 20:14:45',1603),(1583,'Si','2018-07-31 20:14:51',1602),(1584,'No','2018-07-31 20:14:53',1602),(1585,'Si','2018-07-31 20:15:00',1601),(1586,'No','2018-07-31 20:15:02',1601),(1587,'Si','2018-07-31 20:15:08',1600),(1588,'No','2018-07-31 20:15:10',1600),(1589,'Si','2018-07-31 20:15:14',1599),(1590,'No','2018-07-31 20:15:17',1599),(1591,'Si','2018-07-31 20:15:22',1598),(1592,'No','2018-07-31 20:15:24',1598),(1593,'Si','2018-07-31 20:15:27',1597),(1594,'No','2018-07-31 20:15:30',1597),(1595,'Si','2018-07-31 20:15:33',1596),(1596,'No','2018-07-31 20:15:38',1596),(1598,'Bueno','2018-08-03 17:48:10',1666),(1599,'Malo','2018-08-03 17:48:13',1666),(1600,'Nuevo','2018-08-03 17:48:17',1666),(1601,'Bueno','2018-08-03 17:48:57',1667),(1602,'Malo','2018-08-03 17:49:00',1667),(1603,'Nuevo','2018-08-03 17:49:04',1667),(1604,'Bueno','2018-08-03 17:49:12',1668),(1605,'Malo','2018-08-03 17:49:14',1668),(1606,'Nuevo','2018-08-03 17:49:18',1668),(1607,'Bueno','2018-08-03 17:49:42',1669),(1608,'Malo','2018-08-03 17:49:46',1669),(1609,'Nuevo','2018-08-03 17:49:51',1669),(1610,'Bueno','2018-08-03 17:49:57',1670),(1611,'Malo','2018-08-03 17:50:03',1670),(1612,'Nuevo','2018-08-03 17:50:07',1670),(1613,'Bueno','2018-08-03 17:50:16',1671),(1614,'Malo','2018-08-03 17:50:20',1671),(1615,'Nuevo','2018-08-03 17:50:24',1671),(1616,'Bueno ','2018-08-03 17:50:31',1672),(1617,'Malo','2018-08-03 17:50:34',1672),(1618,'Nuevo','2018-08-03 17:50:40',1672),(1619,'Bueno','2018-08-03 17:50:46',1673),(1620,'Malo','2018-08-03 17:50:49',1673),(1621,'Nuevo','2018-08-03 17:50:53',1673),(1622,'Bueno','2018-08-03 17:51:04',1674),(1623,'Malo','2018-08-03 17:51:07',1674),(1624,'Nuevo','2018-08-03 17:51:09',1674),(1625,'Bueno','2018-08-03 17:51:15',1675),(1626,'Malo','2018-08-03 17:51:18',1675),(1627,'Nuevo','2018-08-03 17:51:22',1675),(1628,'Bueno','2018-08-03 17:51:27',1676),(1629,'Malo','2018-08-03 17:51:30',1676),(1630,'Nuevo','2018-08-03 17:51:34',1676),(1631,'Bueno','2018-08-03 17:51:48',1677),(1632,'Malo','2018-08-03 17:51:50',1677),(1633,'Nuevo','2018-08-03 17:51:55',1677),(1634,'Bueno','2018-08-03 17:52:04',1678),(1635,'Malo','2018-08-03 17:52:06',1678),(1636,'Nuevo','2018-08-03 17:52:09',1678),(1637,'Bueno','2018-08-03 17:52:14',1679),(1638,'Malo','2018-08-03 17:52:18',1679),(1639,'Nuevo','2018-08-03 17:52:21',1679),(1640,'Bueno','2018-08-03 17:52:26',1680),(1641,'Malo','2018-08-03 17:52:30',1680),(1642,'Nuevo','2018-08-03 17:52:33',1680),(1643,'Bueno','2018-08-03 17:52:38',1681),(1644,'Malo','2018-08-03 17:52:43',1681),(1645,'Nuevo','2018-08-03 17:52:46',1681),(1646,'Bueno','2018-08-03 17:52:58',1682),(1647,'Malo','2018-08-03 17:53:01',1682),(1648,'Nuevo','2018-08-03 17:53:04',1682),(1649,'Bueno','2018-08-03 17:53:13',1683),(1650,'Malo','2018-08-03 17:53:19',1683),(1651,'Nuevo','2018-08-03 17:53:24',1683),(1652,'Bueno ','2018-08-03 17:53:55',1684),(1653,'Malo','2018-08-03 17:53:58',1684),(1654,'Nuevo','2018-08-03 17:54:02',1684),(1655,'Bueno','2018-08-03 17:55:06',1685),(1656,'Malo','2018-08-03 17:55:09',1685),(1657,'Nuevo','2018-08-03 17:55:13',1685),(1658,'Bueno','2018-08-03 17:55:21',1686),(1659,'Malo','2018-08-03 17:55:25',1686),(1660,'Nuevo','2018-08-03 17:55:30',1686),(1661,'Bueno','2018-08-03 17:55:38',1687),(1662,'Malo','2018-08-03 17:55:45',1687),(1663,'Nuevo','2018-08-03 17:55:49',1687),(1664,'Bueno','2018-08-03 17:56:05',1688),(1665,'Malo','2018-08-03 17:56:07',1688),(1666,'Nuevo','2018-08-03 17:56:11',1688),(1667,'Bueno ','2018-08-03 17:56:18',1689),(1668,'Malo','2018-08-03 17:56:21',1689),(1669,'Nuevo','2018-08-03 17:56:26',1689),(1670,'Bueno','2018-08-03 17:56:34',1690),(1671,'Malo','2018-08-03 17:56:37',1690),(1672,'Nuevo','2018-08-03 17:56:42',1690),(1673,'Bueno','2018-08-03 17:56:47',1691),(1674,'Malo','2018-08-03 17:56:50',1691),(1675,'Nuevo','2018-08-03 17:56:53',1691),(1676,'Bueno','2018-08-03 17:56:59',1692),(1677,'Malo','2018-08-03 17:57:03',1692),(1678,'Nuevo','2018-08-03 17:57:06',1692),(1679,'Bueno','2018-08-03 17:57:11',1693),(1680,'Malo','2018-08-03 17:57:14',1693),(1681,'Nuevo','2018-08-03 17:57:18',1693),(1682,'Bueno','2018-08-03 17:57:25',1694),(1683,'Malo','2018-08-03 17:57:29',1694),(1684,'Nuevo','2018-08-03 17:57:31',1694),(1685,'Bueno','2018-08-03 17:57:56',1695),(1686,'Malo','2018-08-03 17:57:59',1695),(1687,'Nuevo','2018-08-03 17:58:08',1695),(1688,'Bueno','2018-08-03 17:58:12',1696),(1689,'Malo','2018-08-03 17:58:16',1696),(1690,'Nuevo','2018-08-03 17:58:24',1696),(1691,'Bueno','2018-08-03 17:58:29',1697),(1692,'Malo','2018-08-03 17:58:32',1697),(1693,'Nuevo','2018-08-03 17:58:35',1697),(1694,'Bueno','2018-08-03 17:58:42',1698),(1695,'Malo','2018-08-03 17:58:46',1698),(1696,'Nuevo','2018-08-03 17:58:56',1698),(1697,'Bueno','2018-08-03 17:59:04',1699),(1698,'Malo','2018-08-03 17:59:08',1699),(1699,'Nuevo','2018-08-03 17:59:11',1699),(1700,'Bueno','2018-08-03 17:59:17',1700),(1701,'Malo','2018-08-03 17:59:23',1700),(1702,'Nuevo','2018-08-03 17:59:26',1700),(1703,'Aprobado','2018-08-03 19:40:00',850),(1704,'Rechazado','2018-08-03 19:40:04',850),(1705,'Aprobado','2018-08-03 19:40:23',851),(1706,'Rechazado','2018-08-03 19:40:30',851),(1707,'Aprobado','2018-08-03 19:40:42',852),(1708,'Rechazado','2018-08-03 19:40:48',852),(1709,'Aprobado','2018-08-03 19:40:58',853),(1710,'Rechazado','2018-08-03 19:41:04',853),(1711,'Aprobado','2018-08-03 19:41:11',854),(1712,'Rechazado','2018-08-03 19:41:17',854),(1713,'Aprobado','2018-08-03 19:41:26',855),(1714,'Rechazado','2018-08-03 19:41:30',855),(1715,'Aprobado','2018-08-03 19:41:38',856),(1716,'Rechazado','2018-08-03 19:41:43',856),(1717,'Aprobado','2018-08-03 19:41:50',857),(1718,'Rechazado','2018-08-03 19:41:56',857),(1719,'Aprobado','2018-08-03 19:42:02',858),(1720,'Rechazado','2018-08-03 19:42:06',858),(1721,'Aprobado','2018-08-03 19:42:12',859),(1722,'Rechazado','2018-08-03 19:42:16',859),(1723,'Aprobado','2018-08-03 19:42:22',860),(1724,'Rechazado','2018-08-03 19:42:27',860),(2023,'Si','2018-08-07 15:23:48',2047),(2024,'No','2018-08-07 15:23:50',2047),(2025,'Si','2018-08-07 15:24:26',2049),(2026,'No','2018-08-07 15:24:28',2049),(2027,'Si','2018-08-07 15:25:22',2051),(2028,'No','2018-08-07 15:25:26',2051),(2029,'Si','2018-08-07 15:33:26',2053),(2030,'No','2018-08-07 15:33:29',2053),(2031,'Nuevo','2018-08-07 15:33:59',2055),(2032,'Usado','2018-08-07 15:34:03',2055),(2033,'Si','2018-08-07 15:35:25',2056),(2034,'No','2018-08-07 15:35:27',2056),(2035,'Si','2018-08-07 15:36:19',2059),(2036,'No','2018-08-07 15:36:21',2059),(2037,'Si','2018-08-07 15:37:05',2061),(2038,'No','2018-08-07 15:37:07',2061),(2039,'Si','2018-08-07 15:38:05',2063),(2040,'No','2018-08-07 15:38:07',2063),(2041,'Si','2018-08-07 15:39:44',2065),(2042,'No','2018-08-07 15:39:46',2065),(2043,'Nuevo ','2018-08-07 15:40:07',2067),(2044,'Usado','2018-08-07 15:40:10',2067),(2045,'Si','2018-08-07 15:41:59',2068),(2046,'No','2018-08-07 15:42:01',2068),(2047,'Nuevo','2018-08-07 15:42:20',2070),(2048,'Usado','2018-08-07 15:42:23',2070),(2049,'Si','2018-08-07 15:43:55',2071),(2050,'No','2018-08-07 15:43:57',2071),(2051,'Si','2018-08-07 15:46:21',2073),(2052,'No','2018-08-07 15:46:23',2073),(2053,'Si','2018-08-07 15:47:11',2075),(2054,'No','2018-08-07 15:47:13',2075),(2055,'Nuevo','2018-08-07 15:47:41',2077),(2056,'Usado','2018-08-07 15:47:44',2077),(2057,'Si','2018-08-07 15:48:05',2078),(2058,'No','2018-08-07 15:48:09',2078),(2059,'Nuevo','2018-08-07 15:48:48',2080),(2060,'Usado','2018-08-07 15:48:51',2080),(2061,'Si','2018-08-07 15:49:15',2081),(2062,'No','2018-08-07 15:49:17',2081),(2063,'Ok','2018-08-07 16:27:30',2084),(2064,'No corresponde','2018-08-07 16:27:37',2084),(2065,'Ok','2018-08-07 16:28:40',2086),(2067,'No corresponde','2018-08-07 16:29:04',2086),(2068,'Ok','2018-08-07 16:29:55',2088),(2069,'No corresponde','2018-08-07 16:30:01',2088),(2070,'Ok','2018-08-07 16:31:51',2090),(2071,'No corresponde','2018-08-07 16:31:55',2090),(2072,'Ok','2018-08-07 16:32:29',2093),(2073,'No corresponde','2018-08-07 16:32:35',2093),(2074,'Ok','2018-08-07 16:33:43',2095),(2075,'No corresponde','2018-08-07 16:33:48',2095),(2076,'Ok','2018-08-07 16:34:48',2097),(2077,'No corresponde','2018-08-07 16:34:56',2097),(2078,'Ok','2018-08-07 16:35:44',2099),(2079,'No corresponde','2018-08-07 16:35:52',2099),(2080,'Ok','2018-08-07 16:36:36',2102),(2081,'No corresponde','2018-08-07 16:36:44',2102),(2082,'Ok','2018-08-07 18:31:10',2104),(2083,'No corresponde','2018-08-07 18:31:17',2104),(2084,'Ok','2018-08-07 18:31:52',2106),(2085,'No corresponde','2018-08-07 18:32:08',2106),(2086,'Ok','2018-08-07 18:36:04',2108),(2087,'No corresponde','2018-08-07 18:36:11',2108),(2088,'Ok','2018-08-07 18:45:02',2110),(2089,'No corresponde','2018-08-07 18:57:55',2110),(2090,'Ok','2018-08-07 19:13:26',2112),(2091,'No corresponde','2018-08-07 19:13:32',2112),(2092,'Ok','2018-08-07 19:14:05',2114),(2093,'No corresponde','2018-08-07 19:14:17',2114),(2094,'Ok','2018-08-07 19:17:21',2117),(2095,'No corresponde','2018-08-07 19:17:27',2117),(2096,'Ok','2018-08-07 19:47:35',2119),(2097,'No corresponde','2018-08-07 19:47:50',2119),(2098,'Ok','2018-08-07 19:49:14',2121),(2099,'No corresponde','2018-08-07 19:49:21',2121),(2100,'Ok','2018-08-07 19:51:00',2123),(2101,'No corresponde','2018-08-07 19:51:17',2123),(2102,'Ok','2018-08-07 19:51:45',2125),(2103,'No corresponde','2018-08-07 19:51:50',2125),(2104,'Ok','2018-08-07 19:53:32',2127),(2105,'No corresponde','2018-08-07 19:53:40',2127),(2106,'Ok','2018-08-07 19:55:27',2129),(2107,'No corresponde','2018-08-07 19:55:33',2129),(2108,'Ok','2018-08-07 19:56:04',2131),(2109,'No corresponde','2018-08-07 19:56:14',2131),(2110,'Ok','2018-08-07 19:57:40',2133),(2111,'No corresponde','2018-08-07 19:57:50',2133),(2112,'Ok','2018-08-07 20:00:47',2135),(2113,'No corresponde','2018-08-07 20:02:07',2135),(2114,'Ok','2018-08-07 20:03:05',2137),(2115,'No corresponde','2018-08-07 20:03:12',2137),(2116,'Ok','2018-08-07 20:03:52',2139),(2117,'No corresponde','2018-08-07 20:03:58',2139),(2118,'Ok','2018-08-07 20:04:34',2141),(2119,'No corresponde','2018-08-07 20:04:39',2141),(2120,'Ok','2018-08-07 20:05:19',2143),(2121,'No corresponde','2018-08-07 20:05:24',2143),(2124,'Ok','2018-08-08 15:06:03',2148),(2125,'No Ok','2018-08-08 15:06:08',2148),(2126,'Ok','2018-08-08 15:07:14',2150),(2127,'No Ok','2018-08-08 15:07:18',2150),(2128,'Ok','2018-08-08 15:12:35',2152),(2129,'No Ok','2018-08-08 15:12:38',2152),(2130,'Ok','2018-08-08 15:13:54',2154),(2131,'No Ok','2018-08-08 15:14:00',2154),(2132,'Ok','2018-08-08 15:15:09',2156),(2133,'No Ok','2018-08-08 15:15:14',2156),(2134,'Ok','2018-08-08 15:16:12',2158),(2135,'No Ok','2018-08-08 15:16:18',2158),(2136,'Ok','2018-08-08 15:25:12',2160),(2137,'No Ok','2018-08-08 15:25:15',2160),(2138,'Ok','2018-08-08 15:25:59',2162),(2139,'No Ok','2018-08-08 15:26:02',2162),(2140,'Ok','2018-08-08 15:26:52',2164),(2141,'No Ok','2018-08-08 15:26:56',2164),(2142,'Ok','2018-08-08 15:28:45',2166),(2143,'No Ok','2018-08-08 15:28:50',2166),(2144,'Ok','2018-08-08 15:31:54',2169),(2145,'No Ok','2018-08-08 15:31:58',2169),(2146,'Ok','2018-08-08 15:32:47',2171),(2147,'No Ok','2018-08-08 15:32:56',2171),(2148,'Ok','2018-08-08 15:33:56',2173),(2149,'No Ok','2018-08-08 15:34:06',2173),(2150,'Ok','2018-08-08 15:39:11',2175),(2151,'No Ok','2018-08-08 15:39:14',2175),(2152,'Ok','2018-08-08 15:42:49',2177),(2153,'No Ok:','2018-08-08 15:42:54',2177),(2154,'Ok','2018-08-08 15:45:57',2179),(2155,'No Ok','2018-08-08 15:46:04',2179),(2156,'Ok','2018-08-08 15:46:48',2181),(2157,'No Ok','2018-08-08 15:46:52',2181),(2158,'Ok','2018-08-08 15:48:04',2183),(2160,'No Ok','2018-08-08 15:48:13',2183),(2161,'Ok','2018-08-08 15:49:18',2185),(2162,'No Ok','2018-08-08 15:49:23',2185),(2163,'Ok','2018-08-08 15:50:39',2187),(2164,'No Ok','2018-08-08 15:50:42',2187),(2165,'Ok','2018-08-08 15:59:32',2189),(2166,'No Ok','2018-08-08 15:59:38',2189),(2167,'Ok','2018-08-08 16:06:02',2191),(2168,'No Ok','2018-08-08 16:06:08',2191),(2169,'Ok','2018-08-08 16:06:57',2193),(2170,'No Ok','2018-08-08 16:07:00',2193),(2171,'Ok','2018-08-08 16:07:31',2195),(2172,'No Ok','2018-08-08 16:07:36',2195),(2173,'Ok','2018-08-08 16:08:21',2197),(2174,'No Ok','2018-08-08 16:08:26',2197),(2175,'Ok','2018-08-08 16:09:25',2199),(2176,'','2018-08-08 16:09:25',2199),(2177,'No Ok','2018-08-08 16:09:32',2199),(2178,'Ok','2018-08-08 16:10:11',2201),(2179,'No Ok','2018-08-08 16:10:16',2201),(2180,'Ok','2018-08-08 16:15:47',2203),(2181,'No Ok','2018-08-08 16:15:52',2203),(2182,'Ok','2018-08-08 16:23:16',2207),(2183,'No Ok','2018-08-08 16:23:28',2207),(2184,'Ok','2018-08-08 17:00:05',2209),(2185,'No Ok','2018-08-08 17:00:11',2209),(2186,'Ok','2018-08-08 17:03:10',2211),(2187,'No Ok','2018-08-08 17:03:16',2211),(2188,'Ok','2018-08-08 17:07:52',2213),(2189,'No Ok','2018-08-08 17:07:59',2213),(2190,'Ok ','2018-08-08 17:09:53',2215),(2191,'No Ok','2018-08-08 17:09:58',2215),(2192,'Ok','2018-08-08 17:10:05',2216),(2193,'No Ok','2018-08-08 17:10:10',2216),(2194,'Ok','2018-08-08 17:10:16',2217),(2195,'No Ok','2018-08-08 17:10:22',2217),(2196,'Ok','2018-08-08 17:10:29',2218),(2197,'No Ok','2018-08-08 17:10:35',2218),(2198,'Ok','2018-08-08 17:42:15',2223),(2199,'No Ok','2018-08-08 17:42:21',2223),(2200,'Ok','2018-08-08 17:45:34',2225),(2201,'No Ok','2018-08-08 17:45:38',2225),(2202,'Ok','2018-08-08 17:47:28',2227),(2203,'No Ok','2018-08-08 17:47:33',2227),(2204,'Ok','2018-08-08 17:50:11',2229),(2205,'No Ok','2018-08-08 17:50:16',2229),(2206,'Ok','2018-08-08 18:00:28',2231),(2207,'No Ok','2018-08-08 18:00:44',2231),(2208,'Ok','2018-08-08 18:01:58',2233),(2209,'No Ok','2018-08-08 18:02:02',2233),(2210,'Ok','2018-08-08 18:04:47',2235),(2211,'No Ok','2018-08-08 18:04:51',2235),(2212,'Ok','2018-08-08 18:19:44',2237),(2213,'No Ok','2018-08-08 18:19:48',2237),(2214,'Ok','2018-08-08 18:20:23',2239),(2215,'No Ok','2018-08-08 18:20:26',2239),(2216,'Ok','2018-08-08 18:21:03',2241),(2217,'No Ok','2018-08-08 18:21:06',2241),(2218,'Ok','2018-08-08 18:21:42',2243),(2219,'No Ok','2018-08-08 18:21:46',2243),(2220,'Ok','2018-08-08 18:24:20',2245),(2221,'No Ok','2018-08-08 18:24:27',2245),(2222,'Ok','2018-08-08 18:34:14',2247),(2223,'No Ok','2018-08-08 18:34:21',2247),(2224,'Ok','2018-08-08 18:57:19',2249),(2225,'No Ok','2018-08-08 18:57:22',2249),(2226,'Ok','2018-08-08 18:58:52',2251),(2227,'No Ok','2018-08-08 18:58:56',2251),(2228,'Ok','2018-08-08 18:59:47',2253),(2230,'No Ok','2018-08-08 18:59:52',2253),(2231,'Ok','2018-08-08 19:01:26',2255),(2232,'No Ok','2018-08-08 19:01:30',2255),(2233,'Ok','2018-08-08 19:05:11',2257),(2234,'No Ok','2018-08-08 19:05:16',2257),(2235,'Ok','2018-08-08 19:07:06',2259),(2236,'No Ok','2018-08-08 19:07:13',2259),(2237,'Ok','2018-08-08 19:10:18',2261),(2238,'No Ok','2018-08-08 19:10:23',2261),(2239,'Ok','2018-08-08 19:21:31',2263),(2240,'No Ok','2018-08-08 19:21:35',2263),(2241,'Ok','2018-08-08 19:22:29',2265),(2242,'No Ok','2018-08-08 19:22:33',2265),(2243,'Ok','2018-08-08 19:23:23',2267),(2244,'No Ok','2018-08-08 19:23:26',2267),(2245,'Ok','2018-08-08 19:24:09',2269),(2246,'No Ok','2018-08-08 19:24:13',2269),(2247,'Ok','2018-08-08 19:26:45',2271),(2248,'No Ok','2018-08-08 19:26:48',2271),(2249,'Ok','2018-08-08 19:27:32',2273),(2250,'No Ok','2018-08-08 19:27:36',2273),(2251,'Ok','2018-08-08 19:28:59',2275),(2252,'No Ok','2018-08-08 19:29:03',2275),(2253,'Ok','2018-08-08 19:34:53',2277),(2254,'No Ok','2018-08-08 19:35:00',2277),(2255,'Ok','2018-08-08 19:37:17',2279),(2256,'No Ok','2018-08-08 19:37:25',2279),(2257,'Ok','2018-08-08 19:38:55',2281),(2258,'No Ok','2018-08-08 19:39:09',2281),(2259,'Ok','2018-08-08 19:40:44',2283),(2262,'No Ok','2018-08-08 19:40:51',2283),(2263,'Ok','2018-08-08 19:42:42',2285),(2264,'No Ok','2018-08-08 19:42:47',2285),(2265,'Ok','2018-08-08 19:44:21',2287),(2266,'No Ok','2018-08-08 19:44:23',2287),(2267,'Ok','2018-08-08 19:45:36',2289),(2268,'No Ok','2018-08-08 19:45:41',2289),(2269,'Ok','2018-08-11 23:38:26',2297),(2270,'No Ok','2018-08-11 23:38:31',2297),(2271,'Ok ','2018-08-11 23:38:37',2296),(2272,'No Ok','2018-08-11 23:38:42',2296),(2273,'Ok','2018-08-11 23:38:48',2295),(2274,'No Ok','2018-08-11 23:38:52',2295),(2275,'Ok','2018-08-11 23:38:58',2294),(2276,'No Ok','2018-08-11 23:39:03',2294),(2277,'Ok','2018-08-11 23:39:09',2293),(2278,'No Ok','2018-08-11 23:39:13',2293),(2279,'Ok','2018-08-11 23:39:18',2292),(2280,'No Ok','2018-08-11 23:39:23',2292),(2281,'Ok','2018-08-11 23:39:29',2291),(2282,'No Ok','2018-08-11 23:39:35',2291),(2283,'Ok','2018-08-13 03:12:57',2309),(2284,'No Ok','2018-08-13 03:13:01',2309),(2286,'Ok','2018-08-13 03:13:43',2310),(2287,'No Ok','2018-08-13 03:13:49',2310),(2288,'Ok','2018-08-13 03:13:59',2311),(2289,'No Ok','2018-08-13 03:14:06',2311),(2290,'Ok','2018-08-13 03:14:14',2313),(2291,'No Ok','2018-08-13 03:14:23',2313),(2292,'Ok','2018-08-13 03:14:29',2314),(2293,'No Ok','2018-08-13 03:14:35',2314),(2294,'Ok','2018-08-13 03:15:33',2315),(2295,'No Ok','2018-08-13 03:15:38',2315),(2296,'Ok','2018-08-13 03:15:45',2316),(2297,'No Ok','2018-08-13 03:15:53',2316),(2298,'Ok','2018-08-13 03:20:17',2324),(2299,'No Ok','2018-08-13 03:20:21',2324),(2300,'Ok ','2018-08-13 03:20:28',2325),(2301,'No Ok','2018-08-13 03:20:35',2325),(2302,'Ok','2018-08-13 03:21:07',2326),(2303,'No Ok','2018-08-13 03:21:11',2326),(2304,'Ok','2018-08-13 03:21:17',2327),(2305,'No Ok','2018-08-13 03:21:24',2327),(2306,'Ok ','2018-08-13 03:21:30',2328),(2307,'No Ok','2018-08-13 03:21:36',2328),(2308,'Ok','2018-08-13 03:21:43',2329),(2309,'No Ok','2018-08-13 03:21:49',2329),(2310,'Ok','2018-08-13 03:28:43',2336),(2311,'No Ok','2018-08-13 03:28:50',2336),(2312,'Ok ','2018-08-13 03:28:59',2337),(2313,'No Ok ','2018-08-13 03:29:04',2337),(2314,'Ok ','2018-08-13 03:29:11',2338),(2315,'No Ok ','2018-08-13 03:29:17',2338),(2316,'Ok ','2018-08-13 03:29:22',2339),(2317,'No Ok ','2018-08-13 03:29:30',2339),(2318,'Ok ','2018-08-13 03:30:17',2340),(2319,'No Ok ','2018-08-13 03:30:23',2340),(2320,'Ok ','2018-08-13 03:30:30',2341),(2321,'No Ok ','2018-08-13 03:30:36',2341),(2322,'Ok ','2018-08-13 03:30:44',2342),(2323,'No Ok ','2018-08-13 03:30:49',2342),(2324,'Ok ','2018-08-13 03:30:55',2343),(2325,'No Ok ','2018-08-13 03:30:58',2343),(2326,'Ok ','2018-08-13 03:31:22',2344),(2327,'No Ok ','2018-08-13 03:31:27',2344);
/*!40000 ALTER TABLE `frm_valores_validos` ENABLE KEYS */;
UNLOCK TABLES;

--
-- Table structure for table `grupo`
--

DROP TABLE IF EXISTS `grupo`;
/*!40101 SET @saved_cs_client     = @@character_set_client */;
/*!40101 SET character_set_client = utf8 */;
CREATE TABLE `grupo` (
  `id_grupo` int(10) NOT NULL AUTO_INCREMENT,
  `descripcion` varchar(50) CHARACTER SET latin1 NOT NULL,
  `estado` varchar(5) COLLATE utf8_spanish_ci NOT NULL,
  `id_empresa` int(11) NOT NULL,
  PRIMARY KEY (`id_grupo`)
) ENGINE=InnoDB AUTO_INCREMENT=4 DEFAULT CHARSET=utf8 COLLATE=utf8_spanish_ci;
/*!40101 SET character_set_client = @saved_cs_client */;

--
-- Dumping data for table `grupo`
--

LOCK TABLES `grupo` WRITE;
/*!40000 ALTER TABLE `grupo` DISABLE KEYS */;
INSERT INTO `grupo` VALUES (1,'Grupo 1','AC',6),(2,'Autoelevadores','AC',6),(3,'No aplica','AC',6);
/*!40000 ALTER TABLE `grupo` ENABLE KEYS */;
UNLOCK TABLES;

--
-- Table structure for table `herramientas`
--

DROP TABLE IF EXISTS `herramientas`;
/*!40101 SET @saved_cs_client     = @@character_set_client */;
/*!40101 SET character_set_client = utf8 */;
CREATE TABLE `herramientas` (
  `herrId` int(11) NOT NULL AUTO_INCREMENT,
  `herrcodigo` varchar(255) NOT NULL DEFAULT '',
  `herrmarca` varchar(255) DEFAULT NULL,
  `modid` int(10) DEFAULT NULL,
  `tipoid` int(10) DEFAULT NULL,
  `equip_estad` varchar(4) DEFAULT NULL,
  `herrdescrip` varchar(255) DEFAULT NULL,
  `depositoId` int(11) DEFAULT NULL,
  `id_empresa` int(11) NOT NULL,
  PRIMARY KEY (`herrId`),
  UNIQUE KEY `1` (`herrcodigo`) USING BTREE,
  KEY `depositoId` (`depositoId`)
) ENGINE=InnoDB AUTO_INCREMENT=180 DEFAULT CHARSET=latin1;
/*!40101 SET character_set_client = @saved_cs_client */;

--
-- Dumping data for table `herramientas`
--

LOCK TABLES `herramientas` WRITE;
/*!40000 ALTER TABLE `herramientas` DISABLE KEYS */;
INSERT INTO `herramientas` VALUES (1,'herramienta 1','modelo 1',1,NULL,'AN','descripcion 1',4,6),(4,'HR-TT-Organizador Tornillos','Organizador tornillos - Stanley',1,NULL,'AC','HR-TT-Organizador Tornillos',1,6),(5,'HR-TT-Escalera 7 peldaños','Escalera 7 peldaño - Ayinco',1,NULL,'TR','HR-TT-Escalera 7 peldaños',1,6),(6,'HR-TT-Mascara facial','Mascara facial',2,NULL,'AC','HR-TT-Mascara facial',1,6),(7,'HR-TT-Prot Audit-Vincha','Protector auditivo copa tipo vincha',1,NULL,'AC','HR-TT-Prot Audit-Vincha',1,6),(8,'HR-TT-Llave combinada 10mm','Llave combinada 10mm',3,NULL,'AC','HR-TT-Llave combinada 10mm',1,6),(9,'HR-TT-Llave combinada 13mm','Llave combinada 13mm',1,NULL,'TR','HR-TT-Llave combinada 13mm',1,6),(10,'HR-TT-Llave combinada 15mm','Llave combinada 13mm',1,NULL,'AC','HR-TT-Llave combinada 15mm',1,6),(11,'HR-TT-Llave combinada 17mm','Llave combinada 17mm',1,NULL,'AC','HR-TT-Llave combinada 17mm',1,6),(12,'HR-TT-Llave combinada 7/16\"','Llave combinada 7/16\"',1,NULL,'AC','HR-TT-Llave combinada 7/16\"',1,6),(13,'HR-TT-Llave combinada 9/16\"','Llave combinada 9/16\"',1,NULL,'AC','HR-TT-Llave combinada 9/16\"',1,6),(14,'HR-TT-Destornillador de puño philips','Destornillador de puño philips - Bulit',1,NULL,'AC','HR-TT-Destornillador de puño philips',1,6),(15,'HR-TT-Llave Francesa 30mm','Llave Francesa 30mm',1,NULL,'TR','HR-TT-Llave Francesa 30mm',1,6),(16,'HR-TT-Cinta métrica de 5 m ','Cinta métrica de 5 m ',1,NULL,'AC','HR-TT-Cinta métrica de 5 m ',1,6),(17,'HR-OFA-Linterna','Linterna',1,NULL,'TR','HR-OFA-Linterna',1,6),(18,'HR-OFA-Arco de sierra','Arco de sierra',1,NULL,'AC','HR-OFA-Arco de sierra',1,6),(19,'HR-OFA-Extractor de poleas 150 mm','Extractor de poleas 150 mm',1,NULL,'AC','HR-OFA-Extractor de poleas 150 mm',1,6),(20,'HR-OFA-Alargues','Alargues',1,NULL,'AC','HR-OFA-Alargues',1,6),(21,'HR-OFE-Espatula chica','Espatula chica',1,NULL,'AC','HR-OFE-Espatula chica',1,6),(22,'HR-OFE-Espatulas medianas','Espatulas medianas',1,NULL,'AC','HR-OFE-Espatulas medianas',1,6),(23,'HR-OFE-Barretines de 0,80 y 0,90 negro, naranja','barretines de 0,80 y 0,90 negro, naranja',1,NULL,'AC','HR-OFE-Barretines de 0,80 y 0,90 negro, naranja',1,6),(24,'HR-OFE-Arnés','Arnés',1,NULL,'TR','HR-OFE-Arnés',1,6),(25,'HR-OFE-Llanas','Llanas',1,NULL,'AC','HR-OFE-Llanas',1,6),(26,'HR-OFE-Llana dentada','Llana dentada',1,NULL,'AC','HR-OFE-Llana dentada',1,6),(27,'HR-OFE-Balde de Albañil','Balde de Albañil',1,NULL,'AC','HR-OFE-Balde de Albañil',1,6),(28,'HR-OFE-Anchada','Anchada',1,NULL,'AC','HR-OFE-Anchada',1,6),(29,'HR-OFE-Bota de goma','Bota de goma',1,NULL,'AC','HR-OFE-Bota de goma',1,6),(31,'HR-ODE-Boquilla para termofusión 4\"','Boquilla para termofusión 4\"',1,NULL,'AC','HR-ODE-Boquilla para termofusión 4\"',1,6),(32,'HR-ODE-Boquilla para termofusión 2,5\"','Boquilla para termofusión 2,5\"',1,NULL,'AC','HR-ODE-Boquilla para termofusión 2,5\"',1,6),(33,'HR-ODE-Boquilla para termofusión 80mm','Boquilla para termofusión 80mm',1,NULL,'AC','HR-ODE-Boquilla para termofusión 80mm',1,6),(34,'HR-ODE-Boquilla para termofusión 2\"','Boquilla para termofusión 2\"',1,NULL,'AC','HR-ODE-Boquilla para termofusión 2\"',1,6),(37,'HR-ODE-Boquilla para termofusión 3/4\"','Boquilla para termofusión 3/4\"',1,NULL,'AC','HR-ODE-Boquilla para termofusión 3/4\"',1,6),(39,'HR-ODE-Termofusora 1','Termofusora 1',1,NULL,'AC','HR-ODE-Termofusora 1',1,6),(40,'HR-ODE-Termofusora 1600w','Termofusora 1600w',1,NULL,'AC','HR-ODE-Termofusora 1600w',1,6),(41,'HR-ODE-Boquilla para termofusión 75mm','Boquilla para termofusión 75mm',1,NULL,'AC','HR-ODE-Boquilla para termofusión 75mm',1,6),(42,'HR-ODE-Boquilla para termofusión 90mm','Boquilla para termofusión 90mm',1,NULL,'AC','HR-ODE-Boquilla para termofusión 90mm',1,6),(43,'HR-ODE-Boquilla para termofusión 110mm','Boquilla para termofusión 110mm',1,NULL,'AC','HR-ODE-Boquilla para termofusión 110mm',1,6),(44,'HR-OVI-TermoAnemómetro ','TermoAnemómetro ',1,NULL,'AC','HR-OVI-TermoAnemómetro ',1,6),(45,'HR-OVI-Termometro infrarojo','Termometro infrarojo',1,NULL,'AC','HR-OVI-Termometro infrarojo',1,6),(46,'HR-OVI-Pinza extractora de fusible NH','Pinza extractora de fusible NH',1,NULL,'AC','HR-OVI-Pinza extractora de fusible NH',1,6),(47,'HR-OVI-Pinza amperometrica con puntas','Pinza amperometrica con puntas',1,NULL,'AC','HR-OVI-Pinza amperometrica con puntas',1,6),(48,'HR-OVI- Soldador Cautín 30w','Soldador Cautín 30w',1,NULL,'AC','HR-OVI- Soldador Cautín 30w',1,6),(49,'HR-OFE-Multimetro con puntas','Multimetro con puntas',1,NULL,'AC','HR-OFE-Multimetro con puntas',1,6),(50,'HR-TTA-Pértiga DPA 3 KV','Pértiga DPA 3 KV',1,NULL,'AC','HR-TTA-Pértiga DPA 3 KV',1,6),(51,'HR-OVI-Detector de metál ','Detector de metál ',1,NULL,'AC','HR-OVI-Detector de metál ',1,6),(52,'HR-OVI-Programador de variador vel.','Programador de variador vel.',1,NULL,'AC','HR-OVI-Programador de variador vel.',1,6),(53,'HR-OVI-Pinza amp con puntas','Pinza amp con puntas',1,NULL,'AC','HR-OVI-Pinza amp con puntas',1,6),(54,'HR-OFA-Caja de llaves tubos medidas chicas(completa)','Caja de llaves tubos medidas chicas(completa)',1,NULL,'AC','HR-OFA-Caja de llaves tubos medidas chicas(completa)',1,6),(55,'HR-OFA-Caja de llaves tubos medidas grandes(completa)','Caja de llaves tubos medidas grandes(completa)',1,NULL,'AC','HR-OFA-Caja de llaves tubos medidas grandes(completa)',1,6),(56,'HR-OFA-Caja de mechas(12,16,20mm y 1/2\")','Caja de mechas(12,16,20mm y 1/2\")',1,NULL,'AC','HR-OFA-Caja de mechas(12,16,20mm y 1/2\")',1,6),(57,'HR-OFA-Amoladora 4,5\" 840w 9557 HP','Amoladora 4,5\" 840w 9557 HP',1,NULL,'AC','HR-OFA-Amoladora 4,5\" 840w 9557 HP',1,6),(58,'HR-OFA-Llave Stillson 36\"','Llave Stillson 36\"',1,NULL,'AC','HR-OFA-Llave Stillson 36\"',1,6),(59,'HR-OFA-Pistola de calor','Pistola de calor',1,NULL,'AC','HR-OFA-Pistola de calor',1,6),(60,'HR-OFA-Serrucho 24\"','Serrucho 24\"',1,NULL,'AC','HR-OFA-Serrucho 24\"',1,6),(61,'HR-OFA-Atornillador ? 13 con bateria ','Atornillador ? 13 con bateria ',1,NULL,'AC','HR-OFA-Atornillador ? 13 con bateria ',1,6),(63,'HR-OFA-Atornillador  13 con bateria ','Atornillador  13 con bateria ',1,NULL,'AC','HR-OFA-Atornillador  13 con bateria ',1,6),(64,'HR-OFA-Llave Inglesa 22\"','Llave Inglesa 22\"',1,NULL,'AC','HR-OFA-Llave Inglesa 22\"',1,6),(65,'HR-OFA-Rotomartillo con mandril y llave','Rotomartillo con mandril y llave',1,NULL,'AC','HR-OFA-Rotomartillo con mandril y llave',1,6),(66,'HR-ODE-Extractor de poleas 400 mm','Extractor de poleas 400 mm',1,NULL,'AC','HR-ODE-Extractor de poleas 400 mm',1,6),(67,'HR-OFE-Espatulas grandes','Espatulas grandes',1,NULL,'AC','HR-OFE-Espatulas grandes',1,6),(68,'HR-OFE-Soplete para colocar membrana','Soplete para colocar membrana',1,NULL,'AC','HR-OFE-Soplete para colocar membrana',1,6),(69,'HR-OFE-Cola de vida ','Cola de vida ',1,NULL,'AC','HR-OFE-Cola de vida ',1,6),(73,'HR-OFE-Serrucho para corte en durlock','Serrucho para corte en durlock',1,NULL,'AC','HR-OFE-Serrucho para corte en durlock',1,6),(74,'HR-OFE-Llana de durlock','Llana de durlock',1,NULL,'AC','HR-OFE-Llana de durlock',1,6),(75,'HR-OFE-Fratacho','Fratacho',1,NULL,'TR','HR-OFE-Fratacho',1,6),(76,'HR-OFE-Cortafierro','Cortafierro',1,NULL,'AC','HR-OFE-Cortafierro',1,6),(77,'HR-OFE-Mazo mediano','Mazo mediano',1,NULL,'AC','HR-OFE-Mazo mediano',1,6),(78,'HR-OFE-Cuchara mediana de albañil','Cuchara mediana de albañil',1,NULL,'AC','HR-OFE-Cuchara mediana de albañil',1,6),(79,'HR-OFE-Cuchara grande de albañil','Cuchara grande de albañil',1,NULL,'AC','HR-OFE-Cuchara grande de albañil',1,6),(80,'HR-OFE-Chocla','Chocla',1,NULL,'AC','HR-OFE-Chocla',1,6),(81,'HR-OFE-Martelina','Martelina',1,NULL,'AC','HR-OFE-Martelina',1,6),(82,'HR-OFE-Bomba de combustible','Bomba de combustible',1,NULL,'AC','HR-OFE-Bomba de combustible',1,6),(83,'HR-OFE-Grasera','Grasera',1,NULL,'AC','HR-OFE-Grasera',1,6),(86,'A-Hormigonera','azul',1,NULL,'AC','A-Hormigonera',NULL,6),(87,'w80','989',1,NULL,'AC','w80',NULL,6),(89,'HVLL-TT-MANIFOLD','',1,NULL,'AC','MANOMETRO DE GASES REFRIGERANTE',2,6),(90,'HVLL-TT','SSP',1,NULL,'TR','Agujereadora de mano eléctrica 13 mm con percutor',3,6),(91,'2334343242','ssss',0,NULL,'AC','Taladro',1,6),(93,'1001','IRIMO',-1,NULL,'AC','Caja de tubos 3/4´',0,7),(95,'CJ 01 ','METALICA ',19,NULL,'AC','CAJA DE HERRAMIENTAS ',4,7),(96,'CJ 02 ','COMPLETA ',23,NULL,'AC','CAJA DE HERRAMIENTAS ',4,7),(97,'CJ 03','ENCASTRE 3/4 ',24,NULL,'AC','CAJA DE TUBOS ',4,7),(98,'CJ O4 ','PLASTICA CHICA ',33,NULL,'AC','CAJA DE HERRAMIENTAS ',4,7),(99,'CJ 05 ','ALTA Y BAJA ',32,NULL,'AC','CAJA CON MANOMETROS DE CARGA DE A/C',4,7),(100,'LLVF 01','450MM',35,NULL,'AC','LLAVE FRANCESA',4,7),(101,'LLST 01','PINZA ',35,NULL,'AC',' STILSON ',4,7),(103,'LLIN 01','REGULABLE',20,NULL,'AC','LLAVE INGLESA',4,7),(105,'LLCO 01','COMBINADA 36MM',20,NULL,'AC','LLAVE ',4,7),(115,'110','modelo 2',25,NULL,'AC','descrip 2',5,7),(126,'MR01','Encastre 1/2',3,NULL,'AC','Mango de fuerza',2,6),(137,'','',-1,NULL,'AC','',-1,7),(139,'MF 01','Encastre 1/2',35,NULL,'AC','Mango de fuerza ',4,7),(140,'LLBO 01 ','DE BOCA',35,NULL,'AC','LLAVE 60MM',4,7),(141,'PNZ 01','PICO DE LORO ',30,NULL,'AC','PINZA ',4,7),(142,'PNZ 02','DE FUERZA ',29,NULL,'AC','PINZA ',4,7),(143,'LLCO 02','CONVINADA',35,NULL,'AC','LLAVE 3/4 ',4,7),(144,'LLCO 03 ','COMBINADA ',27,NULL,'AC','LLAVE 14MM',4,7),(145,'LLCO  04','COMBINADA ',24,NULL,'AC','LLAVE 10MM',4,7),(146,'LLBO 02 ','DE BOCA ',26,NULL,'AC','LLAVE',4,7),(147,'LLCO 05','COMBINADA ',21,NULL,'AC','LLAVE  18MM',4,7),(148,'LLCO06','COMBINADA',35,NULL,'AC','LLAVE 11/16',4,7),(149,'LLCU 01','TIPO C',21,NULL,'AC','LLAVE 17MM-13MM',4,7),(150,'DS P 01','Plano ',27,NULL,'AC','Destornillador ',4,7),(151,'DS PH 01','Philips ',35,NULL,'AC','Destornillador ',4,7),(152,'LLALM 01 ','ALEM',35,NULL,'AC','JUEGO DE LLAVES',4,7),(153,'LLCO 08 ','Combinada',28,NULL,'AC','Llave 8MM',4,7),(154,'PNZS 01','Zeguer recta ',32,NULL,'AC','Pinza',4,7),(155,'PNZS 02','Zeguers curva ',32,NULL,'AC','Pinza',4,7),(156,'PNZ 03','De  punta ',32,NULL,'AC','Pinza',4,7),(157,'PLC 01 ','Encastre 1/2 ',27,NULL,'AC','Palanca ',4,7),(158,'LLCO 09','Combinada',21,NULL,'AC','Llave 3/4 ',4,7),(159,'TST 01','Pinza',25,NULL,'AC','Tester ',4,7),(160,'HD 01 ','EP 450 S ',22,NULL,'TR','Handye ',4,7),(161,'HD 2 ','EP450 S ',22,NULL,'AC','Handye ',4,7),(162,'TB 01 ','Encastre 1/2 ',21,NULL,'AC','TUBO 32 MM',4,7),(163,'TBAL 01 ','ALEM ',32,NULL,'AC','TUBO 14MM',4,7),(164,'MT 01','De mano ',32,NULL,'AC','Masa de 10 kg ',4,7),(165,'MT 02 ','De mano',32,NULL,'AC','Martillo ',4,7),(166,'PNZ 04 ','Amarilla con negro ',36,NULL,'AC','Pinza',4,7),(167,'LIM 01 ','Plana ',35,NULL,'AC','Lima ',4,7),(168,'TR 01','Cuter ',27,NULL,'AC','Trincheta ',4,7),(169,'LLVF 02','Francesa 30mm',21,NULL,'AC','Llave',4,7),(170,'LLCO 10 ','Combinada ',20,NULL,'AC','LLAVE 15/16 ',4,7),(171,'LLCO 11','Combinada',35,NULL,'AC','Llave 24mm',4,7),(172,'LLCO 12','Combinada ',27,NULL,'AC','Llave 17mm ',4,7),(173,'LLALM 02 ','Alem',32,NULL,'AC','Llave 4mm',4,7),(175,'0002019','2019',1,NULL,'AN','nueva herramienta ',2,6),(176,'01','modelo test',29,NULL,'AN','descr test',9,7),(177,'030303030','modelo 1',11,NULL,'AN','nueva herramienta',1,6),(178,'0012','sas',1,NULL,'AN','herra-22',4,6),(179,'0000111','Modelo 01',3,NULL,'TR','prueba 01',4,6);
/*!40000 ALTER TABLE `herramientas` ENABLE KEYS */;
UNLOCK TABLES;

--
-- Table structure for table `historial_lecturas`
--

DROP TABLE IF EXISTS `historial_lecturas`;
/*!40101 SET @saved_cs_client     = @@character_set_client */;
/*!40101 SET character_set_client = utf8 */;
CREATE TABLE `historial_lecturas` (
  `id_lectura` int(10) NOT NULL AUTO_INCREMENT,
  `id_equipo` int(10) NOT NULL,
  `lectura` int(10) NOT NULL,
  `fecha` datetime NOT NULL,
  `usrId` int(11) NOT NULL,
  `observacion` text,
  `operario_nom` varchar(50) CHARACTER SET utf8 COLLATE utf8_spanish_ci NOT NULL,
  `turno` varchar(11) CHARACTER SET utf8 COLLATE utf8_spanish_ci NOT NULL,
  `estado` varchar(4) NOT NULL,
  PRIMARY KEY (`id_lectura`)
) ENGINE=MyISAM AUTO_INCREMENT=45 DEFAULT CHARSET=latin1;
/*!40101 SET character_set_client = @saved_cs_client */;

--
-- Dumping data for table `historial_lecturas`
--

LOCK TABLES `historial_lecturas` WRITE;
/*!40000 ALTER TABLE `historial_lecturas` DISABLE KEYS */;
INSERT INTO `historial_lecturas` VALUES (25,12,0,'2019-09-01 04:27:41',2,'Lectura al cargar equipo','-','alta','AC'),(24,10,100,'2019-08-31 10:41:59',4,'eeeee','aaa','mañana','RE'),(3,2,1000,'2019-06-24 19:16:24',1,'reparacion ','eliana','tarde','RE'),(4,3,0,'2019-06-25 00:00:00',4,'Lectura al cargar equipo','-','alta','AC'),(5,3,20,'2019-06-25 11:34:18',4,'pinchadura del neumático','jose','mañana','RE'),(6,3,28,'2019-06-25 12:50:51',2,'SE REPARO PINCHADURA','ALE','M','AC'),(7,1,100,'2019-07-03 12:38:14',2,'prueba kpi disponibilidad','rs','m','RE'),(8,2,0,'2019-07-03 12:39:10',2,'prueba kpi disponibilidad','rs','m','AC'),(23,11,0,'2019-08-30 17:16:53',4,'Lectura al cargar equipo','-','alta','AC'),(10,5,200,'2019-08-14 00:00:00',2,'Lectura al cargar equipo','-','alta','AC'),(11,5,250,'2019-08-15 00:20:56',2,'cambio de aceite y filtro','roberto sanchez','mañana','RE'),(12,7,200,'2019-08-15 00:00:00',2,'Lectura al cargar equipo','-','alta','AC'),(13,7,250,'2019-08-15 11:14:32',2,'fuga de aceite','juan','mañana','AC'),(14,7,300,'2019-08-15 11:18:28',2,'toma y análisis de muestra: ph 7 dureza 190 conductividad 290','juan','tarde','AC'),(15,7,350,'2019-08-15 11:20:12',2,'fuga de aceite nivel 3','juan','mañana','RE'),(16,8,100,'2019-08-15 00:00:00',2,'Lectura al cargar equipo','-','alta','AC'),(17,7,400,'2019-08-15 15:24:52',2,'equipo reparado entregado a la operación','rs','tarde','AC'),(22,10,200,'2019-08-30 00:00:00',1,'Lectura al cargar equipo','-','alta','AC'),(19,9,50,'2019-08-21 10:43:23',4,'Fuga de aceite motor nivel 1','RS','M','AC'),(20,9,180,'2019-08-21 10:45:00',4,'Fuga aceite motor nivel 3','RS','M','RE'),(21,9,1200,'2019-08-21 16:47:25',4,'probando s.s','eli','tarde','AC'),(26,13,0,'2019-09-01 10:45:08',2,'Lectura al cargar equipo','-','alta','AC'),(27,13,100,'2019-09-01 11:41:46',4,'prueba kpi','rs','m','RE'),(28,12,1,'2019-09-01 13:31:13',2,'a','1','1','RE'),(29,14,0,'2019-09-01 14:27:51',2,'Lectura al cargar equipo','-','alta','AC'),(30,14,100,'2019-09-01 17:23:19',2,'pongo equipo en reparación','eli','tarde','RE'),(31,12,2,'2019-09-01 18:06:06',2,'b','b','b','AC'),(32,14,199,'2019-09-01 19:46:18',2,'Ya funciona','Fernando','Tarde','AC'),(33,14,400,'2019-09-01 19:49:58',2,'paso a reparacion el equipo','eli','tarde','AC'),(34,14,540,'2019-09-01 19:50:52',2,'ahora si paso a reparacion en el anterior NO','elli','tarde ','RE'),(35,14,560,'2019-09-01 19:55:16',2,'equipo ACTIVO','eli','tarde','AC'),(36,3,300,'2019-09-01 20:10:13',2,'reparacion','eli','tarde','RE'),(37,3,350,'2019-09-01 20:10:44',2,'paso activo','eli','tarde','AC'),(38,13,111,'2019-09-01 20:21:27',2,'Prueba fer','Fer','Tarde','AC'),(39,13,100,'2019-09-01 20:28:52',4,'equipo queda en Reparación','rs','T','RE'),(41,3,1010,'2019-09-01 21:34:46',2,'Paso a Reparacion','Fernando','Tarde','RE'),(42,3,1011,'2019-09-01 21:35:44',2,'Se arreglo','Fernando','Tarde','AC'),(43,3,100,'2019-09-01 22:04:54',4,'Reparación','rs','n','RE'),(44,13,100,'2019-09-01 22:59:03',4,'activo','rs','n','AC');
/*!40000 ALTER TABLE `historial_lecturas` ENABLE KEYS */;
UNLOCK TABLES;

--
-- Table structure for table `infocomponentes`
--

DROP TABLE IF EXISTS `infocomponentes`;
/*!40101 SET @saved_cs_client     = @@character_set_client */;
/*!40101 SET character_set_client = utf8 */;
CREATE TABLE `infocomponentes` (
  `infocompid` int(11) NOT NULL AUTO_INCREMENT,
  `infocompdescrip` varchar(255) DEFAULT NULL,
  `archivo` varchar(255) DEFAULT NULL,
  `fecha` datetime DEFAULT NULL,
  `id_equipo` int(11) DEFAULT NULL,
  PRIMARY KEY (`infocompid`),
  KEY `id_equipo` (`id_equipo`)
) ENGINE=InnoDB DEFAULT CHARSET=latin1;
/*!40101 SET character_set_client = @saved_cs_client */;

--
-- Dumping data for table `infocomponentes`
--

LOCK TABLES `infocomponentes` WRITE;
/*!40000 ALTER TABLE `infocomponentes` DISABLE KEYS */;
/*!40000 ALTER TABLE `infocomponentes` ENABLE KEYS */;
UNLOCK TABLES;

--
-- Table structure for table `infoequipos`
--

DROP TABLE IF EXISTS `infoequipos`;
/*!40101 SET @saved_cs_client     = @@character_set_client */;
/*!40101 SET character_set_client = utf8 */;
CREATE TABLE `infoequipos` (
  `infoid` int(11) NOT NULL AUTO_INCREMENT,
  `descripcion` varchar(255) DEFAULT NULL,
  `archivo` varchar(255) DEFAULT NULL,
  `id_equipo` int(11) DEFAULT NULL,
  PRIMARY KEY (`infoid`),
  KEY `id_equipo` (`id_equipo`)
) ENGINE=InnoDB DEFAULT CHARSET=latin1;
/*!40101 SET character_set_client = @saved_cs_client */;

--
-- Dumping data for table `infoequipos`
--

LOCK TABLES `infoequipos` WRITE;
/*!40000 ALTER TABLE `infoequipos` DISABLE KEYS */;
/*!40000 ALTER TABLE `infoequipos` ENABLE KEYS */;
UNLOCK TABLES;

--
-- Table structure for table `informacionequipo`
--

DROP TABLE IF EXISTS `informacionequipo`;
/*!40101 SET @saved_cs_client     = @@character_set_client */;
/*!40101 SET character_set_client = utf8 */;
CREATE TABLE `informacionequipo` (
  `id_informacion` int(11) NOT NULL AUTO_INCREMENT,
  `titulo` varchar(50) COLLATE utf8mb4_spanish_ci NOT NULL,
  `descripcion` varchar(100) COLLATE utf8mb4_spanish_ci NOT NULL,
  `id_equipo` int(11) NOT NULL,
  `id_empresa` int(10) NOT NULL,
  PRIMARY KEY (`id_informacion`)
) ENGINE=InnoDB DEFAULT CHARSET=utf8mb4 COLLATE=utf8mb4_spanish_ci;
/*!40101 SET character_set_client = @saved_cs_client */;

--
-- Dumping data for table `informacionequipo`
--

LOCK TABLES `informacionequipo` WRITE;
/*!40000 ALTER TABLE `informacionequipo` DISABLE KEYS */;
/*!40000 ALTER TABLE `informacionequipo` ENABLE KEYS */;
UNLOCK TABLES;

--
-- Table structure for table `marcasequipos`
--

DROP TABLE IF EXISTS `marcasequipos`;
/*!40101 SET @saved_cs_client     = @@character_set_client */;
/*!40101 SET character_set_client = utf8 */;
CREATE TABLE `marcasequipos` (
  `marcaid` int(11) NOT NULL AUTO_INCREMENT,
  `marcadescrip` varchar(255) DEFAULT NULL,
  `estado` varchar(3) NOT NULL,
  `id_empresa` int(11) NOT NULL,
  PRIMARY KEY (`marcaid`)
) ENGINE=InnoDB AUTO_INCREMENT=6 DEFAULT CHARSET=latin1;
/*!40101 SET character_set_client = @saved_cs_client */;

--
-- Dumping data for table `marcasequipos`
--

LOCK TABLES `marcasequipos` WRITE;
/*!40000 ALTER TABLE `marcasequipos` DISABLE KEYS */;
INSERT INTO `marcasequipos` VALUES (1,'Marca 1','AC',6),(2,'Toyota','AC',6),(3,'Caterpillar','AC',6),(4,'Freund','AC',6),(5,'Sullair','AC',6);
/*!40000 ALTER TABLE `marcasequipos` ENABLE KEYS */;
UNLOCK TABLES;

--
-- Table structure for table `modelo_año`
--

DROP TABLE IF EXISTS `modelo_año`;
/*!40101 SET @saved_cs_client     = @@character_set_client */;
/*!40101 SET character_set_client = utf8 */;
CREATE TABLE `modelo_año` (
  `id_año` int(100) NOT NULL AUTO_INCREMENT,
  `descripcion` varchar(10) NOT NULL,
  PRIMARY KEY (`id_año`)
) ENGINE=MyISAM AUTO_INCREMENT=2 DEFAULT CHARSET=latin1;
/*!40101 SET character_set_client = @saved_cs_client */;

--
-- Dumping data for table `modelo_año`
--

LOCK TABLES `modelo_año` WRITE;
/*!40000 ALTER TABLE `modelo_año` DISABLE KEYS */;
INSERT INTO `modelo_año` VALUES (1,'wqeqewqeqw');
/*!40000 ALTER TABLE `modelo_año` ENABLE KEYS */;
UNLOCK TABLES;

--
-- Table structure for table `orden_insumos`
--

DROP TABLE IF EXISTS `orden_insumos`;
/*!40101 SET @saved_cs_client     = @@character_set_client */;
/*!40101 SET character_set_client = utf8 */;
CREATE TABLE `orden_insumos` (
  `id_orden` int(11) NOT NULL AUTO_INCREMENT,
  `fecha` date DEFAULT NULL,
  `solicitante` varchar(100) COLLATE utf8_spanish_ci DEFAULT NULL,
  `destino` varchar(100) COLLATE utf8_spanish_ci DEFAULT NULL,
  `comprobante` int(255) DEFAULT NULL,
  `id_empresa` int(11) NOT NULL,
  `id_ot` int(11) NOT NULL,
  PRIMARY KEY (`id_orden`)
) ENGINE=InnoDB DEFAULT CHARSET=utf8 COLLATE=utf8_spanish_ci;
/*!40101 SET character_set_client = @saved_cs_client */;

--
-- Dumping data for table `orden_insumos`
--

LOCK TABLES `orden_insumos` WRITE;
/*!40000 ALTER TABLE `orden_insumos` DISABLE KEYS */;
/*!40000 ALTER TABLE `orden_insumos` ENABLE KEYS */;
UNLOCK TABLES;

--
-- Table structure for table `orden_pedido`
--

DROP TABLE IF EXISTS `orden_pedido`;
/*!40101 SET @saved_cs_client     = @@character_set_client */;
/*!40101 SET character_set_client = utf8 */;
CREATE TABLE `orden_pedido` (
  `id_orden` int(11) NOT NULL AUTO_INCREMENT,
  `id_proveedor` int(11) NOT NULL,
  `nro_trabajo` int(11) NOT NULL,
  `descripcion` text NOT NULL,
  `fecha` datetime NOT NULL,
  `fecha_entrega` datetime NOT NULL,
  `fecha_entregada` datetime NOT NULL,
  `estado` varchar(2) NOT NULL,
  `id_trabajo` int(11) NOT NULL,
  `observacion` text NOT NULL,
  `numero_remito` int(11) DEFAULT NULL,
  `id_empresa` int(11) NOT NULL,
  PRIMARY KEY (`id_orden`),
  KEY `id_trabajo` (`id_trabajo`),
  KEY `id_proveedor` (`id_proveedor`)
) ENGINE=InnoDB DEFAULT CHARSET=latin1;
/*!40101 SET character_set_client = @saved_cs_client */;

--
-- Dumping data for table `orden_pedido`
--

LOCK TABLES `orden_pedido` WRITE;
/*!40000 ALTER TABLE `orden_pedido` DISABLE KEYS */;
/*!40000 ALTER TABLE `orden_pedido` ENABLE KEYS */;
UNLOCK TABLES;

--
-- Table structure for table `orden_servicio`
--

DROP TABLE IF EXISTS `orden_servicio`;
/*!40101 SET @saved_cs_client     = @@character_set_client */;
/*!40101 SET character_set_client = utf8 */;
CREATE TABLE `orden_servicio` (
  `id_orden` int(11) NOT NULL AUTO_INCREMENT,
  `lectura` double DEFAULT NULL,
  `fecha` date NOT NULL,
  `comprobante` varchar(255) CHARACTER SET latin1 NOT NULL,
  `id_equipo` int(11) NOT NULL,
  `id_contratista` int(11) NOT NULL,
  `id_solicitudreparacion` int(11) NOT NULL,
  `valesid` int(11) DEFAULT NULL,
  `estado` varchar(5) COLLATE utf8_spanish_ci DEFAULT NULL,
  `id_ordenherraminetas` int(11) DEFAULT NULL,
  `id_orden_insumo` int(11) DEFAULT NULL,
  `id_ot` int(11) DEFAULT NULL,
  `id_empresa` int(11) NOT NULL,
  `fechahorainicio` datetime NOT NULL,
  `fechahorafin` datetime NOT NULL,
  `horometroinicio` double NOT NULL,
  `horometrofin` double NOT NULL,
  PRIMARY KEY (`id_orden`),
  KEY `id_equipo` (`id_equipo`) USING BTREE,
  KEY `id_empresaservicio` (`id_contratista`) USING BTREE,
  KEY `id_solicitudreparacion` (`id_solicitudreparacion`) USING BTREE,
  KEY `id_orden_insumo` (`id_orden_insumo`) USING BTREE
) ENGINE=InnoDB AUTO_INCREMENT=9 DEFAULT CHARSET=utf8 COLLATE=utf8_spanish_ci;
/*!40101 SET character_set_client = @saved_cs_client */;

--
-- Dumping data for table `orden_servicio`
--

LOCK TABLES `orden_servicio` WRITE;
/*!40000 ALTER TABLE `orden_servicio` DISABLE KEYS */;
INSERT INTO `orden_servicio` VALUES (1,NULL,'2019-08-06','',3,0,2,1,'CE',NULL,NULL,1,6,'2019-08-05 21:29:38','2019-08-06 21:29:41',1000,1200),(2,NULL,'2019-08-06','',3,0,3,0,'CE',NULL,NULL,2,6,'2019-08-05 21:46:38','2019-08-06 21:46:41',200,300),(3,NULL,'2019-08-09','',3,0,11,2,'C',NULL,NULL,7,6,'2019-08-06 17:19:09','2019-08-09 17:19:12',100,110),(4,NULL,'2019-08-13','',3,0,12,3,'C',NULL,NULL,18,6,'2019-08-06 12:41:01','2019-08-13 12:41:03',100,120),(5,NULL,'2019-08-14','',1,0,0,0,'C',NULL,NULL,23,6,'2019-08-07 09:34:17','2019-08-14 09:34:19',5,23),(6,NULL,'2019-08-15','',5,0,0,5,'C',NULL,NULL,30,6,'2019-08-15 01:26:35','2019-08-15 01:26:48',250,260),(7,NULL,'2019-08-16','',1,0,0,0,'C',NULL,NULL,24,6,'2019-08-16 12:04:50','2019-08-16 12:04:56',1000,1500),(8,NULL,'2019-08-21','',8,0,20,9,'C',NULL,NULL,38,6,'2019-08-21 11:45:45','2019-08-21 11:45:52',0,0);
/*!40000 ALTER TABLE `orden_servicio` ENABLE KEYS */;
UNLOCK TABLES;

--
-- Table structure for table `orden_trabajo`
--

DROP TABLE IF EXISTS `orden_trabajo`;
/*!40101 SET @saved_cs_client     = @@character_set_client */;
/*!40101 SET character_set_client = utf8 */;
CREATE TABLE `orden_trabajo` (
  `id_orden` int(11) NOT NULL AUTO_INCREMENT,
  `id_tarea` int(11) DEFAULT NULL,
  `nro` varchar(100) DEFAULT NULL,
  `fecha` date NOT NULL,
  `fecha_program` datetime NOT NULL,
  `fecha_inicio` datetime NOT NULL,
  `fecha_entrega` datetime NOT NULL,
  `fecha_terminada` datetime NOT NULL,
  `fecha_aviso` datetime NOT NULL,
  `fecha_entregada` datetime NOT NULL,
  `descripcion` text NOT NULL,
  `cliId` int(11) NOT NULL DEFAULT '1',
  `estado` varchar(2) NOT NULL,
  `id_usuario` int(11) NOT NULL DEFAULT '1',
  `id_usuario_a` int(11) DEFAULT NULL,
  `id_usuario_e` int(11) NOT NULL,
  `id_sucursal` int(11) NOT NULL DEFAULT '1',
  `id_proveedor` int(11) NOT NULL,
  `id_solicitud` int(11) NOT NULL,
  `tipo` varchar(2) NOT NULL,
  `id_equipo` int(11) NOT NULL,
  `duracion` double DEFAULT NULL,
  `id_tareapadre` int(11) DEFAULT NULL,
  `id_empresa` int(11) NOT NULL,
  `lectura_programada` double DEFAULT NULL,
  `lectura_ejecutada` double DEFAULT NULL,
  `case_id` int(11) DEFAULT NULL,
  PRIMARY KEY (`id_orden`),
  KEY `orden_trabajo_ibfk_1` (`cliId`) USING BTREE,
  KEY `id_usuario` (`id_usuario`) USING BTREE,
  KEY `id_usuariosolicitante` (`id_usuario_a`) USING BTREE,
  KEY `usuario_entrega` (`id_usuario_e`) USING BTREE,
  KEY `id_sucursal` (`id_sucursal`) USING BTREE
) ENGINE=InnoDB AUTO_INCREMENT=40 DEFAULT CHARSET=latin1;
/*!40101 SET character_set_client = @saved_cs_client */;

--
-- Dumping data for table `orden_trabajo`
--

LOCK TABLES `orden_trabajo` WRITE;
/*!40000 ALTER TABLE `orden_trabajo` DISABLE KEYS */;
INSERT INTO `orden_trabajo` VALUES (1,0,'1','2019-08-06','2019-08-08 01:00:00','2019-08-06 21:22:29','0000-00-00 00:00:00','2019-08-06 21:23:50','0000-00-00 00:00:00','0000-00-00 00:00:00','probando ',1,'CN',2,1,1,1,0,2,'2',3,60,2,6,0,0,19049),(2,0,'1','2019-08-06','2019-08-11 09:00:00','2019-08-06 21:39:48','0000-00-00 00:00:00','2019-08-06 21:41:27','0000-00-00 00:00:00','0000-00-00 00:00:00','backlog nuevo',1,'CE',3,1,1,1,0,1,'4',3,180,1,6,0,0,19051),(3,19,NULL,'0000-00-00','2019-08-06 00:00:00','0000-00-00 00:00:00','0000-00-00 00:00:00','0000-00-00 00:00:00','0000-00-00 00:00:00','0000-00-00 00:00:00','Apriete los Tornillos de los Pasadores de Expansión de los Cilindros.',1,'PL',2,NULL,0,1,1,0,'1',3,NULL,NULL,6,NULL,NULL,19054),(4,0,'1','2019-08-07','2019-08-01 11:01:00','0000-00-00 00:00:00','0000-00-00 00:00:00','0000-00-00 00:00:00','0000-00-00 00:00:00','0000-00-00 00:00:00','falla test 1 supervisor - backlog',1,'PL',2,NULL,1,1,0,2,'4',3,12,2,6,0,0,19060),(5,0,'1','2019-08-07','2019-08-01 11:11:00','0000-00-00 00:00:00','0000-00-00 00:00:00','0000-00-00 00:00:00','0000-00-00 00:00:00','0000-00-00 00:00:00','',1,'PL',2,NULL,1,1,0,3,'4',3,2,3,6,0,0,19061),(6,0,'1','2019-08-07','0000-00-00 00:00:00','0000-00-00 00:00:00','0000-00-00 00:00:00','0000-00-00 00:00:00','0000-00-00 00:00:00','0000-00-00 00:00:00','backlog nuevo',1,'PL',2,NULL,1,1,0,1,'4',3,20,1,6,0,0,19051),(7,0,'1','2019-08-09','2019-08-13 11:10:00','2019-08-09 17:09:32','0000-00-00 00:00:00','2019-08-09 17:13:27','0000-00-00 00:00:00','0000-00-00 00:00:00','eli 0.11',1,'CN',3,1,1,1,0,8,'4',3,170,8,6,0,0,19073),(8,0,NULL,'0000-00-00','2019-08-09 00:00:00','0000-00-00 00:00:00','0000-00-00 00:00:00','0000-00-00 00:00:00','0000-00-00 00:00:00','0000-00-00 00:00:00','',1,'PL',4,NULL,0,1,1,0,'1',1,NULL,NULL,6,NULL,NULL,19075),(9,0,NULL,'0000-00-00','2019-08-09 00:00:00','0000-00-00 00:00:00','0000-00-00 00:00:00','0000-00-00 00:00:00','0000-00-00 00:00:00','0000-00-00 00:00:00','',1,'PL',4,NULL,0,1,1,0,'1',2,NULL,NULL,6,NULL,NULL,19076),(10,0,NULL,'0000-00-00','2019-08-09 00:00:00','0000-00-00 00:00:00','0000-00-00 00:00:00','0000-00-00 00:00:00','0000-00-00 00:00:00','0000-00-00 00:00:00','OT',1,'PL',4,NULL,0,1,1,0,'1',3,NULL,NULL,6,NULL,NULL,19077),(11,0,NULL,'0000-00-00','2019-08-20 00:00:00','0000-00-00 00:00:00','0000-00-00 00:00:00','0000-00-00 00:00:00','0000-00-00 00:00:00','0000-00-00 00:00:00','',1,'PL',4,NULL,0,1,1,0,'1',3,NULL,NULL,6,NULL,NULL,19078),(12,0,'1','2019-08-09','2019-08-22 16:30:00','0000-00-00 00:00:00','0000-00-00 00:00:00','0000-00-00 00:00:00','0000-00-00 00:00:00','0000-00-00 00:00:00','',1,'PL',4,NULL,1,1,0,1,'3',1,30,1,6,0,0,19079),(13,19,'1','2019-08-13','2019-08-18 14:30:00','0000-00-00 00:00:00','0000-00-00 00:00:00','0000-00-00 00:00:00','0000-00-00 00:00:00','0000-00-00 00:00:00','Apriete los Tornillos de los Pasadores de Expansión de los Cilindros.',1,'PL',2,NULL,1,1,0,2,'3',1,40,2,6,0,0,NULL),(14,73,'1','2019-08-13','2019-08-27 14:00:00','0000-00-00 00:00:00','0000-00-00 00:00:00','0000-00-00 00:00:00','0000-00-00 00:00:00','0000-00-00 00:00:00','Cambiar Aceite de Mandos Finales (cada 1000 hs según horometro utilizar aceite SAE 50).',1,'PL',2,NULL,1,1,0,3,'3',2,30,3,6,0,0,NULL),(15,19,'1','2019-08-13','2019-08-25 14:50:00','2019-08-30 17:24:04','0000-00-00 00:00:00','2019-08-30 17:24:08','0000-00-00 00:00:00','0000-00-00 00:00:00','Apriete los Tornillos de los Pasadores de Expansión de los Cilindros.',1,'T',2,1,1,1,0,1,'5',2,20,1,6,0,0,19083),(16,50,'1','2019-08-13','2019-08-15 09:00:00','0000-00-00 00:00:00','0000-00-00 00:00:00','0000-00-00 00:00:00','0000-00-00 00:00:00','0000-00-00 00:00:00','Cambiar Filtro De Aire Secundario  245-3819 Item 57872 (cada 250 hs según horometro).',1,'PL',2,NULL,1,1,0,2,'5',2,120,2,6,0,0,NULL),(17,9,'1','2019-08-13','2019-08-16 14:00:00','0000-00-00 00:00:00','0000-00-00 00:00:00','0000-00-00 00:00:00','0000-00-00 00:00:00','0000-00-00 00:00:00','Limpie el Cuerpo del Radiador.',1,'PL',2,NULL,1,1,0,4,'3',2,120,4,6,0,0,19084),(18,106,'1','2019-08-13','2019-08-28 13:00:00','2019-08-13 12:40:57','0000-00-00 00:00:00','2019-08-13 12:41:01','0000-00-00 00:00:00','0000-00-00 00:00:00','Sustituya el Elemento del Respiradero del Carter de Motor.',1,'CN',2,1,1,1,0,9,'4',3,20,9,6,0,0,19085),(19,1,'1','2019-08-13','2019-08-24 15:00:00','2019-08-13 12:53:00','0000-00-00 00:00:00','2019-08-13 12:55:21','0000-00-00 00:00:00','0000-00-00 00:00:00','Limpie el Cuerpo Del Radiador (Utilice Aire Comprimido.)',1,'T',2,1,1,1,0,13,'2',2,60,13,6,0,0,19087),(20,26,NULL,'0000-00-00','2019-08-13 09:00:00','0000-00-00 00:00:00','0000-00-00 00:00:00','0000-00-00 00:00:00','0000-00-00 00:00:00','0000-00-00 00:00:00','Compruebe el Electrolito y las Conexiones de las Baterias.',1,'AS',1,1,0,1,1,0,'1',1,NULL,NULL,6,NULL,NULL,19089),(21,69,NULL,'0000-00-00','2019-08-13 04:30:00','0000-00-00 00:00:00','0000-00-00 00:00:00','0000-00-00 00:00:00','0000-00-00 00:00:00','0000-00-00 00:00:00','Cambiar Aceite Hidráulico (cada 2000 hs según horómetro. utilizar aceite SAE 10w. capacidad 63 litros).',1,'AS',2,1,0,1,1,0,'1',1,NULL,NULL,6,NULL,NULL,19090),(22,29,NULL,'0000-00-00','2019-08-14 07:00:00','2019-08-30 14:54:52','0000-00-00 00:00:00','2019-08-30 14:54:56','0000-00-00 00:00:00','0000-00-00 00:00:00','Probar la Capacidad de Retención del Freno de Servicio y del Freno de Estacionamiento (procedimiento CAT SMCS - 4251-081; 4267-081).',1,'T',2,1,0,1,1,0,'1',2,NULL,NULL,6,NULL,NULL,19091),(23,19,NULL,'0000-00-00','2019-08-13 00:00:00','2019-08-14 09:34:07','0000-00-00 00:00:00','2019-08-14 09:34:16','0000-00-00 00:00:00','0000-00-00 00:00:00','Apriete los Tornillos de los Pasadores de Expansión de los Cilindros.',1,'T',2,1,0,1,1,0,'1',1,NULL,NULL,6,NULL,NULL,19093),(24,-1,NULL,'0000-00-00','2019-08-25 00:00:00','2019-08-14 09:35:36','0000-00-00 00:00:00','2019-08-14 09:35:40','0000-00-00 00:00:00','0000-00-00 00:00:00','prueba fer',1,'CN',2,1,0,1,1,0,'1',1,NULL,NULL,6,NULL,NULL,19094),(25,108,NULL,'0000-00-00','2019-08-14 04:00:00','2019-08-14 09:35:23','0000-00-00 00:00:00','2019-08-21 11:42:35','0000-00-00 00:00:00','0000-00-00 00:00:00','Revise el Sensor de Temperatura.',1,'T',2,1,0,1,1,0,'1',1,NULL,NULL,6,NULL,NULL,19095),(26,65,'1','2019-08-14','2019-08-20 03:33:00','0000-00-00 00:00:00','0000-00-00 00:00:00','0000-00-00 00:00:00','0000-00-00 00:00:00','0000-00-00 00:00:00','Cambiar Aceite de Diferencial Delantero y Trasero (cada 1000 hs según horometro útilizar aceite sae50).',1,'PL',2,NULL,1,1,0,5,'3',1,10,5,6,0,0,NULL),(27,19,'1','2019-08-14','2019-08-17 11:52:00','0000-00-00 00:00:00','0000-00-00 00:00:00','0000-00-00 00:00:00','0000-00-00 00:00:00','0000-00-00 00:00:00','Apriete los Tornillos de los Pasadores de Expansión de los Cilindros.',1,'PL',2,NULL,1,1,0,6,'3',1,98,6,6,0,0,19097),(28,19,'1','2019-08-14','2019-11-15 14:22:00','2019-08-30 14:58:14','0000-00-00 00:00:00','2019-08-30 14:58:18','0000-00-00 00:00:00','0000-00-00 00:00:00','Apriete los Tornillos de los Pasadores de Expansión de los Cilindros.',1,'T',2,1,1,1,0,6,'3',1,10,6,6,0,0,19098),(29,0,NULL,'0000-00-00','2019-08-21 11:17:46','0000-00-00 00:00:00','0000-00-00 00:00:00','0000-00-00 00:00:00','0000-00-00 00:00:00','0000-00-00 00:00:00','tarea eli',1,'PL',2,NULL,0,1,1,0,'1',5,NULL,NULL,6,NULL,NULL,19099),(30,0,NULL,'0000-00-00','2019-08-15 01:18:11','2019-08-15 01:18:11','0000-00-00 00:00:00','2019-08-15 01:20:25','0000-00-00 00:00:00','0000-00-00 00:00:00','CAMBIO DE FILTRO DE AIRE PRIMARIO Y SECUNDARIO',1,'CN',2,1,0,1,1,0,'1',5,NULL,NULL,6,NULL,NULL,19100),(31,0,'1','2019-08-20','2019-08-24 00:00:00','0000-00-00 00:00:00','0000-00-00 00:00:00','0000-00-00 00:00:00','0000-00-00 00:00:00','0000-00-00 00:00:00','',1,'PL',2,1,1,1,0,14,'2',7,60,14,6,0,0,19102),(32,1,'1','2019-08-20','2019-08-30 00:00:00','0000-00-00 00:00:00','0000-00-00 00:00:00','0000-00-00 00:00:00','0000-00-00 00:00:00','0000-00-00 00:00:00','Limpie el Cuerpo Del Radiador (Utilice Aire Comprimido.)',1,'PL',2,NULL,1,1,0,15,'2',7,60,15,6,0,0,19103),(33,1,'1','2019-08-20','2019-08-31 11:11:00','0000-00-00 00:00:00','0000-00-00 00:00:00','0000-00-00 00:00:00','0000-00-00 00:00:00','0000-00-00 00:00:00','Limpie el Cuerpo Del Radiador (Utilice Aire Comprimido.)',1,'PL',3,NULL,1,1,0,16,'2',3,199,16,6,0,0,19104),(34,1,'1','2019-08-20','2019-08-26 11:11:00','0000-00-00 00:00:00','0000-00-00 00:00:00','0000-00-00 00:00:00','0000-00-00 00:00:00','0000-00-00 00:00:00','fer-2008-1',1,'PL',2,NULL,1,1,0,17,'2',3,199,17,6,0,0,19105),(35,242,'1','2019-08-20','2019-08-29 10:30:00','0000-00-00 00:00:00','0000-00-00 00:00:00','0000-00-00 00:00:00','0000-00-00 00:00:00','0000-00-00 00:00:00','Inspección de matafuegos - Flota Carguío',1,'PL',2,NULL,1,1,0,7,'3',1,60,7,6,0,0,19106),(36,0,'1','2019-08-20','2019-08-23 11:11:00','0000-00-00 00:00:00','0000-00-00 00:00:00','0000-00-00 00:00:00','0000-00-00 00:00:00','0000-00-00 00:00:00','fer1-2008',1,'PL',2,NULL,1,1,0,18,'2',3,60,18,6,0,0,19107),(37,0,'1','2019-08-20','2019-08-19 00:00:00','0000-00-00 00:00:00','0000-00-00 00:00:00','0000-00-00 00:00:00','0000-00-00 00:00:00','0000-00-00 00:00:00','soli',1,'PL',2,NULL,1,1,0,19,'2',4,60,19,6,0,0,19108),(38,0,'1','2019-08-21','2019-08-23 10:00:00','2019-08-21 11:30:59','0000-00-00 00:00:00','2019-08-21 11:31:52','0000-00-00 00:00:00','0000-00-00 00:00:00','Limpieza y engrase Usar grasa Litio + agua caliente',1,'CN',2,1,1,1,0,20,'2',8,60,20,6,0,0,19109),(39,19,'1','2019-08-30','2019-09-01 10:00:00','0000-00-00 00:00:00','0000-00-00 00:00:00','0000-00-00 00:00:00','0000-00-00 00:00:00','0000-00-00 00:00:00','Apriete los Tornillos de los Pasadores de Expansión de los Cilindros.',1,'PL',4,NULL,1,1,0,1,'5',2,20,1,6,0,0,19114);
/*!40000 ALTER TABLE `orden_trabajo` ENABLE KEYS */;
UNLOCK TABLES;

--
-- Table structure for table `paises`
--

DROP TABLE IF EXISTS `paises`;
/*!40101 SET @saved_cs_client     = @@character_set_client */;
/*!40101 SET character_set_client = utf8 */;
CREATE TABLE `paises` (
  `Codigo` varchar(2) NOT NULL,
  `Pais` varchar(100) NOT NULL,
  PRIMARY KEY (`Codigo`)
) ENGINE=MyISAM DEFAULT CHARSET=utf8;
/*!40101 SET character_set_client = @saved_cs_client */;

--
-- Dumping data for table `paises`
--

LOCK TABLES `paises` WRITE;
/*!40000 ALTER TABLE `paises` DISABLE KEYS */;
INSERT INTO `paises` VALUES ('AR','Argentina');
/*!40000 ALTER TABLE `paises` ENABLE KEYS */;
UNLOCK TABLES;

--
-- Table structure for table `parametroequipo`
--

DROP TABLE IF EXISTS `parametroequipo`;
/*!40101 SET @saved_cs_client     = @@character_set_client */;
/*!40101 SET character_set_client = utf8 */;
CREATE TABLE `parametroequipo` (
  `id` int(11) NOT NULL AUTO_INCREMENT,
  `paramId` int(11) NOT NULL,
  `id_equipo` int(11) NOT NULL,
  `valor` varchar(255) NOT NULL,
  `fechahora` datetime NOT NULL,
  `id_empresa` int(11) NOT NULL,
  PRIMARY KEY (`id`),
  KEY `id_equipo` (`id_equipo`),
  KEY `paramId` (`paramId`)
) ENGINE=InnoDB AUTO_INCREMENT=2 DEFAULT CHARSET=latin1;
/*!40101 SET character_set_client = @saved_cs_client */;

--
-- Dumping data for table `parametroequipo`
--

LOCK TABLES `parametroequipo` WRITE;
/*!40000 ALTER TABLE `parametroequipo` DISABLE KEYS */;
INSERT INTO `parametroequipo` VALUES (1,1,1,'230','2019-06-27 12:00:00',6);
/*!40000 ALTER TABLE `parametroequipo` ENABLE KEYS */;
UNLOCK TABLES;

--
-- Table structure for table `parametros`
--

DROP TABLE IF EXISTS `parametros`;
/*!40101 SET @saved_cs_client     = @@character_set_client */;
/*!40101 SET character_set_client = utf8 */;
CREATE TABLE `parametros` (
  `paramId` int(11) NOT NULL AUTO_INCREMENT,
  `paramdescrip` varchar(255) DEFAULT NULL,
  `min` varchar(255) DEFAULT NULL,
  `estado` varchar(5) NOT NULL,
  `id_empresa` int(11) DEFAULT NULL,
  PRIMARY KEY (`paramId`)
) ENGINE=InnoDB AUTO_INCREMENT=2 DEFAULT CHARSET=latin1;
/*!40101 SET character_set_client = @saved_cs_client */;

--
-- Dumping data for table `parametros`
--

LOCK TABLES `parametros` WRITE;
/*!40000 ALTER TABLE `parametros` DISABLE KEYS */;
INSERT INTO `parametros` VALUES (1,'Parámetro 1',NULL,'AC',6);
/*!40000 ALTER TABLE `parametros` ENABLE KEYS */;
UNLOCK TABLES;

--
-- Table structure for table `periodo`
--

DROP TABLE IF EXISTS `periodo`;
/*!40101 SET @saved_cs_client     = @@character_set_client */;
/*!40101 SET character_set_client = utf8 */;
CREATE TABLE `periodo` (
  `idperiodo` int(11) NOT NULL AUTO_INCREMENT,
  `descripcion` varchar(255) NOT NULL,
  `estado` varchar(4) NOT NULL,
  `id_empresa` int(11) NOT NULL,
  PRIMARY KEY (`idperiodo`)
) ENGINE=InnoDB AUTO_INCREMENT=14 DEFAULT CHARSET=utf8;
/*!40101 SET character_set_client = @saved_cs_client */;

--
-- Dumping data for table `periodo`
--

LOCK TABLES `periodo` WRITE;
/*!40000 ALTER TABLE `periodo` DISABLE KEYS */;
INSERT INTO `periodo` VALUES (1,'Diario','AC',6),(2,'mensual','AC',6),(3,'semestral','AC',6),(4,'anual','AC',6),(5,'horas','AC',6),(6,'Ciclos','AC',6),(7,'kilómetros','AC',6),(8,'Diario','AC',8),(9,'Mensual','AC',8),(10,'Semestral','AC',8),(11,'Anual','AC',8),(12,'Horas','AC',8),(13,'Ciclos','AC',8);
/*!40000 ALTER TABLE `periodo` ENABLE KEYS */;
UNLOCK TABLES;

--
-- Table structure for table `predictivo`
--

DROP TABLE IF EXISTS `predictivo`;
/*!40101 SET @saved_cs_client     = @@character_set_client */;
/*!40101 SET character_set_client = utf8 */;
CREATE TABLE `predictivo` (
  `predId` int(11) NOT NULL AUTO_INCREMENT,
  `id_equipo` int(11) NOT NULL,
  `tarea_descrip` varchar(2000) COLLATE utf8_spanish_ci NOT NULL,
  `fecha` date NOT NULL,
  `periodo` varchar(50) COLLATE utf8_spanish_ci NOT NULL,
  `cantidad` int(11) NOT NULL,
  `horash` float DEFAULT NULL,
  `estado` varchar(5) COLLATE utf8_spanish_ci NOT NULL,
  `pred_duracion` int(11) NOT NULL,
  `id_unidad` int(11) NOT NULL,
  `pred_canth` int(11) NOT NULL,
  `id_empresa` int(11) NOT NULL,
  `pred_adjunto` varchar(255) COLLATE utf8_spanish_ci DEFAULT NULL,
  PRIMARY KEY (`predId`)
) ENGINE=InnoDB AUTO_INCREMENT=3 DEFAULT CHARSET=utf8 COLLATE=utf8_spanish_ci;
/*!40101 SET character_set_client = @saved_cs_client */;

--
-- Dumping data for table `predictivo`
--

LOCK TABLES `predictivo` WRITE;
/*!40000 ALTER TABLE `predictivo` DISABLE KEYS */;
INSERT INTO `predictivo` VALUES (1,2,'19','2019-08-13','4',1,0.67,'PL',20,1,2,6,NULL),(2,2,'50','2019-08-13','4',2,1,'PL',30,1,2,6,NULL);
/*!40000 ALTER TABLE `predictivo` ENABLE KEYS */;
UNLOCK TABLES;

--
-- Table structure for table `preventivo`
--

DROP TABLE IF EXISTS `preventivo`;
/*!40101 SET @saved_cs_client     = @@character_set_client */;
/*!40101 SET character_set_client = utf8 */;
CREATE TABLE `preventivo` (
  `prevId` int(11) NOT NULL AUTO_INCREMENT,
  `id_equipo` int(11) NOT NULL,
  `id_tarea` int(11) NOT NULL,
  `perido` varchar(50) NOT NULL,
  `cantidad` double NOT NULL,
  `ultimo` date NOT NULL,
  `id_componente` int(11) NOT NULL,
  `critico1` double DEFAULT NULL,
  `fechaprobable` date DEFAULT NULL,
  `horash` int(11) NOT NULL,
  `estadoprev` char(255) DEFAULT NULL,
  `prev_duracion` double NOT NULL,
  `id_unidad` int(11) NOT NULL,
  `prev_canth` double NOT NULL,
  `prev_adjunto` varchar(255) CHARACTER SET utf8 COLLATE utf8_spanish_ci DEFAULT NULL,
  `id_empresa` int(11) NOT NULL,
  `lectura_base` double DEFAULT NULL,
  PRIMARY KEY (`prevId`),
  KEY `id_equipo` (`id_equipo`),
  KEY `id_tarea` (`id_tarea`),
  KEY `id_componente` (`id_componente`)
) ENGINE=InnoDB AUTO_INCREMENT=8 DEFAULT CHARSET=latin1;
/*!40101 SET character_set_client = @saved_cs_client */;

--
-- Dumping data for table `preventivo`
--

LOCK TABLES `preventivo` WRITE;
/*!40000 ALTER TABLE `preventivo` DISABLE KEYS */;
INSERT INTO `preventivo` VALUES (1,1,19,'4',1,'2019-08-09',1,NULL,NULL,1,'PL',30,1,2,NULL,6,NULL),(2,1,19,'4',12,'2019-09-18',1,NULL,NULL,1,'PL',40,1,2,NULL,6,NULL),(3,2,73,'4',1,'2019-11-27',1,NULL,NULL,2,'PL',30,1,3,NULL,6,NULL),(4,2,9,'4',1,'2019-08-13',2,NULL,NULL,1,'PL',20,1,2,NULL,6,NULL),(5,1,65,'2',1,'2020-01-20',1,NULL,NULL,2,'C',10,1,10,NULL,6,NULL),(6,1,19,'2',3,'2019-11-17',1,NULL,NULL,2,'C',10,1,10,NULL,6,NULL),(7,1,242,'4',1,'2019-08-20',1,NULL,NULL,1,'PL',40,1,1,NULL,6,NULL);
/*!40000 ALTER TABLE `preventivo` ENABLE KEYS */;
UNLOCK TABLES;

--
-- Table structure for table `proceso`
--

DROP TABLE IF EXISTS `proceso`;
/*!40101 SET @saved_cs_client     = @@character_set_client */;
/*!40101 SET character_set_client = utf8 */;
CREATE TABLE `proceso` (
  `id_proceso` int(11) NOT NULL AUTO_INCREMENT,
  `descripcion` varchar(100) COLLATE utf8mb4_spanish_ci NOT NULL,
  `id_empresa` int(11) NOT NULL,
  `estado` varchar(45) COLLATE utf8mb4_spanish_ci NOT NULL,
  PRIMARY KEY (`id_proceso`)
) ENGINE=InnoDB AUTO_INCREMENT=28 DEFAULT CHARSET=utf8mb4 COLLATE=utf8mb4_spanish_ci;
/*!40101 SET character_set_client = @saved_cs_client */;

--
-- Dumping data for table `proceso`
--

LOCK TABLES `proceso` WRITE;
/*!40000 ALTER TABLE `proceso` DISABLE KEYS */;
INSERT INTO `proceso` VALUES (1,'un proceso nuevo 1',0,'AN'),(2,'nuevo proceso 001',0,'AN'),(3,'Extracción y Transporte',0,'AC'),(4,'proceso nuevo',6,'AN'),(5,'proceso emp 6',6,'AN'),(6,'proceso testing',6,'AN'),(7,'EXTRACCIÓN Y TRANSPORTE DE MINERAL',6,'AC'),(8,'Extracción y Transporte De Mineral',6,'AC'),(9,'Proceso de prueba',6,'AC'),(11,'Perforación',7,'AC'),(12,'Perforación y Voladura',6,'AC'),(13,'Operaciones',7,'AC'),(14,'Mantenimiento',7,'AC'),(15,'Capacitacion',7,'AC'),(16,'PROCESO NUEVO',6,'AN'),(17,'Minado',8,'AC'),(18,'proceso prueba hugo',6,'AC'),(19,'Cales Vivas Molidas',6,'AC'),(20,'PERFORACIÓN Y DESARROLLO',6,'AC'),(21,'CARGA DE PIEDRA',6,'AC'),(22,'Módulos habitacionales',6,'AC'),(23,'Proceso 1',6,'AC'),(24,'Siembra',6,'AC'),(25,'Proceso de noqueo',6,'AC'),(26,'Sierra de Dividir',6,'AC'),(27,'Generación de Corriente',6,'AC');
/*!40000 ALTER TABLE `proceso` ENABLE KEYS */;
UNLOCK TABLES;

--
-- Table structure for table `remitos`
--

DROP TABLE IF EXISTS `remitos`;
/*!40101 SET @saved_cs_client     = @@character_set_client */;
/*!40101 SET character_set_client = utf8 */;
CREATE TABLE `remitos` (
  `remitoId` int(11) NOT NULL AUTO_INCREMENT,
  `fecha` datetime NOT NULL,
  `provid` int(11) NOT NULL,
  `comprobante` varchar(255) CHARACTER SET latin1 NOT NULL,
  `id_empresa` int(11) NOT NULL,
  PRIMARY KEY (`remitoId`),
  KEY `provid` (`provid`)
) ENGINE=InnoDB DEFAULT CHARSET=utf8 COLLATE=utf8_spanish_ci;
/*!40101 SET character_set_client = @saved_cs_client */;

--
-- Dumping data for table `remitos`
--

LOCK TABLES `remitos` WRITE;
/*!40000 ALTER TABLE `remitos` DISABLE KEYS */;
/*!40000 ALTER TABLE `remitos` ENABLE KEYS */;
UNLOCK TABLES;

--
-- Table structure for table `rubro`
--

DROP TABLE IF EXISTS `rubro`;
/*!40101 SET @saved_cs_client     = @@character_set_client */;
/*!40101 SET character_set_client = utf8 */;
CREATE TABLE `rubro` (
  `id_rubro` int(10) NOT NULL AUTO_INCREMENT,
  `descripcion` varchar(50) NOT NULL,
  PRIMARY KEY (`id_rubro`)
) ENGINE=MyISAM AUTO_INCREMENT=5 DEFAULT CHARSET=latin1;
/*!40101 SET character_set_client = @saved_cs_client */;

--
-- Dumping data for table `rubro`
--

LOCK TABLES `rubro` WRITE;
/*!40000 ALTER TABLE `rubro` DISABLE KEYS */;
/*!40000 ALTER TABLE `rubro` ENABLE KEYS */;
UNLOCK TABLES;

--
-- Table structure for table `sector`
--

DROP TABLE IF EXISTS `sector`;
/*!40101 SET @saved_cs_client     = @@character_set_client */;
/*!40101 SET character_set_client = utf8 */;
CREATE TABLE `sector` (
  `id_sector` int(10) NOT NULL AUTO_INCREMENT,
  `descripcion` varchar(50) CHARACTER SET latin1 NOT NULL,
  `estado` varchar(5) COLLATE utf8_spanish_ci NOT NULL,
  `id_empresa` int(11) NOT NULL,
  PRIMARY KEY (`id_sector`)
) ENGINE=InnoDB AUTO_INCREMENT=9 DEFAULT CHARSET=utf8 COLLATE=utf8_spanish_ci;
/*!40101 SET character_set_client = @saved_cs_client */;

--
-- Dumping data for table `sector`
--

LOCK TABLES `sector` WRITE;
/*!40000 ALTER TABLE `sector` DISABLE KEYS */;
INSERT INTO `sector` VALUES (1,'Sector 1','AC',6),(2,'Etapa 2','AC',6),(3,'Transporte','AC',6),(4,'Sector 1','AN',6),(5,'Sector Zona Sucia','AC',6),(6,'Zona LImpia','AC',6),(7,'Grupo Electrógeno','AC',6),(8,'Grupo Electrógeno','AN',6);
/*!40000 ALTER TABLE `sector` ENABLE KEYS */;
UNLOCK TABLES;

--
-- Table structure for table `seguro`
--

DROP TABLE IF EXISTS `seguro`;
/*!40101 SET @saved_cs_client     = @@character_set_client */;
/*!40101 SET character_set_client = utf8 */;
CREATE TABLE `seguro` (
  `id_seguro` int(11) NOT NULL AUTO_INCREMENT,
  `asegurado` varchar(3000) COLLATE utf8_spanish_ci NOT NULL,
  `ref` int(11) NOT NULL,
  `numero_pliza` int(11) NOT NULL,
  `fecha_inicio` datetime NOT NULL,
  `fecha_vigencia` datetime NOT NULL,
  `cobertura` varchar(3000) COLLATE utf8_spanish_ci NOT NULL,
  `id_equipo` int(11) NOT NULL,
  PRIMARY KEY (`id_seguro`)
) ENGINE=InnoDB DEFAULT CHARSET=utf8 COLLATE=utf8_spanish_ci;
/*!40101 SET character_set_client = @saved_cs_client */;

--
-- Dumping data for table `seguro`
--

LOCK TABLES `seguro` WRITE;
/*!40000 ALTER TABLE `seguro` DISABLE KEYS */;
/*!40000 ALTER TABLE `seguro` ENABLE KEYS */;
UNLOCK TABLES;

--
-- Table structure for table `setupparam`
--

DROP TABLE IF EXISTS `setupparam`;
/*!40101 SET @saved_cs_client     = @@character_set_client */;
/*!40101 SET character_set_client = utf8 */;
CREATE TABLE `setupparam` (
  `id_equipo` int(11) NOT NULL,
  `id_parametro` int(11) NOT NULL,
  `maximo` double NOT NULL,
  `minimo` double NOT NULL,
  `id_empresa` int(11) NOT NULL,
  PRIMARY KEY (`id_parametro`,`id_equipo`),
  KEY `id_equipo` (`id_equipo`)
) ENGINE=InnoDB DEFAULT CHARSET=latin1;
/*!40101 SET character_set_client = @saved_cs_client */;

--
-- Dumping data for table `setupparam`
--

LOCK TABLES `setupparam` WRITE;
/*!40000 ALTER TABLE `setupparam` DISABLE KEYS */;
INSERT INTO `setupparam` VALUES (1,1,200,80,6);
/*!40000 ALTER TABLE `setupparam` ENABLE KEYS */;
UNLOCK TABLES;

--
-- Table structure for table `sisactions`
--

DROP TABLE IF EXISTS `sisactions`;
/*!40101 SET @saved_cs_client     = @@character_set_client */;
/*!40101 SET character_set_client = utf8 */;
CREATE TABLE `sisactions` (
  `actId` int(11) NOT NULL AUTO_INCREMENT,
  `actDescription` varchar(20) CHARACTER SET utf8 COLLATE utf8_spanish_ci NOT NULL,
  `actDescriptionSpanish` varchar(20) CHARACTER SET utf8 COLLATE utf8_spanish_ci DEFAULT NULL,
  PRIMARY KEY (`actId`)
) ENGINE=InnoDB AUTO_INCREMENT=18 DEFAULT CHARSET=utf8;
/*!40101 SET character_set_client = @saved_cs_client */;

--
-- Dumping data for table `sisactions`
--

LOCK TABLES `sisactions` WRITE;
/*!40000 ALTER TABLE `sisactions` DISABLE KEYS */;
INSERT INTO `sisactions` VALUES (1,'Add','Agregar'),(2,'Edit','Editar'),(3,'Del','Eliminar'),(4,'View','Consultar'),(5,'Imprimir','Imprimir'),(6,'Saldo','Consultar Saldo'),(7,'Asignar','Asignar'),(8,'Finalizar','Finalizar'),(9,'OP','OP'),(10,'Pedidos','Pedidos'),(11,'Supervisor','Supervisor'),(12,'Entregar','Entrega de Ordenes'),(13,'Lectura','Lect horas equipos '),(14,'Correctivo','Ver Correctivos'),(15,'Preventivos','Ver Preventivos'),(16,'Backlog','Ver Backlog'),(17,'Predictivo','Ver Predictivos');
/*!40000 ALTER TABLE `sisactions` ENABLE KEYS */;
UNLOCK TABLES;

--
-- Table structure for table `sisgroups`
--

DROP TABLE IF EXISTS `sisgroups`;
/*!40101 SET @saved_cs_client     = @@character_set_client */;
/*!40101 SET character_set_client = utf8 */;
CREATE TABLE `sisgroups` (
  `grpId` int(11) NOT NULL AUTO_INCREMENT,
  `grpName` varchar(20) CHARACTER SET utf8 COLLATE utf8_spanish_ci NOT NULL,
  `grpDash` varchar(50) CHARACTER SET utf8 COLLATE utf8_spanish_ci NOT NULL,
  `id_empresa` int(11) NOT NULL,
  PRIMARY KEY (`grpId`)
) ENGINE=InnoDB AUTO_INCREMENT=21 DEFAULT CHARSET=utf8;
/*!40101 SET character_set_client = @saved_cs_client */;

--
-- Dumping data for table `sisgroups`
--

LOCK TABLES `sisgroups` WRITE;
/*!40000 ALTER TABLE `sisgroups` DISABLE KEYS */;
INSERT INTO `sisgroups` VALUES (1,'Administrador','Otrabajo',6),(2,'Vendedor','Sservicio',6),(3,'Depósito','Sservicio',6),(4,'Operario1','Sservicio',6),(5,'Supervisor de Taller','Sservicio',6),(7,'Mecanicos','escritorio',6),(10,'Administrador','Otrabajo',8),(11,'Recepcion','Otrabajo',8),(12,'R.R.H.H.','Otrabajo',8),(13,'Administracion','Otrabajo',8),(14,'Cobranzas','Otrabajo',8),(15,'Operaciones','Otrabajo',8),(16,'Ceo','Otrabajo',8),(17,'Compras','Otrabajo',8),(18,'Depósito','Otrabajo',8),(19,'Supervisión','Otrabajo',8),(20,'asistente','',6);
/*!40000 ALTER TABLE `sisgroups` ENABLE KEYS */;
UNLOCK TABLES;

--
-- Table structure for table `sisgroupsactions`
--

DROP TABLE IF EXISTS `sisgroupsactions`;
/*!40101 SET @saved_cs_client     = @@character_set_client */;
/*!40101 SET character_set_client = utf8 */;
CREATE TABLE `sisgroupsactions` (
  `grpactId` int(11) NOT NULL AUTO_INCREMENT,
  `grpId` int(11) NOT NULL,
  `menuAccId` int(11) NOT NULL,
  PRIMARY KEY (`grpactId`),
  KEY `grpId` (`grpId`) USING BTREE,
  KEY `menuAccId` (`menuAccId`) USING BTREE
) ENGINE=InnoDB AUTO_INCREMENT=2089 DEFAULT CHARSET=utf8;
/*!40101 SET character_set_client = @saved_cs_client */;

--
-- Dumping data for table `sisgroupsactions`
--

LOCK TABLES `sisgroupsactions` WRITE;
/*!40000 ALTER TABLE `sisgroupsactions` DISABLE KEYS */;
INSERT INTO `sisgroupsactions` VALUES (154,151,1),(158,158,1),(159,159,1),(160,160,1),(987,4,116),(988,4,155),(989,4,156),(1129,7,23),(1171,10,2),(1190,10,6),(1191,10,7),(1192,10,8),(1193,10,9),(1194,10,10),(1195,10,11),(1196,10,12),(1197,10,13),(1199,21,9),(1200,22,9),(1201,23,9),(1202,24,9),(1203,25,6),(1204,25,7),(1205,25,8),(1206,25,9),(1207,25,10),(1208,25,11),(1209,25,12),(1210,25,13),(1211,25,14),(1212,25,15),(1213,25,16),(1214,25,17),(1215,25,18),(1216,25,19),(1217,25,20),(1218,25,21),(1219,25,23),(1220,25,24),(1221,25,25),(1222,25,151),(1223,25,26),(1224,25,27),(1225,25,28),(1226,25,29),(1227,25,30),(1228,25,31),(1229,25,32),(1230,25,33),(1231,25,34),(1232,25,35),(1233,25,36),(1234,25,37),(1235,25,38),(1236,25,39),(1237,25,40),(1238,25,41),(1239,25,42),(1240,25,43),(1241,25,115),(1242,25,116),(1243,25,117),(1244,25,155),(1245,25,156),(1246,25,157),(1247,25,118),(1248,25,119),(1249,25,120),(1250,25,152),(1251,25,153),(1252,25,154),(1253,25,176),(1254,25,177),(1255,25,178),(1256,25,179),(1257,25,180),(1258,25,158),(1259,25,159),(1260,25,160),(1261,25,209),(1262,25,210),(1263,25,211),(1264,25,212),(1265,25,64),(1266,25,65),(1267,25,66),(1268,25,67),(1269,25,68),(1270,25,69),(1271,25,70),(1272,25,71),(1273,25,72),(1274,25,73),(1275,25,74),(1276,25,75),(1277,25,85),(1278,25,86),(1279,25,87),(1280,25,88),(1281,25,89),(1282,25,90),(1283,25,91),(1284,25,92),(1285,25,93),(1286,25,94),(1287,25,95),(1288,25,96),(1289,25,97),(1290,25,98),(1291,25,99),(1292,25,100),(1293,25,101),(1294,25,102),(1295,25,103),(1296,25,104),(1297,25,105),(1298,25,106),(1299,25,107),(1300,25,108),(1301,25,109),(1302,25,110),(1303,25,111),(1304,25,170),(1305,25,171),(1306,25,172),(1307,25,181),(1308,25,182),(1309,25,183),(1310,25,184),(1311,25,185),(1312,25,186),(1313,25,187),(1314,25,188),(1315,25,189),(1316,25,190),(1317,25,191),(1318,25,192),(1319,25,193),(1320,25,194),(1321,25,195),(1322,25,196),(1323,25,197),(1324,25,198),(1325,25,199),(1326,25,200),(1327,25,201),(1328,25,202),(1329,25,203),(1330,25,204),(1331,25,205),(1332,25,206),(1333,25,207),(1334,25,208),(1335,25,127),(1336,25,128),(1337,25,129),(1338,25,130),(1339,25,132),(1340,25,139),(1341,25,140),(1342,25,141),(1343,25,142),(1344,25,143),(1345,25,144),(1346,25,145),(1347,25,146),(1348,25,147),(1349,25,148),(1350,25,149),(1351,25,150),(1352,25,45),(1353,25,46),(1354,25,47),(1355,25,48),(1356,25,49),(1357,25,50),(1358,25,54),(1359,25,55),(1360,25,56),(1361,25,57),(1362,25,58),(1363,25,59),(1364,25,60),(1365,25,79),(1366,25,80),(1367,25,81),(1368,25,121),(1369,25,122),(1370,25,123),(1371,26,9),(1372,27,9),(1373,28,9),(1595,11,151),(1596,11,226),(1597,11,227),(1598,11,228),(1599,11,230),(1600,11,231),(1601,11,232),(1602,11,233),(1603,11,177),(1604,11,178),(1605,11,179),(1606,11,180),(1607,11,212),(1608,11,220),(1609,11,221),(1610,11,222),(1611,11,223),(1612,11,184),(1613,11,188),(1614,11,192),(1615,11,196),(1616,11,200),(1617,11,204),(1618,11,208),(1619,11,214),(1620,11,215),(1621,11,217),(1622,11,60),(1623,11,225),(1624,11,218),(1656,13,226),(1657,13,227),(1658,13,228),(1659,13,230),(1660,13,231),(1661,13,232),(1662,13,233),(1663,13,177),(1664,13,178),(1665,13,179),(1666,13,180),(1667,13,212),(1668,13,220),(1669,13,221),(1670,13,222),(1671,13,223),(1672,13,184),(1673,13,188),(1674,13,192),(1675,13,196),(1676,13,200),(1677,13,204),(1678,13,208),(1679,13,236),(1680,13,237),(1681,13,214),(1682,13,215),(1683,13,217),(1684,13,60),(1685,13,225),(1686,13,218),(1687,12,226),(1688,12,227),(1689,12,228),(1690,12,230),(1691,12,231),(1692,12,232),(1693,12,233),(1694,12,177),(1695,12,178),(1696,12,179),(1697,12,180),(1698,12,212),(1699,12,220),(1700,12,221),(1701,12,222),(1702,12,223),(1703,12,184),(1704,12,188),(1705,12,192),(1706,12,196),(1707,12,200),(1708,12,204),(1709,12,208),(1710,12,236),(1711,12,237),(1712,12,214),(1713,12,215),(1714,12,217),(1715,12,60),(1716,12,225),(1717,12,218),(1799,18,220),(1800,18,221),(1801,18,222),(1802,18,223),(1803,18,236),(1804,18,237),(1805,18,214),(1806,18,215),(1807,18,217),(1808,18,60),(1809,18,225),(1810,18,218),(1811,19,23),(1812,19,24),(1813,19,25),(1814,19,151),(1815,19,226),(1816,19,26),(1817,19,27),(1818,19,28),(1819,19,227),(1820,19,29),(1821,19,30),(1822,19,31),(1823,19,228),(1824,19,32),(1825,19,33),(1826,19,34),(1827,19,35),(1828,19,36),(1829,19,37),(1830,19,231),(1831,19,38),(1832,19,39),(1833,19,40),(1834,19,232),(1835,19,41),(1836,19,42),(1837,19,43),(1838,19,233),(1839,19,115),(1840,19,116),(1841,19,117),(1842,19,155),(1843,19,156),(1844,19,157),(1845,19,118),(1846,19,119),(1847,19,120),(1848,19,152),(1849,19,153),(1850,19,154),(1851,19,176),(1852,19,177),(1853,19,178),(1854,19,179),(1855,19,180),(1856,19,158),(1857,19,159),(1858,19,160),(1859,19,209),(1860,19,210),(1861,19,211),(1862,19,212),(1863,19,220),(1864,19,221),(1865,19,222),(1866,19,223),(1867,19,214),(1868,19,215),(1869,19,217),(1870,19,60),(1871,19,225),(1872,19,218),(1873,14,226),(1874,14,227),(1875,14,228),(1876,14,230),(1877,14,231),(1878,14,232),(1879,14,233),(1880,14,177),(1881,14,178),(1882,14,179),(1883,14,180),(1884,14,212),(1885,14,220),(1886,14,221),(1887,14,222),(1888,14,223),(1889,14,184),(1890,14,188),(1891,14,192),(1892,14,196),(1893,14,200),(1894,14,204),(1895,14,208),(1896,14,236),(1897,14,237),(1898,14,214),(1899,14,215),(1900,14,217),(1901,14,60),(1902,14,225),(1903,14,218),(1908,20,41),(1909,20,42),(1910,20,233),(1916,1,6),(1917,1,7),(1918,1,8),(1919,1,9),(1920,1,10),(1921,1,11),(1922,1,12),(1923,1,13),(1924,1,14),(1925,1,15),(1926,1,16),(1927,1,17),(1928,1,18),(1929,1,19),(1930,1,20),(1931,1,21),(1932,1,23),(1933,1,24),(1934,1,25),(1935,1,151),(1936,1,26),(1937,1,27),(1938,1,28),(1939,1,29),(1940,1,30),(1941,1,31),(1942,1,32),(1943,1,33),(1944,1,34),(1945,1,35),(1946,1,36),(1947,1,37),(1948,1,38),(1949,1,39),(1950,1,40),(1951,1,41),(1952,1,42),(1953,1,43),(1954,1,94),(1955,1,95),(1956,1,96),(1957,1,115),(1958,1,116),(1959,1,117),(1960,1,155),(1961,1,156),(1962,1,157),(1963,1,118),(1964,1,119),(1965,1,120),(1966,1,152),(1967,1,153),(1968,1,154),(1969,1,177),(1970,1,178),(1971,1,179),(1972,1,180),(1973,1,209),(1974,1,210),(1975,1,211),(1976,1,212),(1977,1,64),(1978,1,65),(1979,1,66),(1980,1,67),(1981,1,68),(1982,1,69),(1983,1,70),(1984,1,71),(1985,1,72),(1986,1,73),(1987,1,74),(1988,1,75),(1989,1,85),(1990,1,86),(1991,1,87),(1992,1,88),(1993,1,89),(1994,1,90),(1995,1,91),(1996,1,92),(1997,1,93),(1998,1,97),(1999,1,98),(2000,1,99),(2001,1,100),(2002,1,101),(2003,1,102),(2004,1,103),(2005,1,104),(2006,1,105),(2007,1,106),(2008,1,107),(2009,1,108),(2010,1,109),(2011,1,110),(2012,1,111),(2013,1,170),(2014,1,171),(2015,1,172),(2016,1,181),(2017,1,182),(2018,1,183),(2019,1,184),(2020,1,185),(2021,1,186),(2022,1,187),(2023,1,188),(2024,1,189),(2025,1,190),(2026,1,191),(2027,1,192),(2028,1,193),(2029,1,194),(2030,1,195),(2031,1,196),(2032,1,197),(2033,1,198),(2034,1,199),(2035,1,200),(2036,1,201),(2037,1,202),(2038,1,203),(2039,1,204),(2040,1,205),(2041,1,206),(2042,1,207),(2043,1,208),(2044,1,238),(2045,1,239),(2046,1,240),(2047,1,241),(2048,1,241),(2049,1,130),(2050,1,132),(2051,1,139),(2052,1,140),(2053,1,141),(2054,1,142),(2055,1,143),(2056,1,144),(2057,1,45),(2058,1,46),(2059,1,47),(2060,1,214),(2061,1,48),(2062,1,49),(2063,1,50),(2064,1,215),(2065,1,54),(2066,1,55),(2067,1,56),(2068,1,217),(2069,1,57),(2070,1,58),(2071,1,59),(2072,1,60),(2073,1,79),(2074,1,80),(2075,1,81),(2076,1,225),(2077,1,121),(2078,1,122),(2079,1,123),(2080,1,218),(2081,1,242),(2082,1,243),(2083,1,244),(2084,1,245),(2085,1,246),(2086,1,247),(2087,1,248),(2088,1,249);
/*!40000 ALTER TABLE `sisgroupsactions` ENABLE KEYS */;
UNLOCK TABLES;

--
-- Table structure for table `sismenu`
--

DROP TABLE IF EXISTS `sismenu`;
/*!40101 SET @saved_cs_client     = @@character_set_client */;
/*!40101 SET character_set_client = utf8 */;
CREATE TABLE `sismenu` (
  `id` int(11) NOT NULL AUTO_INCREMENT,
  `parent` int(11) DEFAULT NULL,
  `name` varchar(50) NOT NULL,
  `icon` varchar(30) NOT NULL,
  `slug` varchar(50) NOT NULL,
  `number` int(11) NOT NULL,
  `estado` varchar(45) NOT NULL,
  PRIMARY KEY (`id`),
  KEY `parent` (`parent`)
) ENGINE=InnoDB AUTO_INCREMENT=73 DEFAULT CHARSET=utf8;
/*!40101 SET character_set_client = @saved_cs_client */;

--
-- Dumping data for table `sismenu`
--

LOCK TABLES `sismenu` WRITE;
/*!40000 ALTER TABLE `sismenu` DISABLE KEYS */;
INSERT INTO `sismenu` VALUES (2,NULL,'Seguridad','fa fa-lock','',2,'AC'),(3,2,'Usuarios','fa fa-fw fa-user','user',2,'AC'),(4,2,'Grupos','fa fa-fw fa-users','group',1,'AC'),(5,2,'Menu','fa fa-fw fa-bars','menu',3,'AC'),(6,2,'Database','fa fa-fw fa-database','backup',4,'AC'),(7,NULL,'Mantenimiento','fa fa-wrench ','',3,'AC'),(8,7,'Equipos','fa fa-fw fa-cogs','Equipo',1,'AC'),(9,7,'Componentes','fa fa-fw fa-cogs','Componente/asigna',2,'AC'),(10,7,'Preventivo','fa fa-fw fa-tasks','Preventivo',5,'AC'),(12,7,'Backlog','fa fa-fw fa-tasks','Backlog',6,'AC'),(13,7,'Registro de Parametros','fa fa-fw fa-tasks','Lectura',10,'AC'),(14,7,'Predictivo','fa fa-fw fa-tasks','Predictivo',7,'AC'),(15,7,'Solicitud de Servicio','fa fa-fw fa-sitemap','Sservicio',3,'AC'),(16,NULL,'Pañol','fa fa-briefcase','',4,'AC'),(17,59,'Articulos','fa fa-fw fa-barcode ','almacen/Articulo/index',1,'AC'),(18,59,'Stock','fa fa-fw fa-cubes','almacen/Lote/index',2,'AC'),(20,59,'Entrega Materiales','fa fa-fw fa-check','almacen/new/Entrega_Material/index',3,'AC'),(21,59,'Recepcion de Materiales','fa fa-fw fa-paperclip ','almacen/Remito/index',4,'AC'),(23,16,'Herramientas','fa fa-fw fa-sign-out ','Herramienta',5,'AC'),(24,16,'Salida Herramientas','fa fa-fw fa-paper-plane','Order',6,'AC'),(25,16,'Entrada Herramientas','fa fa-fw fa-paper-plane','Unload',7,'AC'),(26,16,'Trazabilidad Componentes','fa fa-fw fa-exchange','Trazacomp',8,'AC'),(28,59,'Punto Pedido','fa fa-fw fa-bookmark','almacen/Lote/puntoPedList',10,'AC'),(29,NULL,'ABM','fa fa-book','',6,'AC'),(30,29,'ABM Grupo','fa fa-fw fa-server ','Grupo',2,'AC'),(31,29,'ABM Sector','fa fa-fw fa-sitemap ','Sector',3,'AC'),(32,29,'ABM Contratista','fa fa-fw fa-life-ring','Contratista',4,'AC'),(33,7,'Parametrizar Predictivo','fa fa-fw fa-bullhorn','Parametro',5,'AC'),(34,29,'ABM Deposito','fa fa-fw fa-qrcode','Deposito',5,'AC'),(35,29,'ABM Tareas','fa fa-fw fa-street-view','Tarea/index2',6,'AC'),(36,29,'ABM Parametros','fa fa-fw fa-adjust','Altparametro',6,'AC'),(37,29,'ABM Proveedor','fa fa-fw fa-truck','Proveedor',7,'AC'),(38,29,'ABM Familia','fa fa-fw fa-check-square','Family',8,'AC'),(40,7,'Ordenes de trabajo','fa fa-fw fa-tasks','Otrabajo/listOrden',8,'AC'),(41,7,'Administrar Ordenes','fa fa-fw fa-thumbs-up','Envio',10,'AC'),(43,59,'Pedidos Materiales','fa fa-fw fa-cart-plus','almacen/Notapedido/index',11,'AC'),(44,NULL,'Compras','fa fa-shopping-cart ','',5,'AC'),(46,44,'Recepción pedidos','fa fa-fw fa-check','Administracion',2,'AC'),(47,NULL,'Reportes','fa fa-line-chart ','',8,'AC'),(49,47,'Rep Informe de Servicios','fa fa-fw fa-file-text-o ','Reporte',3,'AC'),(50,47,'Rep Ordenes de trabajo','fa fa-fw fa-file-text-o ','Reporteorden',2,'AC'),(53,29,'ABM modelos','','',0,'AC'),(54,7,'Plan de Mantenimiento','fa fa-fw fa-calendar','calendario/indexot',9,'AC'),(55,7,'trazabilidad Activos','fa fa-fw fa-exchange','fa fa-calendar',11,'AC'),(58,NULL,'Equipos','fa fa-exchange','',0,'AC'),(59,NULL,'Almacenes','fa fa-check','',4,'AC'),(60,29,'ABM Marca','fa fa-fw fa-copyright','Marca',9,'AC'),(61,47,'Rep articulos pedidos','fa fa-fw fa-file-text-o ','Reportepedido',6,'AC'),(62,29,'ABM Area','fa fa-fw fa-asterisk','Area',1,'AC'),(63,29,'ABM Clientes','fa fa-fw fa-user','Cliente',2,'AC'),(64,29,'ABM Criticidad','fa fa-fw fa-line-chart','Criticidad',3,'AC'),(65,29,'ABM Procesos','fa fa-fw fa-sitemap','Proceso',5,'AC'),(66,29,'ABM Componentes','fa fa-fw fa-cogs','Componente',2,'AC'),(67,29,'ABM Unidad de medida','fa fa-fw fa-thermometer','UnidadMedida',11,'AC'),(68,29,'ABM Sucursales','fa fa-fw fa-building','Sucursal',10,'AC'),(69,7,'Informe de Servicios','fa fa-fw fa-file-text-o','Ordenservicio',4,'AC'),(70,29,'ABM Sistemas','fa fa-fw fa fa-cogs','SistemaABM',12,'AC'),(71,NULL,'Mis Tareas','glyphicon glyphicon-list-alt','Tarea',10,'AC'),(72,29,'ABM Plantilla Insumos','fa fa-fw fa-server','Plantillainsumo',3,'AC');
/*!40000 ALTER TABLE `sismenu` ENABLE KEYS */;
UNLOCK TABLES;

--
-- Table structure for table `sismenuactions`
--

DROP TABLE IF EXISTS `sismenuactions`;
/*!40101 SET @saved_cs_client     = @@character_set_client */;
/*!40101 SET character_set_client = utf8 */;
CREATE TABLE `sismenuactions` (
  `menuAccId` int(11) NOT NULL AUTO_INCREMENT,
  `menuId` int(11) NOT NULL,
  `actId` int(11) DEFAULT NULL,
  PRIMARY KEY (`menuAccId`)
) ENGINE=InnoDB AUTO_INCREMENT=250 DEFAULT CHARSET=utf8;
/*!40101 SET character_set_client = @saved_cs_client */;

--
-- Dumping data for table `sismenuactions`
--

LOCK TABLES `sismenuactions` WRITE;
/*!40000 ALTER TABLE `sismenuactions` DISABLE KEYS */;
INSERT INTO `sismenuactions` VALUES (1,1,1),(2,1,2),(3,1,3),(4,1,4),(5,2,1),(6,3,1),(7,3,2),(8,3,3),(9,3,4),(10,4,1),(11,4,2),(12,4,3),(13,4,4),(14,5,1),(15,5,2),(16,5,3),(17,5,4),(18,6,1),(19,6,2),(20,6,3),(21,6,4),(22,7,1),(23,8,1),(24,8,2),(25,8,3),(26,9,1),(27,9,2),(28,9,3),(29,10,1),(30,10,2),(31,10,3),(32,12,1),(33,12,2),(34,12,3),(35,13,1),(36,13,2),(37,13,3),(38,14,1),(39,14,2),(40,14,3),(41,15,1),(42,15,2),(43,15,3),(44,16,1),(45,17,1),(46,17,2),(47,17,3),(48,18,1),(49,18,2),(50,18,3),(51,19,1),(52,19,2),(53,19,3),(54,20,1),(55,20,2),(56,20,3),(57,21,1),(58,21,2),(59,21,3),(60,21,4),(61,22,1),(62,22,2),(63,22,3),(64,23,1),(65,23,2),(66,23,3),(67,24,1),(68,24,2),(69,24,3),(70,25,1),(71,25,2),(72,25,3),(73,26,1),(74,26,2),(75,26,3),(76,27,1),(77,27,2),(78,27,3),(79,28,1),(80,28,2),(81,28,3),(82,29,1),(83,29,2),(84,29,3),(85,30,1),(86,30,2),(87,30,3),(88,31,1),(89,31,2),(90,31,3),(91,32,1),(92,32,2),(93,32,3),(94,33,1),(95,33,2),(96,33,3),(97,34,1),(98,34,2),(99,34,3),(100,35,1),(101,35,2),(102,35,3),(103,36,1),(104,36,2),(105,36,3),(106,37,1),(107,37,2),(108,37,3),(109,38,1),(110,38,2),(111,38,3),(112,39,1),(113,39,2),(114,39,3),(115,40,1),(116,40,2),(117,40,3),(118,41,1),(119,41,2),(120,41,3),(121,43,1),(122,43,2),(123,43,3),(124,44,1),(125,44,2),(126,44,3),(127,45,1),(128,45,2),(129,45,3),(130,46,1),(131,46,52),(132,46,3),(133,47,1),(134,47,2),(135,47,3),(136,48,1),(137,48,2),(138,48,3),(139,49,1),(140,49,2),(141,49,3),(142,50,1),(143,50,2),(144,50,3),(145,51,1),(146,51,2),(147,51,3),(148,52,1),(149,52,2),(150,52,3),(151,8,13),(152,54,1),(153,54,2),(154,54,3),(155,40,9),(156,40,7),(157,40,10),(158,55,1),(159,55,2),(160,55,3),(161,56,1),(162,56,2),(163,56,3),(164,58,1),(165,58,2),(166,58,3),(167,58,4),(168,59,1),(170,60,1),(171,60,2),(172,60,3),(173,47,1),(174,47,2),(175,47,3),(176,54,13),(177,54,14),(178,54,15),(179,54,16),(180,54,17),(181,62,1),(182,62,2),(183,62,3),(184,62,4),(185,63,1),(186,63,2),(187,63,3),(188,63,4),(189,64,1),(190,64,2),(191,64,3),(192,64,4),(193,65,1),(194,65,2),(195,65,3),(196,65,4),(197,66,1),(198,66,2),(199,66,3),(200,66,4),(201,67,1),(202,67,2),(203,67,3),(204,67,4),(205,68,1),(206,68,2),(207,68,3),(208,68,4),(209,69,1),(210,69,2),(211,69,3),(212,69,4),(213,16,4),(214,17,4),(215,18,4),(216,19,4),(217,20,4),(218,43,4),(219,22,4),(220,23,4),(221,24,4),(222,25,4),(223,26,4),(224,27,4),(225,28,4),(226,8,4),(227,9,4),(228,10,4),(229,11,4),(230,12,4),(231,13,4),(232,14,4),(233,15,4),(236,45,4),(237,46,4),(238,70,1),(239,70,2),(240,70,3),(241,70,4),(242,71,1),(243,71,2),(244,71,3),(245,71,4),(246,72,1),(247,72,2),(248,72,3),(249,72,4);
/*!40000 ALTER TABLE `sismenuactions` ENABLE KEYS */;
UNLOCK TABLES;

--
-- Table structure for table `sistema`
--

DROP TABLE IF EXISTS `sistema`;
/*!40101 SET @saved_cs_client     = @@character_set_client */;
/*!40101 SET character_set_client = utf8 */;
CREATE TABLE `sistema` (
  `sistemaid` int(11) NOT NULL AUTO_INCREMENT,
  `descripcion` varchar(255) NOT NULL,
  `estado` varchar(5) NOT NULL,
  `id_empresa` int(11) NOT NULL,
  PRIMARY KEY (`sistemaid`)
) ENGINE=InnoDB AUTO_INCREMENT=12 DEFAULT CHARSET=latin1;
/*!40101 SET character_set_client = @saved_cs_client */;

--
-- Dumping data for table `sistema`
--

LOCK TABLES `sistema` WRITE;
/*!40000 ALTER TABLE `sistema` DISABLE KEYS */;
INSERT INTO `sistema` VALUES (1,'Electrico','AC',6),(2,'Hidraulico','AC',6),(3,'Eléctrico','AC',7),(4,'Mecánico','AC',7),(5,'Hidráulico','AC',7),(6,'Gas','AN',7),(7,'Motriz','AC',8),(8,'Hidraulico','AC',8),(9,'Carga','AC',8),(10,'Tren de Fuerza','AC',8),(11,'Motriz','AC',6);
/*!40000 ALTER TABLE `sistema` ENABLE KEYS */;
UNLOCK TABLES;

--
-- Table structure for table `sisusers`
--

DROP TABLE IF EXISTS `sisusers`;
/*!40101 SET @saved_cs_client     = @@character_set_client */;
/*!40101 SET character_set_client = utf8 */;
CREATE TABLE `sisusers` (
  `usrId` int(11) NOT NULL AUTO_INCREMENT,
  `usrNick` varchar(50) CHARACTER SET utf8 COLLATE utf8_spanish_ci NOT NULL,
  `usrName` varchar(50) CHARACTER SET utf8 COLLATE utf8_spanish_ci NOT NULL,
  `usrLastName` varchar(50) CHARACTER SET utf8 COLLATE utf8_spanish_ci NOT NULL,
  `usrPassword` varchar(5000) CHARACTER SET utf8 COLLATE utf8_spanish_ci NOT NULL,
  `usrimag` blob NOT NULL,
  PRIMARY KEY (`usrId`)
) ENGINE=InnoDB AUTO_INCREMENT=54 DEFAULT CHARSET=utf8;
/*!40101 SET character_set_client = @saved_cs_client */;

--
-- Dumping data for table `sisusers`
--

LOCK TABLES `sisusers` WRITE;
/*!40000 ALTER TABLE `sisusers` DISABLE KEYS */;
INSERT INTO `sisusers` VALUES (1,'mantenedor1','mantenedor','mantenedor apellido','2dc4e4a6fbeab8a7f828efa9aec7d7ad',''),(2,'supervisor1','supervisor','supervisor','2dc4e4a6fbeab8a7f828efa9aec7d7ad',''),(3,'planificador1','planificador','planificador','2dc4e4a6fbeab8a7f828efa9aec7d7ad',''),(4,'solicitante1','solicitante','solicitante','2dc4e4a6fbeab8a7f828efa9aec7d7ad',''),(16,'m.rodriguez@mrsservice.com.ar','Mariano','Rodriguez','21232f297a57a5a743894a0e4a801fc3','\0JFIF\0,,\0\0\0C\0	\Z!\Z\"$\"$\0\0\0\0\0\0\0\0\0\0\0\0\0\0\0\0	\0R\0\n\0\0!1AQa\"Bq	2T#3RVbr$SCUc%Ds4Fd\0\0\0?\0Zy8r\"\"\"\"\"\"\"\"\"\"\"\"\"\"\"\"\"\"\"\"\"\"\"\"\"\".<Sr ,\\rȞQRnAܒr̪| AP	i\rwGDDDDDDDDDDDDDDDDDDDDDDDDDT۸\0eǐF7w$*D_FATZC]ŧ+/v\0q\'.<ʩU\09iOg\\}Yl[O߯P۩,y\09a:-6WYy?[t+\Zڜh9_?	~?ʟڿK\0^ieS$[CSFƇԷ7B#P@h$8H;_!}k2\"\"\"\"\"\"\"\"\"\"\"*^`Aܒr̪| 2\nӺ㖞GDDDDDDDEzZvUey47Pڈݺ\\;pGZ$thƏcqcqih.pqkH>DDDDDDDDDDT.<1$ǙU\"\"\"\"\"@#d@%u-<w\\tPWjࣤ3Ǝd(NӾ{dcs\0I;Y֛ۭ[/H{#\0>ʳ{R44Q:{~e\"\")[^oGm6{5i[Ph=\'5~i\rMVo Wմ1[#*Lwk7j6)ӵ\Z|l!\"\"\"\"\"\"\"\"\"\02#N\\yR\"\"\"\"\"/0FATZw\\rxȈ]=4FԵͥacIk5>ծnI$klo{!ňT:o\"eW+}y6VT}=4AT>	A\nDE3͋0ڀF)W<tTLwc{p%jX˽woIY[4=\'t4z\ng4/p?x>/tmު~1\r{~E\"QRc\0䓗eT\0U\0=r\"\"\"/Z[>ڎV[}fIyv\0w;f}_%ʹ臨@Km!l==ر)co^L\ZR؜2\rߏNsǁZ-j60)nsGUb*8w{>dEc:f4nT\'sTOKUM4xvA+a6ѭLj9B!B\"\"\"\"\"\"\0q\'.<ʩ#!P	i9oa+|$\0I8Z駶5ְ~UlҖyU{x=:,Ю,!kg=8[/ZfΡ܊M[<IfiX!:>مbB[ZäcOK׽dܫa	s\\җ릘47-Sklӌ{Gh[E^mN܎\'h+/v8Aq\'.<ʩ#!P	i9oa+鍴l\0eۧWhOHdӁ൪I$rO5\\1ŴM=wc<vqY[qF%a^T$IqGLۈ\0iQzZj=GmyU\\PCyg[~:jH)hlqF5\0`={)tkp\00gg΅;L~ڌVZl6`O\\N>c\0ˏ n2Iˏ2DDDDDDDDDEFTZpN[{\nDZ駭߬6pm}y8-.o=n\'X=K]tĭ*{6ӳ]CYO0choXn1sXCo;VmgW6tu4Tq99=\'w,r#F״4`/4\'M	^\ZS])z0eG&-k6TYOўg$c\"\"W+eůcȭttֿuo՘<\0֏q>YRcqrO2DDDDDDDDDDD qXpxx.EoЗE)m2{ZGׅ\n뫪+dWK+IJ\"\"\"\"\"\"\"\"\"s>i80_N\01cOLDDDT\\ycwxyR\"\"\"\"\"\"\"\"\"\"\"!\0+ÃŽ`Z=ݡ\\* iִDDDDDDDDE^kjrw\\alRcqNIUHaCv_cP-ۭc3(Z8 *Qdn52RFK7Xq?Q[RDDEK<5̞eTs.Ӳ7K48kђOAmWkE572N|x08uuֶUjZ4adc#\0v/͹\\WZ8 *Qzs]n)k%lOãx9xK\\ʉ5\\FeD\Z9=M[fmsNK4p6E]E{kW%.v8$O2DDDDDDDDDDDDDX7Ҳ(c5sM+nxake@A9rf\\WZ8 *Qgn7JH]=6\nwwx-dHsyR\"\"\"\"\"\"\"\"\"\"\"\"\"+?lZ*h[7i:l?r1\0m4Fj*KC]N^4sOaEP$A D/Dnك4p<8=DDDDDDD_@$q*jY.us	ZZ5\nR0=L%K\0eǐF\'U\"\"\"\"\"\"\"\"\"\"\"\"\"\"\"5nںoDyLmf{|??>t̟@m:OAc@4ȇI>=$hKcϷ{\rI=gd3l2~{|??>t̟@m:OOc?6ϝ\'\'gΓ{\rI=gd3l2~{|??>t̟@m:OOc?6ϝ\'\'gΓ1\rs+z\ZCX֖NY\0\0\0\0`\02#[ܓ̪Z[R{fmS>&vOp<V6KlyE\\̆-82sdFF\ny=ʴDDDDDE[** SәOA[z5\n*9J\".9$ҳ\"ǐF\'U\"\"\"\"\"\"\"\"\"\"\"\"\"\"\"\",\'jn]o}#ol?4=Kulv록݇heG_`d9vTgpܫDDDDDE=\\i;^i<\Z2. Kr((**sp\02cqǉ<ʩ/e]Wl6ÃԱF\nڗFaN\\ 	8t~f>FQ@=ʴDDDDE>7z	{dnvEFqcJ~5SIi..TkqO2DDDDDDDDDDDDDDDDDTHx\\#l/n褸\08n7!LsRnjG-W(}[P\"g{ru.ۭW\n5B^I-LjZ.W][,CGSǠyꥻ;Z\0c1WZ6I⌊{Kl~kڼ~ijrݓ֏:2}c(x*U\"\"\"\"1ZKaQ7w6KǳZhউi10p8\0}贞i֋}PF%\\H\0ѮMYY`V\'2Vq;%ΪyPdsk~PϳMQGt%TP++%sAG\\hM~x\Z0]44z:0Z-07\ZGcӎVu.T;mM&MSk\n4}V-KUp|8;-#ە\'=-ͮ3[l=>|g\"\"\"\"\"\"+Kk΋g=7p	=n!j\0t^o7y{\\+A355l;A+wfDcwR=q,Q㬑,*A侢|Fpi.r\"\"\"\"\"\"\"\"\"\"\"\"R[9HPצ6Riut>as˼דN=DimQmVU<A# =k^-UZޮ1E%3ՃڮEnWQj0{n{ƭKz汬wiq\0ٵQtz\ZQiHMSr٪X`%a݆\Zݣ2զ),md\r|huV#C}h{FUWZ_=K38g{Efm%k\\FwRҲ;=4=`c\07GVJ-٤ߩLH|**mVu<eFLޠCb8px;~jI榧D^Bkֶ#%vPyRy%3X9߽\";\\Px\0KH=Xڐm.TBJia<p ھnֵFӇoOu_a\"Kt5*6s\0c>:	BV=p8UT:(nWaqT:&\0e\\ۑ^շSʄ|¼J+U=Bs<\nj듧!iWyUX;TG\\Iuo25\ZLXO]P1È<{AVUUvC]\0~6s:6WSBA(\Z%s:Ǹ86$hAl]Guor>囵(M!`2\0xV:tE93Yv٧!nj7wO;uԕmD[->)Y}I~6m$yV}3z󁃀nMŔ+yc\'|U55u\\̂H$yk@HM]u|S[=4aY-ǘgQTd*V籣x*kQ1@w.z:>j-k72ZHdo>Jl/^Z㽣j,54p\0*()ܦc[;o.*qwHƻ29+.k]<BmI%1q}i*zyMIZ0Xׇ=;t0lZr+mF J\0LK3\')xi#{^R湧 ӂ\ni\Z#,\0]\Z}C@o_pU~Eb[\Z\'W6RѺw/RǺ6pjn=֝ܜ]hl|o_4%kwG>ڽeKvYy4䨷8\rw0gPnnTݮꛕ7#݁Z\Z\0,M\0}=gXmM>oLL	K]d0k^1\\gMV~x/?f\0.֪vn0^inkiKڞo\"B@^ev!T4˗1\Zw>(kDJYЖZ)$oaraEϏE7֚aqe,Md\\;\0\0ΘWuhe<c5wWD>nM}OKmvdoo3Mhk@\r\0R\"\"\"\"\"\"\"\"\"\"\"ܭw9Э랒e<SƗ<_){9]yʁ\0DC6zO\'8kunR7;^>Ŧ	\Z\'4wB8`G]z@jA>li!ri?	ܥõRڪ6;;ѻ%`m_\rK1+暦\necÆF\n晴\ZNOS2LgXKKx`\Zqe]7^f&q/\r-&(.Z晡v59\r?	ڠt׫Jټ$?8;\0!KSyΒOи>p=ƞןi^Z4q6([\Z;2OiVOW^=cXrw]W(fҒFLn1OIU yq}Jc&ױ-<uu%526&Z*jxf9$svnވB<8GިbKQ3b\"G2O^>6Ct<Rӹ0-lɥi}EEEdM#I{}eu厒z:Kkؤ}3$NZSW5eLD\0*E\'؝WWTk]R#u47͒`ޓ#S\rhk@k@\0pTԾۯϹWG7q`/=:dxa瓅q3-I:uZ:0\nt3߅$nhh5MPwQFfjc;ۉR{\\T5گVڋ]Ȫ!qhfi\'u^RW=sH#$4[C1m7j\'9Vɦ5^PӇ3tEX@I^mK@UO,mp[X%yT;JَmC;D?|1;y\0NV(?I=6G.\n1@]GTylΊd{OhEΛ(`\r`F%f^;\"in/MCe}7VeŒw0><4kGålM[an\Zؾk}\"OJˢ8*G3htts6z\rCrh?\\8w+~᤭SV9KڢԑS66{pDhw2H]\n=%mHpsr^Fc-co|]O!GSiPQW;#%c\\G5BTR$s.Bbo<`);㒞]\0[_ˬ틫>1TDD^&:{NoK|6M i?\"\"\"\"\"\"\"\"/\'Qj+umClh}Lcx/YAWpNF(iAQzn\\^7OhzXG%u[cW/Fi{X:sQ)(塖XKL- e$\"b/jt\'ߚ3IucqʘǷJmwVѴS:\0gfKkh\\MǊ²tr1{NUan-\nۋädx.y@/\nfѪb7e|OWR:ZH#Q5\0rֵ>T۝lm[\0j(Y:kkw]Ŋ1ϩ2BpIҽ4]kwkKxQ} YCmf1]nwN_~AB\0V6nN\rEQ#NQWylѺhό8o4;\n(-m?OlIz$x-cS&8\0;yZڞеu|\0VLxX#fx1⥿BjwWL}9.c\ZIHwh㌰DDDDDDDE	J#&*s9TI`<NS遬ΚEŧ(ZNodw+[{\\j^K%Lyϒ\\/uz_ٵ].R\\g\'GmkHzMj+=Kj(+lм{<DEa뭑l[;P;|c#+=_/vx=L֭;@7<q~ЏNnPOLȳJѽCddwc+IߩfUF;m=;4{\"\">&aU7\\i%W31.#w(,{K\\#BsZr<B[3t#ݨ&aE^L3žK]UthGo|͞pR.x*QM4sC d9kEtjXn[FxhkCm[OWW#l8<ch9m;NKIE{;0\'ucOxwhV4tԢJ:6;2v\0;yZڮ[GՓCRdZOx1}Ye.4Umǻ-\0liJr[g]+ a|1\\UUjaIx\0I<|w:۝t\ZqtLxDDY*]pijCcx県V4ѩ,ƞAP#/QRcn<IUH;tjNiZk\\pЃ</o]YpOpC,H\'$ߕm!c(>={<-sN#B\"ۮم\\p[\r\\:mS#6WȶCG[5K%XXx<ǁ}5Vb7k6\r4e;8$ps]ƂO߅DW^̵ޢ樇PiSFq$ncԳᥴo9??\r-\0ȴC_=jwMc>h~N}z딢\0<qTDDDDDDVu\ZbPZ0򿱌onZjWE,[/-7NbhcZlZjM#o>	m>#LZj/sv3zOGnGWAY]<y {\\;;8n\'U\"\"\"G6N3j2(%wyz;mguTsZ4T2i[TofV|8,M+|%sKI\\K$zMsnմa<ykǴ8 UTI\rq-3yve\r>6ܶvSu<M[(,c4vZ֦5ƠZS)q0v4+]]2їm^t͆1;H+fGGol19>\"\"\"\"\"zJV]CTj\ZVdJGz,hq<\0Z۾oWNie\rvY;{i\"\"\"\"+B\rUd+ڣbr3{>	$La2Ն]-7l>4\0=62>o@*酲I:~v9:/Tt\0Z?O]jΖeQ8HV禎ϩ~=d9ǚơ>=;m`6Z+}Camk\ZIVURS?=v}kK#J=9srI+H9\n\\#mc(>={cs\\Hr]9c6\n.<%[&o.,T۞մtGjAe\r?4vŭ]kA-YSYcp3ZҶX43W\\*17$9ض9ѓbi5Kԕ]T>3}2\"\"\"\"\"USQWW3 Id{4O`kcNjOA+6׹ifp=adDDDDERu`^9O׫^h\Z;\0g=SKwG3h5Эîn$P$z2>^H\r[OJ:t{fб}C\0GiZfBՕ:QUf818#ccGV\"\"-WKsauWFچ	!3	y9G]\\Nzh$W1=k7웣ѵU\\N5\"W7bYM͌{Gl`	ZMpxgoꏭddDDDDDEz{m{vcbݩ`#ő-φiPz1]X\"/A?IS&֎\0興I*ftD$hlDYRn{V(o\\\'Pб}C4v\r[5$EWqy\"r\"h@={\\ǖ=i`DE,z\"tr}^Q%+pj$>zku\rަx\ZcaX}v>AZspFFVi$\"ДnwZ#Bt֊:d͢Hu5# dYo\ZnO};\r\'ΐX<Kժ=ajOpWi\nO+y<ԼtDDDD^,l~WVU3z*eyh\Z;\0TI\rq-3yve\r>>ܶSt=WJhh>\0-j/\\jjG3GccG*!zMs.1 Ua<OqǞ,{K\\ӂPXD^Q%+pj$>z=%<Fh!|\"wKG1˒\"\"\"\"\"\"\"\"\"讻pͳ)\0.1`Kir2\0cUQ%Ldw5h	8$<_	mɛ˴K(?(o\r=iݔ7.	8?4vֵs653Tqc!gc;\Z89kp`BTц<>={=iqJ}~]72$[n\rYAp\\]_&ktIPpcy\0W}YuەiJBu4Q\'xZ鮖[ZjY</\0A\n\"\"\"\"\"\"\"G8#k\Z	q=-RVIvE5cv&V~6!WVU3uTd~;4v\0]	8$<_	mɛ*Cmjwe:IKzr\n;hwgkWizPmUj-EVf8B0v4+Y)q?#huh-\n9\r`IG\nTkhoe>Kf]%$xT?y\0-2[KHzhiJ\rjmPMU\'urz}ŞQX] 7IFB<n7r\"\"\"\"\"cU`^|?૨S#֎\0興I%LΈ}q\0h\\xKlL]YAC}Hm[NI>uM[(,c%C\0Gk=kZL:hZQj*=Lgc;\0V\"\"]9\0%6הe%+pj#}sZ&~}c[Qǁ%C6}M%8v\Zf80Ŝ<v~=iqPo˨I/bIW_B*cgfN?#:G/tm\r`@<>L-z\"\"\"\"EUX=_FCx\0cUQ%LI\0p\rp\"\"\"\"\"\"\"$\02J9c6\Z.<%[&o.,T۞ttGvP4vֵq653Tq`.v1ZȈXC^Q%+pjdKXkhoe>Kfn%$xT?@-ji:j\Zks2JFSG\rhO2U8q^˄b9Tц<>={=iqewZ:Cii7cxx 5eFKSS1o~X3\0zKOpzA^JL\0\Z;DDDDDDDS\'Gh=֫tG4\"m=$jAe<zֵv5е]FufjN#2v1ZȈXC漣s--\"KuV?4˴tcJH$~81<Zu5lte\'<\ZdÊ\\#ڦ1瀐~i?GQ%k:V^KJ܏+mC\"\"\"\"\"\"\"(g/\0P~8U`d?wIS1B;Gp\\-tR[E]B\rmp1a؆Եg;>jk\na:FY-_/\\\rjʭG3G>d;\06y]+\\ns41kc>zV[𡪅Ѽ{2E,z!su^Q9%+pj1#}s[&v|c%$xTI`O ôC\r]5\09i)OUMx5<V:\"\";6ʦW! 7>=lmR\"\"\"\"\"\"\"~e+nU;W˄D~PwiUVW\0>FCx\n*e2HGph5Qy)ZÜGHtcj@98\ZʍtM.vc7|Wji{f@=EjAnCIGN01`\0}+6sgכ*M=$bl}]Pg\Z\rpZE,z!ru^QZDt=H?4˴c\Z:JH$~81<Zu5l7%\'<\Zd˲S]/FcyV推~\\6{vgWVrmH{ɏk_HԴ#d?wનS$4w_yպ}k{>p^Ǻ=zsTCJiA?`6YaK)mLmNx=yӷZkÛOXl\Z;gM7EqwHM4R:tNyFZDt#,vM7%3XƍJH$~81<Zu5lte\'<\ZdenW_:@Zp\\Dm.hKr\"\"\"\"\"\"\"6ץ^aWDFq+Fj)	c7=\\+z8Ucd?wનS$ \0\"\"\"\"\"\"\"\",hfWj	.4;[,V;д5U]F쑐r=kOm![-ݩ$#b軼aQ+U4U+:ZrdqI.s]5]*PnPa`iÜ4˴|cJH$~81<Zut[IHzhiJKsHQ_CL~U7qO?w.DDDDDDDZ鱳)tFӦPӖ/uD.k|ئ\08xz8Uc+JL<Gp\\E^(\ZU˱MR:JX;;⡬MԳo֊q<?XѓbjTHGIU,,ۣ%Tڻ,zy\Z|!${d&مI7.[Ӽ:yfG<N6ôE]5\09R0<cGytDDD]MeKl[0e{\0Ҷ]Ͷck,uKVNwy\0x\".?\0EȈh;&]vCn34y#|G2{̵=ET|F|\nv9rVMUD$<y\08\\\Z?X!Wzj_j4z\"JݴRӈ]~\".@^F!CNz[5.-hXUO!q%urD#c{pִdgtȇh\Zʘ6+3mi\ZGw<CzԭDD\\_qx^*.@ӲX=:G\')aTOE]k㥙&u-\05{o|w$2̑ip\"\"\"\"\"\"\"\"\"\"\"\"\"\"\"\"6ku:\rMD%>Ft燰d\0.ܐ_/#^y<{R	q~K\0ODDDDECs.?WƆyڪEe͖-pl\0&;XXt,5|cRܭ.\'͊6+=\r6B:sݣZd>ܬKFwU;GM<Rݒ:)\Z1dۤ#ũQg?RMf![Utow.?zϡwܨ*߉}ȫ~\'QGO\"G<uD~*߉}ȫ~\'QGO\"G<uD~*߉}ȫ~\'QGO\"G<uD~*߉}ȫ~\'QGO\"G<uD~*߉}M\\(*/\0՟BvZbΪs~7wi^sXJ=Ê]&9-=ܗlF׮v{fyuu?yX%mVefGFIZG&֐N}1sy4hN{&Үwzf[r\Z>E(iiKGM\r42(Ǝ\0_r\"\"\" W44w̞R\"\"\"&r`.?&}ĩr{C*ooܞJ\'?&}ĩr{C*ooܞJ\'?&}ĩr{C*ooܞJ\'?&}ĩr{C*ooܞJ\'?&˖ 10ցɁ%>̈.?W_XO2{UH_\\Ȉ{;x\r\'T%>̋ <J\r\'T\'\09-hnp9R\"\"\"\"\"\"\"\".}T4TST<Y_wZђp8|-u16h_Fi2U63US8VqZ3_!jajgO^%8-%=]zښj*Yj\'X_$Ҽ1h.q<\0s449FAt,Wj妚k誙n{DE$7I#K\0*۴k#umc诐9twH#\0~r<U\Z\0IV]$TLco$k^p7y8[GW\ry\"\'I[˵&>Es}K[ͧn塻`#\0x];=T4<O&Nֹlo8k49=s헆+CX4Gqᛧ9mR\"|M1{>\Z7堒0{VkYh.O\\xly-\'\nDDDDDDD\\]K?4\\4W5OWUqF)h_KG0׺74c۬[pUY)mɿ_2:GA+[cuo\\`Ps5;yJ*tUD0[7^VC%^׳mhԢ>IYղ{[z`Jj*K=-[\0ԕf\Z\"\Z#\\a\"$q88`z)G-S=Ϫ\"ʆo\0]UCYnĖMDdWML,40v46wG8xs+QXt;Du|u4r5l؀T588H72\rK&We|wd\03䅔TQ2\'H=-\\\00Fzw=s[کW[o9MM; \rC?Y4q!r&CU	,O6:zk|oTwC5jK~𺆮VS\nfH?u>q$ljASZ/59x+S?FB\\{ܢPoo:ƶV;\0&Ǫ,V\Z$kK`OZE,nQpdT$\"0?s:#q^KQSnQw.c.s#*oe%S#>nFxds\\ͣuKa!Ï.<ԶƪSZmWS%dW:LhKCNNŭ]TJayV=ym5\rUX%>Q\0-erZ/6}4Q*㌙#A3-~	;M6+~:^mDaA!ih~\Z0rwsAV_lm)hꨡ>L])&!q	*5%o{tM[&c\'lkAeZ74UPO]YQ\';Ϊ1	\r!w%lmA[oͶlS|2Hn\\@9Yq'),(17,'rosanchez@trazalog.com','Roberto ','Sanchez','21232f297a57a5a743894a0e4a801fc3','\0JFIF\0\0\0\0\0\0\0\0	\r\r4,$\Z*!=-15,.11 3D5,C49:-\n\n\n\r\Z- %777-/+7-7+,1/-3357-+/.-1+---/+-/7-+-777+-7---+++--\0\0d\0d\"\0\0\0\0\0\0\0\0\0\0\0\0\0\0\0\0=\0\0\0\0\0\0\0\0!1AQaq\"23BRSbr#%C\0\Z\0\0\0\0\0\0\0\0\0\0\0\0\0\0(\0\0\0\0\0\0\0\0\0!1\"AQa#R\0\0\0?\0Q\0DD/jKKECt0YG<Uw5D,JQeϭtt0\0u2?ij\\k9	6zwo.:wLh\"c\0A\Z},D@\0DD\nnO96N#RyuVL6:Gh4Ǡh^DO5[|ҽbl<9f\Z\"-	\" -_v*٩9iGpbeP59>|6_:$\ndon/hE!}\" usG=y</Zm>!}$厲3;(QDho>%_Qjl8|:hwwe7]^6ް:\\#.} \\^m˺Ǩ9:oM(ʬ\"/ho[,x |ƹ,isf6N&{G\\*xak[33[,μ!\'QQl>#-eΛ2>?it;qFy#\Z$/\rs\0\\[Ym\0H+j6Jv!$B=W>c\rG$9)XCo\\VȮTo\'(`\"\"S3Yf6\'ƶ\0\Z>+l)tms4I-ċs^FJ,ut\r8N_6Las\0>ssM</rU&&dna-/Q0d\04.->\\{^_j\n},nX4@p8RU.8m@-%NWkO|n멕O .k\'ݱZE9Q{\\㹕\n}fh?+\rWl8Ab༅z\Z_($OoXC,Mhxejo:W+9D}o`e.^׿e\" 5ٵGu{()9\ZdnToUl>fTX\\%XC(=@[*x*Ə&Ua,}*ɼB~Ȅc)H__)Oc\'6:2d~\"rT\Z;,srS@\" \"\"\0\" \"\"'),(18,'m.muriel@mrsservice.com.ar','Marcelo','Muriel','21232f297a57a5a743894a0e4a801fc3','\0JFIF\0\0\0\0\0\0\0\0	\r\r4,$\Z*!=-15,.11 3D5,C49:-\n\n\n\r\Z- %777-/+7-7+,1/-3357-+/.-1+---/+-/7-+-777+-7---+++--\0\0d\0d\"\0\0\0\0\0\0\0\0\0\0\0\0\0\0\0\0=\0\0\0\0\0\0\0\0!1AQaq\"23BRSbr#%C\0\Z\0\0\0\0\0\0\0\0\0\0\0\0\0\0(\0\0\0\0\0\0\0\0\0!1\"AQa#R\0\0\0?\0Q\0DD/jKKECt0YG<Uw5D,JQeϭtt0\0u2?ij\\k9	6zwo.:wLh\"c\0A\Z},D@\0DD\nnO96N#RyuVL6:Gh4Ǡh^DO5[|ҽbl<9f\Z\"-	\" -_v*٩9iGpbeP59>|6_:$\ndon/hE!}\" usG=y</Zm>!}$厲3;(QDho>%_Qjl8|:hwwe7]^6ް:\\#.} \\^m˺Ǩ9:oM(ʬ\"/ho[,x |ƹ,isf6N&{G\\*xak[33[,μ!\'QQl>#-eΛ2>?it;qFy#\Z$/\rs\0\\[Ym\0H+j6Jv!$B=W>c\rG$9)XCo\\VȮTo\'(`\"\"S3Yf6\'ƶ\0\Z>+l)tms4I-ċs^FJ,ut\r8N_6Las\0>ssM</rU&&dna-/Q0d\04.->\\{^_j\n},nX4@p8RU.8m@-%NWkO|n멕O .k\'ݱZE9Q{\\㹕\n}fh?+\rWl8Ab༅z\Z_($OoXC,Mhxejo:W+9D}o`e.^׿e\" 5ٵGu{()9\ZdnToUl>fTX\\%XC(=@[*x*Ə&Ua,}*ɼB~Ȅc)H__)Oc\'6:2d~\"rT\Z;,srS@\" \"\"\0\" \"\"'),(20,'a.lazarini@mrsservice.com.ar','Lazzarini ','Alejandro','21232f297a57a5a743894a0e4a801fc3',''),(21,'pauspont@trazalog.com','Paula','Auspont','21232f297a57a5a743894a0e4a801fc3',''),(22,'f.molina@mrsservice.com.ar','Federico','Molina','21232f297a57a5a743894a0e4a801fc3',''),(23,'c.llampa@mrsservice.com.ar','Cesar ','Llampa','21232f297a57a5a743894a0e4a801fc3',''),(24,'g.rodriguez@mrsservicve.com.ar','Guillermo','Rodriguez','21232f297a57a5a743894a0e4a801fc3',''),(25,'user test1','nombre test1','apellido test1','21232f297a57a5a743894a0e4a801fc3','\0JFIF\0\0\0\0\0\0\0Photoshop 3.0\08BIM\0\0\0\0\0g\0hm7aN0DVWSPv_aetDtmO(\0bFBMD01000abc0300009e110000ce25000005260000752600002e3800004f540000bd57000098590000ae5c0000eb9e0000ICC_PROFILE\0\0\0lcms\0\0mntrRGB XYZ \0\0\0\0)\09acspAPPL\0\0\0\0\0\0\0\0\0\0\0\0\0\0\0\0\0\0\0\0\0\0\0\0\0\0\0\0\0\0\0-lcms\0\0\0\0\0\0\0\0\0\0\0\0\0\0\0\0\0\0\0\0\0\0\0\0\0\0\0\0\0\0\0\0\0\0\0\0\0\0\0\0\0\0\0\0\0\0\0\ndesc\0\0\0\0\0\0^cprt\0\0\\\0\0\0wtpt\0\0h\0\0\0bkpt\0\0|\0\0\0rXYZ\0\0\0\0\0gXYZ\0\0\0\0\0bXYZ\0\0\0\0\0rTRC\0\0\0\0\0@gTRC\0\0\0\0\0@bTRC\0\0\0\0\0@desc\0\0\0\0\0\0\0c2\0\0\0\0\0\0\0\0\0\0\0\0\0\0\0\0\0\0\0\0\0\0\0\0\0\0\0\0\0\0\0\0\0\0\0\0\0\0\0\0\0\0\0\0\0\0\0\0\0\0\0\0\0\0\0\0\0\0\0\0\0\0\0\0\0\0\0\0\0\0\0\0\0\0\0\0\0\0\0\0\0\0text\0\0\0\0FB\0\0XYZ \0\0\0\0\0\0\0\0\0\0\0-XYZ \0\0\0\0\0\0\0\03\0\0XYZ \0\0\0\0\0\0o\0\08\0\0XYZ \0\0\0\0\0\0b\0\0\0\0XYZ \0\0\0\0\0\0$\0\0\0\0curv\0\0\0\0\0\0\0\Z\0\0\0ck?Q4!)2;FQw]kpz|i}0\0C\0		\n\n	\r\r\"##!  %*5-%\'2(  .?/279<<<$-BFA:F5;<9\0C\n\n\n9& &99999999999999999999999999999999999999999999999999\0X\0\"\0\0\0\0\0\0\0\0\0\0\0\0\0\0\0\0\0\0\0\0\0\0\0\0\0\0\0\0\0\0\0\0\0\0\0\0\0\0\0\0\0\0\0\0\0\0\0\0ɳĚ&\0KuPZ41\ZGIi-Xuud՟f;^bKe5s\\ڲ$բ0DݓZ$bhJ\0?3iW$A!.T\n.T$\n׌ߡ.k9mwVYCR/`rՖTF~vG#&l3q9=<LIU,~7P$J$Uk$k2Gh4YcPU\"t9+ޔ>FnA3phҜRVhFTMfeBH()nTQY;jŐT2u\'rBEϣNyQEԥ(!r\ZS!*t+iɝk25fT4׌mI-H%꨹Ro.ENwDVW$%\Z3FmZs[Q)l«83+6XꗟJʪؽ5U0IQ@HYym5^R4Z	[Ceԙkc{|k(J :\"YqzFqd$L[*Kĕ(5 jֵh$p5S\\\r{04yYOupZ&M@)!ƢYF59Tr\'ѧ6I5.&COXXǊKP\\ʌZXPƲ~ņ-UFZ&`ylQ>Q0u܆J[)dџN:MqEBeTĥĩRXr؍zf}V/K5_y(ՙz]g=djlYjr5ZrhˠYaZmP5zlɐd@MxӇk139{%-8NӒGI4.KKX=4׳CJsfN]σ1Ց`ѝZeZɇWmxc.Bv[xƦ9>`eOZceKirsOZ̚VzHm3bl\rpn$kFWjeHԫd-vG&wG&etu9]TU\0[j^C+_}sTP[VSY΋U2ߚĐ0nwϒcC.2̦+@\n5pǫA(]\Z=G:x6t.tbR*a$`RՋvVicn$R4\ri鄻oN=5UJ:3iq\Zzg~yrHZcM/0,I9Ǘ՘I#F~[4)jA+VJ;\n\0k|v7V~v3UN]u<ɗSFm9%}.gM&}t6{ݙ]vLů7ʳfSD\rO?<=>z\ZqTB+!dqftֲS*L7s#%ԂQt2!.;lP]ο]/Kfz\n-*KyU#OY+be,;.pF,D\rZk6+uEsw hI#Jz<Ṵ\"))2t47\rEokyeo^W3ɎR&Lz^̍<I捜`;.A\\3Xѥ}:ɟJN:7˱uG.n3NJU	.ًvq#V&宿]\"?Z4jٌF?&⽮ZUY#YZZJ44lӏIٟcVcX}~X&^XQPӳ}\\\\}?bO -YrƱUDpy掯Rͣ쵴Ԛ6yKjf] F8\Z_զG722zXb:Jķ.N\'\'g`uFŷڗ˫t\Zf[(|ʅ}W6zGFy=(15lCMIe*FPUT\nUчx̬z-$ՏMn\rrevb̥}WrNg9[^.s&K6ex_xy4t貼|hkk5iɣ5cC%@(wSշF]+k8.~v4ltvj<CewѼOܾ8f-ʲcǅ<x]0/7%D\Z,	r.g*4(6*4mKi8ѧk=x<BԼtwr7!;$\071fmg\'ЁUTaj5bΌ:jĩ@v6t`򾷆rB~6V$r-z?pj7~@N?1\05-(u{=I\"A0m&imd[@kuΝ-^E)bY}c}GgȴiӛvG[\0n*4[+95*«Vwe2+! rt\"ٳС>\'tc6q>odɧ]x6R%[fэϺ(^0Ziă.[ꓱIN1kU2Vt\rƗu<H!Ҡr\"rDp\ZK\0dhYp\"tRժ(M\ZQ=rnRN(uQHH5b4UC=rV҈B\re-eR@B`R\"*[2opYiQwFrBhA6rM5eww	6;gG!(y\ZuA6ꥉAQYv\\} d4!ZjъBϟnq\np٘kOy1\nzZW׿9Fd#nmtfbV,¢E&R0ZP)Pc} \Z#2UX̣F}5ro]0VÁՁGK=Г{X\"\n\\ZmHXuZ\\ީm]\09udr3mʚ췞}ja\"PѤsA$ K	b+P܅BBZd	ܞ!l(FKZ!@N=;3/b:ш#[X2CUfx<R*PHթcTR˨rXþUAZ٥Y`mʛߎ	[,].g^K5p.\0yiP\\-v݅RʒvVh:n=J,*Xd.`k:!5\0KKhYYz5(<͂2cQ,tK*\\J4VIRKJ=pcE\rf!	ZuCnnc(X7%P5bE.\"ŀ\\(.-	QF[5rv6\\\\zA;籪10ժњlZ:ܮfK\nQ<\n`\r\"L\0\Z\"@DSt\"ڱY\n sJ5^$1@`*f h(LDtnjIJbާ\0,\0(1M9ސFe$0\0-\0\0\0\0 !\"1023#4AB$DC\0\0\0⯅\\1ۓlXC7ݰWuƧjj-׎*3݅ը MN8K],ǥXCx\\\"Z}DG;D֛OnfKe(3퉪#yBB.By&7?-O)&38$\rSr\\u\0*բ|j&,nGos\0\09O o_-E|brI\'Q_vZ.ԑ,lw(oeiXiӜY/ڪͮk|lnQ\"P%n܎:iucj/:\07fI]9Kn~v҆E^ӛ{Djq^9<VWYsc,]4=>ūaźߨ?+UDf$u\r@[ƈ,]+.`*lI:{\ZƕW;Mt8ޑ\'wT@D8<!C36VԷm8ӝ\0cpU9nJ~?h)0U18{?f1],qjGehV7݈9>쌘D+\"ffr\'J-/߭6Jmq?KW\nffffffrff{bRV~ikXon~\\9NS3333݉B& cUE}Ozg7;{1\'ffg)r)r)ri %f1\nfg<NlfafLpi\"\0G*ڹYhg!^V`δk~3+0LhL&\"Z]~;r;j3ČL0qVkMio *da0AS1yXـgLͶĴQyX\Zf{H7v.MY& nT/>/+5-	eu>_5r?=8MҪl2igA\'%gG|أ$a\"6c4wtfZ1v\r@`=C= v^fhگgbxa1Ts4@u*Cc;CR5)݇=0a|MH?N j2˼#_ɆgԿM-zx<ΐoZ52-Ctzk 8`0r*\"#<=:\Zւ~cz7C;cG\Z.%5l6\0(\rħX;l)\n3>\"%jaW1S)+z}pTҹjO\'A)+dM>z7\0.[r3pu0;CqW&aD|36izaiy*\n֑1`3){MSsݨ){7X}\0Y??Tv /bIe4jh\Z>i]a{`NP\0lŠέ1L\"70[YdvcAaw3DꩰŰMFjtkP,nԈ7\0b\0]ZcƢj+rbo~;7ڿƆ\",ZҤ\ZDGF_Nڿڦ\r\\ksT]FQ\nV\ZL#	2/V\0eLhNXʮ-1m4t:oMf+SnYMi-keYwi6Dk%\" h&\n64iJMCexiuU<_}3҉5:]/R=<\0bbQs8ݢfxIg0Sj~`١Dla={,SG0jy]iUseZDbTX#ѧyg)Sm1(&1\'I\" Ɩx4Q-q/?tne?*̚oK2\Zp[YS؁bWo2f6@zzJ/963b ݥ=lv|iڿ)fֿFl[Ycj4s\nQe\\G6\05ZҊ5	}sWMJ://fbby4+ǉVfQPM-\rLDԲd  OPGrY}u:t=GFuKVTe\'iۙW(ӵ(Y\0LUip󶪾0`٦2QA(jjjrؚoJ6\\m&JGM{\'Sӑ`]B\Z0q@.6SHrh,qz1V7T,/4\0ѶUfcb[OjZ,FF۝AC<L`\r&ئ|aGbA<.ʂ$69V~gSRGwJ߂&q&5:{4ԚV=r;`1`\rh\0mAYlV;\rp\"W304?PӛԿU%]?V3[=Udv/`/\r333611hfbǕ1(!<{\"ΐmCq}MmWԂzv\07ҎR.Q&yƞFKg)A-L[0lM<z\'Q,;xq:q)[u)όsVN/eݳ=-#{[ÍW\nQYa]PS6V]Z%w33_VwcgV^f<J.,ev7izNȭaAZlegLΛBi[qm}yQ^f&ӑ(yZ1c}MV3S\"i*\r}J\0жk\0 R=`;3Ӝg>	32	ٚuvmM,Lu*9]˫͑(荌yiuzhr͢ĲJ5tG;[PpWfWGJ	~N%AA~sW +Kk15cu:.LQ[l6Uh?+^-s_GK˭5Ƹa/V[+	,AePZ=K \Z4!ύ^1u*{}\0l(VvtyA=&4FcSXvKo\n>Tσ\r;OU.TiQ^Sq\0l38=<4mE\nԽAލoȲngm[w#Ke|G&bcF%Ò&fT{0,?Fܦz?~n}*W[1sGb8݌3i8vqXR6Zym[{Mb?Ovzt\Z:zF=gU-_t姖3d)WnEA؈DךhX=>jo]=ky|M˧\rR6ʱǷOǔT٩k❏}LL\n1G\';0@\rtUttӞ\'j%Gf=n3bF-J9h =[3Ɂ1R8`0wLʪ1QFҷ\0ƳNjMu,%pjS33gZ1d31)X_g>wH;y1k܉=졢J\rm\\!d#KzRvm}MZDM\"5)aoP++4>\r J\'\r:hfYzzFe{h+UԵFB[=j[6Wjp6흝9(\\ɯuٺ|\'_I0ǂVFAb4V*iգVt*>Q(gePYa31\07UaiוyFp\n0V@z=}KR[UZ7Lf:xM8?fffavb+NVNL`3\0sH-o9\rSv11l{GccVx3d\'H-;hb6#0SK6>ك1jh\Zfgj2NN ;\ZTZa0?DfWQD\r3*l;xpwoJ}cլ+je5au\rc7\"a\'QK^Ç$<\"$le-Źua i=T8Pw1N\\ՠhx{ۦ6fffcVlGJ;Iv0Ag2GetOPlUh؄EwIf-N/Mcz,+K0v0A\'#Oe͇QKu:>\01\ZfqCF\n<Vv\"-rUѫF4:Krh\Z-64wA@jǰ	a;\r\'ƈ\rtO&t_J*V:\nƣf2c[Zw\0ndꇝETɴ)ك٘L30L\'aOg\'e50&oiP\rrve|\rNS=&ff3	y	)YfkM?3:lV)긬BUh\Zrfffff}33330L&fg	ڝV\niLom}*^]\"2³$Ad\r9NS9L9NS30;4b`kx;c:5KG+1{!\'\rr)r)r*{+h3J\'\'dRQ52a1\nO,&gg%lӐ,{\0,F n*\0Q`nN:-+,g»\0LfkHX\n5PY>õZө{nV-NVoxI\"ٟnNLk[v*rI=V2cصXU#^QLac\0b81x?iOc)Juv~ac\0g]lit~!vntv|L09v	&tߴ*	\"Qg$#q;[L c1~X``ؙ|x1T.`iFkAnVv\'Qa?~]\\E[o?\0\Z\0\0\0\0\0\0\0\0\0\0\0\0@Pp`\0?qc|2e\0\0\0\0\0\0\0\0\0\0\0\0@\00 P!`\0?`t\ZiAŴ4@˂4˜G\05\0\0\0\0\0! 1AQ\"a02q@BR#r3bPC\0\0\0?mchK\0oiy5(Yʶc;#\nhԣgeFμgcr-\ZkdB&\ZMؾAPֽ۞Gp݆a:d5Ti}}79<HJ\0kǺY6cA}}`\'xesQslՖID\Zy7ZC\rTF%}%z7)5*S]iҡ,5	x8X~rb&\Z\r2eg+)qcoIJ\r`y썫y?(3z?)G-%spYkwcnAZ6Q.)u4\Z,??/2\n\rUqџʧKxLO,}J|QGZTٞݪ=ana#\'suhvKO| Ӯ!8\'o;ERT@L|\0늹23phٙtz=cʳ\\rAl_6{ISӚ{\"гѿ9BurBZO\nI%XӜhg˯<ڎ&\r;MCBs,XM~\\24D\0CZ$Z\0[/n.}+FR:w>M~.>\"NnPeٛ\0*ȓ3h>Q\rXtovG:HD{g8%VQyt\r)hT\nNk3Y6Si\"%W@;_gMӕ:_bgcmFwY<,<؊9u*rYsY\\1@1.q}/[?7\0w>gnV2	pы>AΕ]k3U~Ë\Zן:ÈrE*HPq>OjPh\r;\\\Z?UDϧ\\{xX{eڔ}o\Z\rM8S#8,`gbj(xu)9	O:ƴFa~Kb;ַ:b\"klA4XҺfw9>ᐑFOiwH^KIY@ap-Ka^N\Zʌը\"eq{m?.Pao<0foxTpHqj%C\'@Kgՠjˋhd٣vU@)RLcꇑ\n/b,i\"P䉉Va}bþSdOs>mwg(o*\\j[OIr\'|%>4ķSZzZ\03P>{ۦqwC^&\0Ioe?Pwuh\r+v%sl,N2S	&þa.9poAŦRޗNP32і*\Z\repSEtemf.<JqW&*/<d/PjӪfɒVxەSV+CF9Ά4A+)(5<+?`7yݹ(2`h_6;oܧ|9\n5Qy:&V;]L0p]NٛzFFތ5ޛ?+:Tbn\"7G>&hmon	BkL\0Rƣ?\n-_ouYI뭿{vb@~NݑLs:[;UBԑs|p_cVA BMԼ;:6~\'J9NL\Zj\r]/u.B;(d %`5bb6X->]2WB)FR8*~іlpYH.hh\n|CԤQbųQMbjp0T=7.Jo\"&)ݢj\nAKT(=җJt̶Nw@۪*tWI#-1|4S\\`nUwA\'M3J	w(\r\Z4o*osESp_~ÅJ?b\0};^ L.=6d{ldoU-b\r3/h%542~o,SśLG\'oOR3-:ݰ\Z!\'M>\rLZ**`#o,O``Zc+ MmV6\";2\'=$D\0)}AtӞ/{-[=]\\)3LZy]4;.N\Z|Oi]\"ɬ@A\'Q)]r1	#sH8prZ(Xmp\n:BkƄiI-to}fhզVN`la_}}8t9NJj*LM7;]/惉\'Jw[~n1GQ93/54L_1D0eKփm\r/,uZuT۽n#VE\'\0tyDpq+\r\0\0k Ѓth@yHy7ԫ32\"W	;QvJbe08BZ5\'e;W,;ƎO5^uՋeZ;~\ZDi;\ZJ1}b\rp8	t5Z};.Zsp8뗭\Z!<5hjBDqƛ#3:>o!;\'[?l+|B)t9*<d=mPNj0><8FqIyV94u!h%a\0$Lv@,0:	FU-tf߉ߋ&FKA=`jT.A7Q/7	unp>jaF\\c/wYLZ2cf}Ge.2yE/XT7;	W!^bhX[u\n<2Bͷx,=N\ZQlN5ӚR5R5]NnUqhD&R6QL7v~RM@ѱͣ{*h3T\Z:Z6ڂ~Zfpv8j\'05pg҉\r{咻qs[3xOCV\'-W`	Ff@@;4ѳ8G׶`x*ȕӡYSuc>\rڞ*yRJeiҩHcI)~L΢`ϦtFɘ8((Swfb5(Y[\rv~͈&-J8:\r04ۧHQi*aV쇨Y8\n9phStH\"nuB¦/rd\n&\r =ӀrٖKm{/8j\rh_Ꞝ*]j].(ah^SpoL!;PuX[A,.;]9C/I+I>4`29stn^G:\'=ۧ3P*PuV1Oգ}ZÅ9Ŧ\"yXh(\Z2hptE|熯)oګWp$!R9ju&^?چO\Z\0ķiOsl$tY(<*y<s\0[# =fxihO\ne\'8RIAl0$U\\4nL܌SZjtoy^hÓNT_fL2@\01T6Δ`EiR\\U$v	\r+cPk_g_5Bxp#ȩ#	:Qt\0Xl<Q,\"Zڔs+\0(Pƶ;*zt.*-4	hQ%].wz#m?*\Z\0j´]vB!\ZאWA+@+L\\]6s\r.֑D@eVͤ\0mCnL<F**jHMa:JG0M>NU9aAoީt?5MM#%*	M\0kwe|otX zBm-<g=0U{גC})3ȦNZN%Qhubuh#ZyiQK8RrN>1UU!6`r\rA؇\';z9J%P]=rT3_8\0$~~M6X\rg)?14\0d	O\rak@b<$]-%KC{j]+(ܠȌ3ٰ9)\"J0\"9Rm:=>k]hH<yz(=|wU6vBI`)Eր:(lRNWMu?ld4VXzy(M.CT07ު*;gm+9gѺ\r08>s~#6wԪWj3OϕA+s:@\'|ƒ{Z9f\"ms\"*3]=N5s*X_\ZKFHgϤQB\0(\0\0\0\0\0!1AQa q0\0\0\0?!{,Jq-E	d\ntF2\nYaƏo,eD<F.i1gjj<źՅZxyM?oø\nr6@*,.[Ky\n\0y+kY}?£Ef\r>>Ez]@AS0xM~p79\"P[m-.:\09qKk+S{)J̌P[7\r\"u	@MG<7藒zMn@8~L)s-TУ7Y\0X7ZC0}A<O喽K6SQ%<o|*+5{@5p|:;%@F\n2N`P,4|q\0ˋ#T%ӪW[O*T+!	izMx*TFQw!t\\	%!zG\0_Jݣua:jeʁW%W/:5,ZשU`Bu򛨼O\\j>)(C~rSIQ\"l\r^/)&6bDkCy;ԩ}oK(%h *\02 :Π7[]|&%A5԰幯0X YDc@-zN;{e^V* nޠ\0g7\rx8`/@C\r\"s+G9v-~`cxO-JK/g}}?;2p`P[	<9Tn.^ 0q4\\\'PQ\0k>``?C,ڿw[ԿrSPVܻ\\xy1ru2(AN2ԩ\\ a\ZaTcgewrP9;!d>~v_\0\\	A*h5/\0.\\b@H\'/B<2NN&RyH\r3|,ł;\0у,.σ\\9ՐN|ۊe\0rtP@ SGsa`vw`*A.?se$ŕ3O0}.~6=ĝ,lC\rYlM ,UP;2ˁ3I ~4)p|aK}́Bl269S&rG4}\"t\nJ⧌54;;47E\"P`x, RNbe+ ;Ϳ±IxXGk\'pJu0\0]7.pTr@`hyU\0/\r,ECqWmTITE|MWҎ5Z8Dn:KK0Ecf8^*&\n	e\'`G,	%M<H0<asyvȨgUw\Z(j: ]<>*4*)]VUPq, X|-\"3XjC\n;|F\r=8VQF8SSMKT/Q)ÕQ<Ԉm6,tG\r1UUQܶưrB,zAĬJ!4_imt!}f.ҵl\011b\\v鷇G8TS<!ϴ ׭xbe^\'\"-y@¶:+NRˡyI \'mAL:#E*_(~*<Ge~c.Jl.&EսB[46DTJxPn<KeWdaf~}ˋl\n9w\07NH`؛`-J9iet\0?y^r*\"\"I70mhAp]K>,/s^.\ZyO@87H{P\rH:`7;ЀڮX\ZzS\\J	jp!i{deB.4.S̶C4	qǸX*P3Pe@G]RO4p[`,iq`3Lm\'+p&%&*~2RU?^Nڜ8ng;	|p-x\0B\nFe5]T=C+aڢI8qIAK[_xKN9/h,ЙťݏP,[\ZmqO7u?1qhb/+4tA8QFM_RX\\/\0:=9<\\ls̐A-=Gk?P҈Hu\rC8-B\0.\'\"p!.\\.O_sQ5zl,4bz؃qqEBP2<$t8q;\0<\"m]ME_lCNLM\'p	\0Ä$\r;%\' ~2Ose`q|F۔Qgn>[gÎᘥzsE\ZBf慬TWHWfBiz>ɮ̈́5yA\'ܹ\"UE\08-t6Y@Y=jDYqGKγ#׎<g\08\"2/(ֽa=,0:S^篶݇16m!q%\'	HWmx@!B:0ǂT.9\0;(qcM(`A6βW*1x0΄.Zi+ٌkWP\"w}%~p_08iD\nF/o,EJsIY-8,r(F	90Ze{hyV80@T=N\"h\rD\"w\0	\0I\0h6f>LJY@R|fo0frԮ\0QgPplnW?\0JЛGh¢7LEN8Gڦ!xyar.\0K!f{\'!!eVeq7<%w-j{rU\0qRJSztDT㸫rW4gÅU:X C2,)YGPN-AKi͊o\0r:ST&AZu s).Q%7iq\'Иh\0SĞ%NNM\ZR\rcWr_o*N#\"<Ő}sL.xD\r?X!\"v0Tv:9:MEi)p<ᱠX!/xzDZ{EW]BYm{*C_2.9eQ4*lD./dw\"j7kew0nEDz[@@aB\nÉ\0y\Z4t|b>_skm*}uAX0qE2p99ƀ_0.C_-cSln>\"*k\0Qtp\rAJ6U͇R3&㟴82	g@!w!ݷb8$,,XYtq2Y\\	\0 (a!XK閟r?mmҸ~j/`+HAэC위x]lcJV\r/5ԦXb<ާe\rx5g\r(ݳp¼(Ƞ\\r<^FFoϴլ{*yGDbS9XQ:~y,qcM^F{sD~VziI<rk,q%p\Zn	_oИn*\'%O&h7pPJxD*.~cۏ/rޓE-svZ\\aX@)QGc\"\0;!lZ4UT%Yn|zplrA@Iek6t?%G\nJB\"DN[[gyE\07mAr?0c*/8jpo|҇beS8n\\FPXxpiiԨ8hb\\@Jb?/#]rSUܸ~	`\"ZRG!]\rpo+\'\rQ:MM=(oHz5N4Vwp娑&(\ZAal{qK/.`,f_B{E{0F\nu\r߅leMBTsb\n^PYHVcb2+#W`\n>}4!f胃oŊ8`Ds}E#\r׉}«\rpJk?ž`q\rGL@.mݎIIx(\"~͂@o>x}cwqij^\"0A(us.4ھ\\*[x~i++H\0TgyG)h/,,]0.Sy8Ys~&~c̷>ؠҡm\0iRז#*pQF+@btB\'bO\'p2&Or.Z\0AŁg#NV4W\Zo;ܱPnS^z?̡๨(EVۑp6rS vjV\nٴ\njq/\\6E;9Yt\"(@:	aÅ1J\\΄_3n&nĐ1{WF\r_mAq]ӹ@[$/Mࠛ_,:=ҽ0j8nm\0sPp8\'(~W6\rYz\nr6fN^XxaXMޣ\\:;t.q@FwDrR49|ͼ)k7;|ev[S\rklY.*WIN\0(,oGʗ.,f,Vi,c54608TQWSX:J5_S\\kB10:FJX[}od]ƻp=\0l?}c\0U٩qeִ\0R[\Z2eb^\05nX/m,to\r\\RNܜcw&/H\0W_~Kwi@%rrI.%%K\r\0L(wQŷu};Gj~a1bvoD *K*-ahb~ySJ+ߨY\r}hdfMA.hF\0CjF7BTKU`rxsR9Vr1C>c\"8V\0Q=(r5a[>Ƶ5fy:{e6q}C	uq,g1\n0aߥ\n]a> 7[yŔ&zrÆWPj}M:H<K\r@SUKURv0_\\ui%vԸs# X\n0IW[#YK%:>\r˜QbάTLǓq	7Sp^	-K\"\ni\'̼\\>Xdx;[_pU!r)DA7WEC\0|\"@_6JE-yM\"c\0<6\n7!?FrYǊp6<@+%ߺilˊ5l1r3 rG;Z4g ?S_It\Zf	\'n\\̛=]v>׃<\\a!r&XUHx~ݳ[5Cʄ~)^2E(!Σw\\jA\"ڳLW-7pdU2rPF+]gᑀ:O8.\\`غeǘG\ZaC_x00SD8:R%F(-.K%	wn%Ƒ(8tImGɷt RrߔGE\0+(**1T2~%U1c I_Y*<Dpj~%v8i4.U9IUym,N_6pa?۰6=a_:ECQ1{WrfOB\'[ʥ-kPտ/\\q.3}\"jcCJ5Ol.ޑ6E%%^WAF1g;zx\'Е6|-c]\05!kCڮOh-D;pB{\\rCX\"}nkPz+\0A*1(\r\0^H=FR}\';쪚qx%Nk0мaQ2Jj3;Hۘ264l8Cs85Sp_{Bl-KlqQ	u\r4\r^DU\\5B=+KO>97S-4j1po=\"\"VHǪRi2f*T(Љy=J@;Mb8=N*V<#n1p{2zJݧ]J B>/ԼaX*kIjR}awo74~Pi]ƾ;U|\\\n.ξ1R	\'8(Da\0¸@~~~U`_& Z@4prWu@ĭ)ĶV:Y<,\0^ޥ 6϶2X>:-/.0«%nל=Ms í-͊N黛;DDU{IqTr-c\n8~V}%rG7 :>nC@MIlu\Z$}r?\'q+PB\'&rz!\"xةF#*V1/?&~b`\ZwԢx\rT$c,5~Al#6pE\rZ\0}w>Sk(M,$H\Z}nYP.X~f(r\0qK,#T;mʛY1mc\0kK\\ԣ(\'$@hܩQ&` c*TO?q_7X\nJʰYCȢY}Qg@JiirN?H%MD]0ʕʡ0J\0)Jp| нi(o{QNDX81ùC&¥Dظ~g/QgO_\r:`X\rXɳ,c\'597*XðU	g4(0Tw)2py~7S\0U|)V*T\'#jTqLbQaP;+C-Q^n?\"tK1DXk>v?-\".JIQ\"Jwt$eJ8+Qb>\0\0\0\0\0\Z\nK@;nD\r%m4U1\",	Ϗ*){\0L\"K{ϥX=},KdR?wC^#,R.}\0ښb6W{}C)uYF0$]orn\0:Ҋ	{RI%-y60\n2\0`}D\rlFF\"_b(b!w^1n9R\"c/\n}rt8=F\nL! %[~߃`ɅC3ZGH,xdL$Su\nw>Nj3@ldςM8NbIE	,_8X.\"*Dso\0tyy`m!LЛ5eqh\0G\"\Z!`R(&,T_<LYv7	ƏMVJa ?u#٧O]Yè(Cȉ1YUXiN$a!\rʉd3Թ,];jiٮ8\ZED->@\0<\"Bp<t\\1 \0}_YW0Pȗ!p#Saˡ+;M<4m=6\\|rÅrJA4y\r580O\0ñNm)%W	zd8̕0<}\r=K,pHw{L1d)Uc%txE}t;r-tfr8K|<aSn[tFg;a?~XQ\rP{2Hv9<<z:]7ձY Uk<rrF<y1[䢋g_o_\0\"\0\0\0\0\0\0\0\0\0 !01AQ@Paq\0?BrHkct%/tE{CURٶUBJ]lw!\rx\'\nlQY[;n-ѪѯhT/	QpކXj_aqX,С$bpjCE%y++/\n:z65Pū.>>\'\r؞\rąjmC}]\ZU(|\r[$Ly=+;E2euƇ̎jГo$\'\ZYL\0qYj.VKEiI.\\W\ntƚg!(j<M~NT{BО+t\\\'S;,7sbq\\6(pV\ZX)%eV!oE1;M{)>ͦvv|tPu-?\nQr/y.+csqX~rѸD.LE=ee(/\0 \0\0\0\0\0\0\0\01 !AQ0aq\0?;j%f\\YbDNw̺-ӂ`/Cp\0\nu:	W;@u/@Ap=bTpt_7\'\Z\"x6ӀO_aUQ.\\x;B;`u7.FK® thQVd\Z*9>Ftt7l-/5ܹ 	]M..81#Sm\\!*SYGk7w҈lˬTeB\\cM⸊@X G$qVK\rx%^T[G]`E{%Lqhqu\'o/\0=}EXIט`E<Wn/CuU\0(ܻǜ;F}ʀCD%8C>p`K2,\ZHa,,+bǳ℃dH`.:ż0{8{{Y%*Qq1UW\Zn;Muo_cԹŭN夹wėDܣع|uaܻ{ܾqq)h|AF*u(p\Zԡ_ Q%~FL\0esC;JNΦ򿕒ث=xU7*u=J<>s7RnS()#Υt`b1L?rn;	Է\\}WT\\T[Č(j*G!Dȫ1/&y&N/3\0\'\0\0\0\0\0!1AQaq \0\0\0?yK]K^x֭TP<X{P]6ǨƁ\Z\0P=~\0G=+3E|--[\Zkzet@VKN37{[pf<kԱk8>efG<F@!!xLNjʀgbmbt\\/\n,u\0-\\(͗Sܮk5}Llj5	 nK=l3R؂h)v Pc7Ef\rL_q{_ަG_0o4`?ަ կ0\nVˉXD+5\0XR(ks*eG>\"v*A\0T5E3Dtj@P#\rwƥh@hkl@e.*-RA˜Q؁.#r%p\0DЋiS±R};*JB̰؆Tx5:UlKV	<A*:mV2At;351bţr28C1Ҏkr\n/U\0]	L]Q7fBUDaeF27.\0TQuJ;gK\\14IZv5{J$ڭ\rf\Z*Y\Z4^?~JJB%+U\0UDf0\0b,Ja]mN8f\0Q\\KKZYpq*#h\rĽC_(.=7)\\\Z40>_,(!u*f6VJ2sJ%~#شGo2nLWi\ZU[) aK.!=L\ZJ1\nI/Ϋrh<0]85iq.!zX2VE7lI}Jb\\ŸAI\"L*2g=oqj,K̿LRoBCTyw\nT($2̮[j|)PoĦ/~dry{&w+a\\0|1{;ii\\?y_/1:P3\nZ%ثkAqaͶP3i.u_\'\0Qjr?pZQ﨧4x\Zuf,%rX`Q7F.e.+<Mn7u@6Bƅj0; z;|B(F@\rU@JB8ҝ\Z*)ǩf 5d*PU:lsuWP+&Y6Jn×E!jJ ş7G,u)$*R]^>\0\02cSA\Z+3\0ĵL.$n_JT«UGpl{ulŢyK1_e̏:e˔4h)THh;`.r1KD(1heX:[SlLVs2.ǹnBb-q,8TPCX]f1|@;)x[CK(Sb!Yp:_T{/Po{e[MZas\r40ʕ\\֬WǐՄ6[7Pc.Ns=ߦx3Z<>h)CB%͐(]#E:pQU$uoq*6*\0γ̽)vCԀ8aj0?P^]bKb\rΨ] |DH>\"!Tc](MpV\Zq*y6ΙfÕ@7̢7$\nX0ʱ[*\rhO,qrp\Z3%/+|Gl/|.Y>&D\Z\nۉEћ\")\0闼JXYԣ=6KZڽz4˪/\ZyEY[/zw\ZT<rU6gf90\"TE\Z80\Z#\"*ڮYP:͙jګ(Kџ$<_m?=4ĖrHJ)+ʜ-[h=/	h\Z/8W`(<zNͽQbǃ\"</!;w9,Կ2n$yT\'\';\09O0d.3&z0ysbn7*Cr/A$ETʻ15/\nΛm2AOX\\_zi\Za͎TRr=UrȈ.PȳaX\n-ϯPъ\',6Pм#F\rF.?sqk=E4ԩ8i1{3\'-0qa;a\n峻Jοو淈@Y}P=u3wxzVd¢E[TVfXwUf&Ҝԧk\rD\n\\+Yf+n}Ŭ9{^v50^~Wrs,|)˽C,`+,<ὰ><Kw!`9S\rV\"(]rEͨשs͍Ud\nk~qtAۺܺ+\\NܡVA|\\)-؊\Z.E*+\0jIz`^ki\0dΖjO4\0ږ*\0]g\ZOur|g~[E3+F[BVaklԯ8HBykי~/\\MPX7		u864Fp>ՑuP|3⹭UƖ*渊uF񑲷o`S/`Ņ60t)E\\ݳ\Z\0ED.FQ\0%+*jLD(|.myb]ŵ@	ؠs{vPn=_<O/Ra<5>#0ďx\r\'\0[@C\rʚϸ*,R\0mzFH*U4/PԨĭzJ_Rl?r^-?qu^?ȱm4L4oJ䄗xe\\I_0E \n|$Et6Dl\Z_Se)O]EhS|CYrP%ĩ<FI}e}K_S~b\\m-~#5,:#KLÞ[/\\\\\n!nE`MLԾ]O?o\n\r\\P1;\Z+?s Y̠9%-q{GK,(f!e&keo{#f}_(W-:kN2aZsb9{CSC\Z\0s9cǚ,VTųbQ?n0Ԧw)nwK%Ĩ.͡3p#efȀ	T\\BA^<bͺj>a#6Eo?M,\Zu~O\n?r}PW\00:urq~⩜T[ d& {[y](D1=j^+R0(-H5@4Wmb)8\"u	V 6(\n?9QVՠpԲvK0o\\Ϯk}s\0NAPXxS{mB?\nmcT<RXy=(B\r_2*h),yg`t#(T1]XFY9h[̀skduoFVj:  Z\0(Z\n.4!wYC_=k{xQ;b5UhA3;;1XmE88UgMf?,\0l%LCl3bkD9aq\0(Jw`m;SUA`fǲ1DY\ZU<x+lG>),]zqVlejQg5.3ܯsmJzZ+1.	m8faXO\",?1Bc\\<#x5߷E|zUQLCeڶź\'2ŀWA?UZ׈Pb/ɛ]|0Bv\'jC2z~*v#US\"H2e{i]s0)L`dl?k6`wjWZH5cjTc$\ZYZ(dY@\rMߢY#JR&Ϳs^!y^!$)VnH:\\:JkRUVXbWʿ?#ӯmzJaucMGiNiRj}Ű+V>9k\Z-ۯPff\Zpk!,ժpbAVw\r\\̻[!Z~s=95y@mo6Mokp\0fG\0hJ<K8Ծ{TR9A̠\r&GR21K:)|r\'-Js(ܼ@z9c>%eGRM1h:=DlU5Z<,\\A,\nulDg#?k+CP%gKg4*/u=\riZ\0]zHy.f\n\0\Z~\nq\0e[wp>?y1fY,R*ߨ&hw/:;aYceZTNBk4%/}	.e\\g-;8ԨuB7Tt[@tvfß2Xbd3w3LuAK/s)590Pk	Ny!#ܾYfzWU22ĳdEu}.u8;AV7)ܹ/Vbx?QΘJjG9>>w6Slc-@R|㘐5\0Ciq=#H8y%ҰԨ쌽	3j??ڎV!A^׹A0֡ƣ1A&	cH0&Uq_0xPy\ZF Z\rd\0Z̰AYWܾIiR鸗<4n=:p_5!7Tk/#XW	d@WZ\ZX9\n\Z)\0]K: \0Wqˍtj*`r)^U7(۲6@\n@˾/eH\Z:A8*ūCs$xǏIt1äfm>alBKAk7X]FKj\ZB)$-	\0RK!2]DǏ?3K2\0pqG/?Rmg=+Ug:.;#T9?p+U4g`+7\0ˉuecIVȞe-߉u5Ķ\"3.0^[<@XҀ4Ǩ0Wq,/>%vU7~qh?P ԱErhVl5UܱMҙȯ3Mw\0ʪ\r9$)0e&fgEsp˯bFt1+:Q[Q+OoXpї7u/\0tb-\Z#P+SȑP\"4rʬ.WQ#,OQ``_|F¼C j ;?qC$\0#17{\\_,Ù>*\\;&.\0Uf>l3-\neeŵ>PMAx-u2\\K4%k煔C%Dq/RZT_0B$a1x*42ܮ`V̩Fj]ZX7fD|XTX7{r%\rS`/G/F0Q\02R)Fcp	T	YywT1-ōF:;RBE\r^눅Q*QN7)ikBV̵h(̦7WJ6QS1/!mpVg\r 4fpZc/jqd2\\&ˍB,U;<A΋5XQ`-+W)1K9h\Z\no9$)=ha*]lSpMl[y3lE\0F6-R)܊HROL[NXNkjj_ 3xSK:)n!s(9U:wGGI\Z(0`zf5c]pZ\0V٣\\EVm1VsUrd/[kO=z;q\ZZ; C\r?w.R;5b0ct\\>\'m4#z4+I5\ZP^PnG\\R!\r\0K^2@)pi촋1Hxʱ@*j|fpۥ°*ogrwc!鶜F%n-Kφ]r^j\n༽Fs]0q4N%K㪖|j8sóyPw\\7Pde]8mXQWG\r^H9t\00U*6d[;7\ZQeqXTV\\_Q>!\0(4ܒKM7OI8<u{%\0\ZC}nh=cO-od0 |DQBkJ;A(Qk׉-Yz\0-x3a8DlWn8jRfO|a<bSybrSwx.^<mz*ɉcfM1̭u*.YHs,f+1DW^ˁ棊JÌsSD(\n)r\\ŅSqa6)kx+BN$R1cXIbw(5\ZQ\Z3)/E;b^S\nQ.KϓTnn8Q:l:6fVX(y,8D(-rҵ*a|G>U85z\0\"TBArԳ07Al\rSR5\r]7[` PVv]/Ha(	~yEB*hj`ZǊ\'qpA\nKߔ\ZU	d%t=]1Qihn\nj;(_S\ZK*\r024][zC?P[\\?\n\rQ	,+#BaHX݃|W1JEp5ݳ}1{u=3\n8\'P8R\"jܫ|V%?(꣦8JKHT$=O11D+F^ Ph\Z)~\nb(-($>bm_6%.leI!شRK\"in#j\ZTcR&ψÜV΅k\ZVtN2Oc,Lo0UWUX;&!^ᨪDؘn]V5}HWes\0\0c(B8jI[<!JTfdE@z\'tJ+pەÇRCp=ʌ)eʩ[7;oS[F(\nyn?1Trod3$S\ZUbUt8w.DJH)5VhS-l*\\3-[emhv2geW\0|\"1u(F2QmEJ|$,l=V*VE5٦\r|@X,[^+3((堵hp3*\r1\0/HPlKs+[5g+c2J/֊P\Z[)\ZGn;Ǌ\0j`r \0\"zN\ZE@yŋ17BP:DW̤D%ȅЗgr	l4?D.[U\0ٝ(Cip#fq\\:lٴ+3J\0:a)9DJӔ^=Bw\"TJ\n\nd52<\02m^\nAE\\k3ψ8-n:3WCyCǍwZ%UfN.0Ry4@?Pl0RrD,͗,>*Y%DJ\Z%p7bNq^a8kD9h/.(K0苼PjN/[eX/D`%S6@U/ŭQ\Z^ne7ygs(N(иj \\\ZZ|E鄮43=7(bB;vSqJ\0`	˴2F7MrDoe\0	e_\Z63Y̪mUZ\rcSəc\'ܨ@W\0&\06pܮ\Z/+GCRYK>+@0u@8Sje67wL#󉒩Kc9niSz4P]<5_>DhC)4u~#CL9v& _P䲛	=NTG>`cRg81qB+G73ī\Zs]Vy%Deu˷=\"MDo1%QPYt<T6/$Ѓu(_qBFpo2fmCn7\'Wȥ\';|MW5\"):\Zi;pOwġ\n\ZrhSG-Twu_d8-k:\0/o3¹6#ːB~0mm.Y2=9MU8mݿ9*4ZiL1t}5ʚKSI^c	CdJpZЮ+O{2k\"F,׈;\rUh֌|Aw@Wh\0:aC1\n107ṡ58a|1[~a)<&OɔN-gatd߉S\n`sx9mf2݋P`l-9!)=E8Y2FTx@S@:{en^1>#!I\0%=˼J97Q9rRU~>wfObU3]Q0bexG v\0^T%_Lfw(dFTAe?̇.8\Z?5\nP8G\"%\0WMwmH:vc\\EYX2\\5Rj$h+\r߻{+]gc^Q)V:aˤwaϦ8)	\0QߨݬXBF倯>QxWZ+R֙ܽEkR(ĹehAP}`Ȍr(ǹkڥ>!ߙ]ac{|E^n0bV8Val!Gyh^;lkRTc]S?Hph<E%wïe: ]59QCn44$)-g\Zz4H%mKXjJ`*\"0ϻBRRe\"xqC9TmlfA<!1`\"Ok@}R4\re{^ش-%L.6c5eLi9.\\\'1\0\"jG9bD@\'9cUnq*N\r/A\Z*̽,$BGtܫ5o*SyJ	2#  ڹ<fKa.E -+2[0.:x3ܻfP`H q;]ǨVxeQU!6\0wsDbw[_0\n\rSv9Bl&s\Z.AF[}<I\01VhTEj\"F4:b4NkCyB5(3g84<1\\cqc2D\0[mx_%!n?FRKKz2av1\Zm<3!}HG	b¨*\ZaOV(q~\\/lb\0U,h\\VʀZ+Pc*r<FrOLa4G\r7z\rV1p\Zcp~`9Yb5LQYQ	MK[P(PW8\Zd,\Zjw+ pW;J,^\r|@\0\nD*7\\S_MEMoMߒ	Fj?|s.	^7/\Z*9ØhD$L̫ZPC2HXU92˦WY}o8-KX5z\Z8=g!Kk m\n7߹Ȅc6jƺ\ZW+^b߿3QA\ZÊb{	~RqNezAtwP\rMx\r=5F`?ķ263Lmm&s\0`d\0\rs#_cYq*LɆ1*d`ǖ\\,B<ƈZ	՛[8GMr	y\Z	eg\"je m5iƤ\0(ͮi.+$p$rUhjL\nH9̓~%ʌR3 Q%\0]7e#\0p}i)Zw*}o&zpX5C8ɷxIg׈UR&s{ H;ha}]т\r\0|P<T&(0^\r\"zTa\nҋ0AQlSK<OU܊z9~+#+BAn:\"u\'N*>ca vZ|\rL%Wᑟ4@j@J),66fP9grnx8$bR騖\'$*U=ďB\\ZV>*T2Q//\ZsB.<e\'8zK</j1w#s[w1C2TY\\p(jXUi<ҧq+PYxi\'3\'X7X{M\nU㰈Ӏ\r.opbsCP su.UTNכX)w%i\Za,B($\ZvؘXTl35ܦ0/^:2}\\rbŲ3HE[l/	AZ(F%SB*APr[r_9\n.9,UP`rg/}\0jKWK=?0xr6U\\mu9k8\nQ,yXVkg=s5_wcVjeخ\0⭗\Zu9c\"QvUZVKMnqa1#\nV=#V\0HSJP%d\"oqw@IJp]*ZA??	PM^\0)5h<9QAfq3ѹ}C?!{$fo˰P5pIjzYJ`t1C{Wj13DL6EԱ˛jS4thi`# DRD@maNޡ\",ܢq.e1b07ŞWl^Etr@M¥,KL%$Ȟod=-=	LR\"x}*,\0K~3Z\0D;%nkq\0NH6C4\rq\nűpJs[#WYL0(wF9ߙc	.]91	H\r[8A<at-3aţ_̟\n0Y1/#l0fi`U0u<ƈ2a([fwٜ}A{ lłUkL0\n`*p5֢~VRDi#Fw-3/Kql+~޺Tkz? mU4zƄEcO,^xsǺlU=K#Ks[vT,?/G7}OR2\0\ZZ: B @!(Hآ\\P[\rA(o0Adw1Hb&\Z\nYOͩ[r`OANtA(0Du|8 d\\ŰRp=\0(ek\\i}/A{!\Z?K,ce^cBJG^\Z+܊`n1)`+P=aCw	/R\\tˡT}A/mxQ6J\n)ص[n^\ZDfr>eRk҉QJ\0E/!eLTb!5@Ŀl+{=%\0kܶ[GH\Z/$\\ȹ$-1߉UvŎH$憙_Rr|uE加!0 Vq`ԫ8\ZØfig\Z!CM^s,\Zr~I^\\?7+z@)7»UJ*[v+#XNn\\bꂱYvמf2ؚa[m\\kˏUF&M&m4jW]tD/j:q,C-`M0f=zɦ09AWrV	YX\n1)~J@\"E	X\0+_N#I\rq]=,:\"{29}!Mp&҈_qv5X\0c\nyW`~\0hQ@(o+ʼLVeW,}owE,.\0kHDygxw23\r}YEJ,>L7-\n.NLL|rk2?E\rts./12 6[S\0_U3킬\\cRd[x{\\5R\"+_R0<\"F}1UtKA4`mˌщ[^VۊSJ?01m/rp	UY\0x-Nc?PugxK<n\Z\" ȳEi3X-13䄋Vq[90UvAhn/0\'D |5]VW0ZW[Gc,(e\0yܤ՜؇WC\ns\0+pyp*N	aEVme8ST^	k\Zw`q0!A5U)\Z/\rޢ?3\\VA{%=ʘ*s\"\ZVޢF[E5`g)6!e@y\rehoK3IqlG2\\{PgL3W\n=PKD&ִkXgF\Z*d^\'Z\r7G%p>ag-7oܟȻ0<lZP<v2\"Tb%1q1yq;Rp@QCmN\nnګ\n4+l,ji\0\0_B(UhͬmUw.h*-^H F\Z8DK%kSIxc_P*w.ݽ}JKbC{-õ\r%M;.2~$\'/;U\Z(\"dH>\"E\ZOlN9}E=tKbq\nĿ\nP.Ku,DZzG6JӬK\nUx){fx19+_mUpY!gnYY#dAOkF=nWy[\0ZsN\ZOɃϘj$ʪCv \0yd@\Z	%W,-P䘉\0fPaF]KP\n\0ez鮻U\\bO?ԦA&Rڢ\rul90n\nP \nzkfU*+13m<2>-\rWLC.^l%Fb[GJQn7\\hȚwi!.GoO0sÐ\"#\r.T@*e\r\nԺ0{][d~%J8aj{}Lk<>\ZH ǑpOʑmL(18-G-z%vvnQszZ5\n_fFdh(yVtRNFKDQڅŬhpDg	Msv^b1)u.YMG\"Y`4%qdEV\n^@/FQE4!V0\nE[-ݽs\rūܮOr3\n5QFPU4ZTܓ%OSg*(Ǻ$ǙB,6+t,iXYWaoTs \ZʱR\rWqۋvYW*\ZjB)v\r%ѦtC\r0Jײ5*\'2^rr4^<sFHp\0t8\n2ctڨjviR6^JĬqBQ\\b)W;(F@󿋹F\\*\Zw*E4BE\Zl\'1D(@ܯ[W&eCUз}3#c(x\\x\Z\rG(Heɰ4@\0qRUC\0*ۤ3pĽ	\Zsp\'SP *GI\r\"2&ԢnMG#\0J8(HSJ+{:;Qks	v0\rb4Lfy)T(6qAUUvk/-@XtA)Ԯį@qJngl jPPo5ʾs3qpDF8Skr+&J!9f]udhձox\\j[}B-EP0\\UKy_тAj/\0o6\nqm\0e%rWj9MSƨVܿY5SJh*|EkĨ_A}:1  0s][WnUB絾a3Ryz e;컎3I}n\rUK4.\\P>agFXShAXILnզ-lJ}B0wpN?m\\O=j\nǈaFSM٨Px*8)>U\'+iXfUE4[*k8/Ű3Ph\"91fДS_0&k̽74p΢{O<hW,R7@j1\n{|ŪV׶-ܿ3e6,RU_Ō1.-YL aXk^\001@D\0UI6[l,Tv$ծqE.Sk\nX\"Em8AnP^,Z6|E57=u`aߜ)G2bәwrLj\" D|ZUj/Lzx;`e|ĊgFbÚGlkIlPV݂ݦ>oBENvAV |J`Yt#:-YN&3:nU0js-`\Zj-&D0=UMm:5f$)+u_5yjX	aPj)q24w)0eTkMb6Vn?RĶ |D/I(BGˬ.jWr (oc2§ߒ*j9-[_WjW+=*!f3ԩN4UBE*pMS,總ߨhz)c(VTAa*8L˚Q^(,׋^#be*꺌s2(#KkRw-Ŀ~ bDQ\r-2\n.\08 9.lTi51Z|x8/th/sRR߸SΈ#`P{\\wX&uA\n4+yZ-؆1A\Z8ԭ`ꡎԮfub|<Xn曪^ġp)W~%[MW!8Zю!$QjԠ+QԥqV2JڽC@L\\4/lWV |aPƌ@6zPVٖ9~._.>\0кRŀE?t;A}ԫ]q@0HX*d\rQzԱ\0`<Dj*xcWl6\rխgDpWD9F԰%Vrb\'KP\n,.U͌8nc(|pc4,\rʉ\\Odl҄`Z)b%˹us.S\\Wq(̺9}D-\Z0(Gn;{1x\'\'_6aVPwnwR\nv$d.Qڍ`E+wբ{D0+J\\\'[e=̒H4=8-ek$eQ(4\"V 8w\Zj%A~!wmQC7KsRK+ԼQy#PkMZ)QXԲZn^+U2]+\n+๔th{nX<;b0r&@)Ok-﩮|F0[0m\"G3&ω@\0>#cYu\\\"RD]D%1CH*cIX;7vyo\rE)>#ZE(?+c>#3JmF:NնtWs_Y,2x\r[6{9xCs_آ\0Z5vMq+Dj\0څ#v]=J0Pcۢ	u7:<*yVbVm@u*QT`<J0D ]2~2nW.,2q?._6|f?@=8h A#9k^+S hBJA%-++0C:~!=ʾ@/Ukiq7X[D`ߨ\'. 43\0Zm)f\rk+xQ\'aoAlK2G#@\'0wx6%\"8,]W0,!%S8CkDԑ'),(26,'permaurcio@gmail.com','Mauricio','Perez','21232f297a57a5a743894a0e4a801fc3','\0JFIF\0\0\0\0\0\0\0\0	\r\r4,$\Z*!=-15,.11 3D5,C49:-\n\n\n\r\Z- %777-/+7-7+,1/-3357-+/.-1+---/+-/7-+-777+-7---+++--\0\0d\0d\"\0\0\0\0\0\0\0\0\0\0\0\0\0\0\0\0=\0\0\0\0\0\0\0\0!1AQaq\"23BRSbr#%C\0\Z\0\0\0\0\0\0\0\0\0\0\0\0\0\0(\0\0\0\0\0\0\0\0\0!1\"AQa#R\0\0\0?\0Q\0DD/jKKECt0YG<Uw5D,JQeϭtt0\0u2?ij\\k9	6zwo.:wLh\"c\0A\Z},D@\0DD\nnO96N#RyuVL6:Gh4Ǡh^DO5[|ҽbl<9f\Z\"-	\" -_v*٩9iGpbeP59>|6_:$\ndon/hE!}\" usG=y</Zm>!}$厲3;(QDho>%_Qjl8|:hwwe7]^6ް:\\#.} \\^m˺Ǩ9:oM(ʬ\"/ho[,x |ƹ,isf6N&{G\\*xak[33[,μ!\'QQl>#-eΛ2>?it;qFy#\Z$/\rs\0\\[Ym\0H+j6Jv!$B=W>c\rG$9)XCo\\VȮTo\'(`\"\"S3Yf6\'ƶ\0\Z>+l)tms4I-ċs^FJ,ut\r8N_6Las\0>ssM</rU&&dna-/Q0d\04.->\\{^_j\n},nX4@p8RU.8m@-%NWkO|n멕O .k\'ݱZE9Q{\\㹕\n}fh?+\rWl8Ab༅z\Z_($OoXC,Mhxejo:W+9D}o`e.^׿e\" 5ٵGu{()9\ZdnToUl>fTX\\%XC(=@[*x*Ə&Ua,}*ɼB~Ȅc)H__)Oc\'6:2d~\"rT\Z;,srS@\" \"\"\0\" \"\"'),(27,'ebernaldez@trazalog.com','r.sanchez@mrsservice.com.ar','Bernaldez11','21232f297a57a5a743894a0e4a801fc3','\0JFIF\0\0v\0v\0\0\0C\0\n\n\n		\n\Z%\Z# , #&\')*)-0-(0%()(\0C\n\n\n\n(\Z\Z((((((((((((((((((((((((((((((((((((((((((((((((((\0  \"\0\0\0\0\0\0\0\0\0\0\0\0\0\0\0`\0	\r	\0!1AQRq\"#234SarBbt$\'7C(8UVsuvc%&6W5TDeEd\0\0\0\0\0\0\0\0\0\0\0\0\0\'\0\0\0\0\0\0\0!1A2Q\"qaRb\0\0\0?\0Ȉ鼢\" ,y;V(Ԍl\"jGFf%g+\0_UDDD@DDD@DDD@DDD@DDD@DDD@DDD@DDD@DDRA\nTMcdd4ȲY D@DDD@DD(|+AV<{\nw>!\n7\0UՊ?\nB\"\"\" \"\"\" ,?YҰDf7wЫ-bu#n|[>X%w4ޛM+%w4ޛ44ޜ_gzlҺ+_gzsI}JsI}%w+%w4ޛ44ޜ_gzlҺ+_gzsI}JsI}\\:\"54ֈ\n@R\0RƱMa չYkp:ȍO&*(-Vk\Zlҩ\nVŬSM6PBBĄgLI\nXǰy[|8,PD@DDD@DDD@DDD@DDD@DDD@DDD@DDD@R((R( [WV+|\0*興\nA#qP&礥IP&礥IP&礥IP&礥IP&礥IP&礥IP&礥IP&礥IP&礭J];BmhNj2	KZeѿU҃D@DDD@DDD@R\0,hƣCZ8جG\Zͫ#Sc[X%aZRl>nz+[_Y{M%ObrDI\ZԩsVrF-j!lpXQ)*DA A\n-m(Ҫ)q!,U-~ҫ-pA\" \"\"\" \"\"\" \"\"\" \"\"\" \"\"\" \"\"\" \"\"ABA?\n[WH_DD@DDD@DDD@DDD@DDD@DDD@DDD@DDD@VxkTA1\nncǒ],qkA\" \"\"\"l\0hPX͍V#b0D-j6E\ZKZ܈r1\\Zb\n:k	9?.ay.fL*\n\n#\0[mzpSҴqW-ԋ|EX[J{O%>ͭޟ==xgXVor,nna.\02;s\Zr*nI(\0|Y<]5V-䚏>Ku~3!5]Duὣ۴{W)_(ěmo`uݬ\r+aHhgf[CЬTػ^eLzy60<*7 pnݣp#fA<{Lr6>4UdbQrbڵ\rl[2B)흺8nr,oNm՝\"Ϳڳ9VwȇK:k,lwkMvTlz\"sg PPPAV\0UY[MJȬ-oY[M\r+\"Ož\ZVEgo}44M?hiYž~-Ҳ+?}4[顥dViCJȬ-oY[M\r+\"Ož\ZVEd\nbmw+T:\'XQ4ֈUTU$Jγ!-p\n֤A\nQ\"&SV5\n-Ub\nbiں^265oXtf-na;sL7.ѓ\0}f\\B?|R~㸽sWJ\Z@wtwOx۳i%{^<i gn{mX&fj1Tֹ7z\\!-ߟo%_l#?XW60J=UTےkmbc%z\\+	7:[YtvJ}F3\\a\0ƥ2~ڪS	1[\"lF;^ck|Fl;lf*aʐ͍ff*o|E\0q8a8\\uOĠ+yl?`3<0;kN\0h4\0r¿-3[]MG1DߕAޱ_uit&?\'Q%3wYk_wܬnj| UBhrĬܱ*DD%Qd!B%lԟhqZՙ\Z_UDDD@DDD@DDD@DDD@DD--\rubC(-WDgj[[3F2u-HPEpv:Ѓ*HzԶzC֤,%\"\"j\Zվ4X~\nJbR7vSo#e\0P\\V]D_#5RDF/eŬ\\G>;B8#1(<yM̊S\0ǹy\rbykw\'M@bi?6`@^(qCdluc%$uG!sVkJb0EFxS*ExNxτq n	b;jKNvL=f\'OF^|\Zj6B|\'Yǀe\'d|Z׫x/>\'@<N-<t,;M򳷊VL%d7ݼ/bqc,3cpfh{coXeTa˹Z\ZHʼKSWlT9|RVeU.XU,Q\"\",\nЪV\'hQb\"\"PPPAV\0UȥgghXgghA5^}Z49yMtV9ZѺDD@@7NOYC%`8Α݋WbfvsǍJZ^4Y?\'d1Q[C,XaM74L\ZJ˕xe\r]xM``\"Va:uPϓ71]X$7Vj[rv}l|ugOѕr*oZyxѸ{K\\b;[rR>^$f:qj?\nJw̽;//$ܱfڕ4E+\'	ig&y>s:ñ\\/ItGvER|\r;ټb\Z8gGWqhp;}<uv/z\n3IJZsۿJfm7R=`*@6n ?a_+Mn	T:e\':jbc<o\\\06*>*p	NoqS2j_\n	~ea\'ھ;0^Ku+q6u#nI;fl掝qa-Hx{&Ǌi\"#(\Z`S^;<5F\Z9)6}̌-a;cf77^k1\ZJd<.x`=}\"㈲ZjRQF|[]k\\Ⱥc>ԵwP|Tr]mZ0++PDDD@DDDAE(K\"?B+4)Hd!\n7\0UՊ?\nB\"\"\" \"\"\" \"\"\" \"\"\" \"\"\" \"\"\" )K)@DDE(\"QDD@YYfrRy%VA~%,qkPXTտjk&YMH_G,Z*d~Rvwvr~hp8PaB:UFv_AetMQ$)qd1؂W`6%K]Lxi #bXfI1\\:|?HtQ[B1mv_\0xy.g._n)=ԵgŒG#K\\b;[oaVTʚ\njY>!yH2_jΚ۰aj1Pb\r[kWhXܫw<˓Rk4e`\0\0s	4ԭ8ƙset\nJl.ԡ05TI=TM<G9NҬED`*]+jI<eUI$JZJ#gKܴH\'ZDY\"Ar;\\I/x\\SP#x_ೖr51ے\'7xZ׷yr	H*\":F>Ul^\nз*ʺ\"\"!QM \"\"\" \"\"\" \"\"\" \"\"ABA?\n[WH_DD@DDD@DDD@DDD@DDD@DDE(!J)@DDO:jEЈ	e(2cb%*l\'OOrrt-\nT]t\'\'OrЈ,Sܯฌ.)MU<>)ZhAF¾:&oxFy1, AA*(if\"-<<pY)9#qdciqZ0lR)*JZg\"3bG6ޤӞ	%v>:(UHx`[Y7#55cdXWAW-=LRE,o,|r4p6- !h[EIw\0%]G\'36K6<c]W +Uud8!FfwYp/b=*a9\"#%|nw M76׷/A,ܵ`n,Fϵr$6ղz13R\"co>y6渐\ry_%V	WsG*9k%	XQBQPD%B\" YK<\nAsCw-eAQ1TY_X4w`EZ_IHwѴ^kv;8]|I7#W1\Z=Nwln𓫡1SKYOJتm}ɱ~_q;rXsOyډuW_ǌg*ЬM-,clI[FQ07]EE*R1E*\n7\0UՊ?\nB\"\"\" \"\"!C\rֶ	d\0\0X{PO!/P!/P뻽9i:E<BB뻽K)K*9i:NZN<BB뻽K)K*9i:NZN<BB뻽iSwT	a\"YJ\"*wUqXJƝRN\nɮվ.I16J#vy=~:!U=F(E\"@Z;>/n`}=3b6w0I0JMO+xcngn7l4dDZdE)d@DK \"\"*,Ȧ!M@Wp|N.JZg\"3g1l*GYctUB|;HpޢH4[Y7k*0ɩk\"\Z^Y$r7Up6 Fa6!TK[N$SFl8q帍caZa+a/Ӊ1M \r:\rmZs?ppQ\0\\b뱃O\0J\0R/~u.~K>cnxֿc\0Fi\'/|j[c߬vD[e\nd,,Q\"Y:i0ijj17Y>m&uxGʘ[nRXfd+I\0:lWGLlYK#uI\'e~lmglWI8S`2Ӳՙ|^֝ċo_fZz~[]$e#G~<ROa$$vnNHXV26x=?+`,\\I ;w^wxtG+S&181GۼZS{Ι|cdmY\0\'iھÊ֋񝳻6%m61;BQR\\nMJmX}քEPDDDAB J @DDD@DDD@DD--\rubB\" \"\"\" \"\"\" \"\"	RJ	i-p ؅bF<1Ygo҄`šDD(ұvʋ;+CM+d,&b4ż4Fn6}\\|W*=0&*h|,q獻{_ij|Umb|p,1ghy\'Qwۦ êwceQz~#vU<koHO\\XweGS8\rOʙCu/9xہ+jeq͔b\"Y,DSe6AK)R,@.WТ2`/Y᪕~ovgy[fQ]hGuvҮ?eش$?\'zXo*xkWC)\'bv\0IK=qy\r~\0I?~27&?/ElEY\"((,$Taet]G?c.v! tv^lE=30xiG)_H-;7aq\0|N.t#G4yJvE\\㼴]em㏭IJ:Aã[vI鎬\r>38-$k\0e/Rg}$JM+yv#& rvWt_Sm!S	,}˷duO3js`1ڃ5T\Zѱ384}ҳ&-:[9AMhY\Z>|%*Mk/b)EQꬬnUȈ!@DDDAB J \n[\n[|\0*o]!}YaUefɇUDDD@DDD@DD(\" @\nQ[`Pvɻfj[rN@Kx[\r(XJЬQy{WQ~\nnT)UKQJ2n#vVQ<krW$c},@+͜˧H֍5T|>3}zzp J.VaS\'b7eeƷ\'}F:x ֍\0r*dFϣa9OAkB/}6E6R(\"DSe6A1/S16.bW8mYɬ_<-e\Zj6QRPۃoq<e00amCb?$[ٱ2#}Epہھhߞa5!h\0m#Bmn~y\0*\nL{hG\Zv-	~nߺU\07zWo*~+:\nG\0r.?Lm\Z}`}0+*#@týq\"|rKǋ9  _Cb*_K]Lxgڳi.͚2<t։S\0-vlN	[-)p4[E=,lYY,SdAQe(/oW^F2AERc `@\'aqYGQ`ԃ^c f;pNJZA	$3Gi6\"{vX+oZ4,=;2N#4yJY[~S}yi;vveΚAOL5|	$\'9K,z)\rlyK F÷9&p̸nǪ1|rW1ᱱ84t|Nҳ&-9f|S8c9Pf384+YJ.+(Y(!QPofUef\nJ,!B)PJAAR1E%B\" \"\"\" )o)oo\0\0tDDDAfɇUk.c4&=aB-iDDAR\nQDD@DD\0/:twV_@.l\0.ldmaGk[Lgm:FeR\"=,Rnh;#\'bYKk(d\Z#8ہ\0VLxC|Zn=v,cDbzL	b@x5w-WWI;K\Z8+68Q,Jݭ_tr\0kz<~\'o!vV<kj_a{OHntpܵ>?>T؍KXìa\'tr\0w_+6~^;N=jz\"YoplU\rlRj^j7꽮ssmwgn!awnI[CjjINڐ,vӷrJz<ȘwW`#&a\0:7lݣEy\\>R歭RRەָ 7*[w\\cڻSv&sxaٴpv=xpmE>\rqZGĐGu;CWW*;ܜ,:6/vS/ڝlqj]XmK޽DJb<fucw/,Y/@ɘVqDy˱lQɽkG@ol]z\\l\"pYlg<}x;B&Y/͟4o\r/4xI7hἐ6 b^=_]B+D7r\\\0o-!`1\\SC#9W%\'Xw/eִOC-Uh;OWsLE4&p.An9u}N[=|SW1x!WW)$zm!W\"	0^0AX<]D}fѼ?3,cX)ql\\6-pӸt{ɀG1n	74l>	LL}n,:寧`u%o:fg0/3ܕ)];u|lOO|!k\\p6 z\ngĲ5MOݯnŮ9+iK6e\r-Cͅ\\~Sl۶پ$|:v+%ъ)Y6^E<xPcdd,v[6fks\')t~#%!` \06oҖnDd?>{vqxdM)i&dO:sn>^󼴝;\\v\0}짗04>S1N5lcK(F÷9TyigdU,֍eSs)1ڜ_5cGS3ne3n;Q&c\Z8ھ5BܚDdDbHP(BMUk+PydT\"\"J\nDDT \"\"\" RT\"\nAPPPAV\0UmgG{NVAg^ջ5[dCk:Oޫ\"YקnMzVYν?wzkwBXnSOޫhƽ?wzkwJiVɱc\\Ӹk|N];B+B,JR\0$V7YtpA14SC`UK縹B\0IVLgmU\'1D2UV.q{nJBׂZT//ʸ6!(e$d]x/{H9_EQp:\ZY+EB65v{[ؿֹIlqu/ۤ贃1wAWw=OOWWg)pj<ݕ{ư\0208ہ\0g3>Ma\Z>6;8xmxSǪprY	k<ZxZǹ${-+n3XS&}-[t-i\Z\\5FkfHݶ*Εs^1ejf!gU0	`\'n-Igص!ard՞.}ӴqiKGQ_VRœ0HoGî!a	2uar峈mmh\nˍ=깍-Dԕ1TR$5Ip7k0:`Ḵ~h\"H\r.=Ҟ+2>%+\nPb1زVp:6 xi楨W<NHZ8BY2Vc:;9aXS}n,,/?HqjV\"uSv]c8]vTḭ4Ԗ֟F6[XdSe6ZD/G-3X.㣠h^ze/}Q3Ns6zѼ%-xWsy l#kxpzڜ:vS@$3D9+L݊-M+|bu9<t{w.2Vx%ض\n)4oiF.{{[-t\\sl;I4bq}i1\n\Z6JjwFpSAYSYAQ%=TE4Ns7Ws\rӮ\ZMi\"c\"hZv?]G\n9}I//a>2M|ܟkJjc[8o*[e]=>r>)1aأC}KV#7b|cwH2`!~$074k#b8~($2]qPγz뷇eY<$1^E;I(he~#%\"h-i;i<bsICP%}t7_f\0}~TSP\ZGۇV-H<\0Y|L~%fOȰGkwmv\0r:W2]$\rx\0%Fv63[Jb\'bu+d(,TBATP\"oOثC-,XE*APPQ!D*JB\" \"\"ABA?\n[WH_DD@DDD@DDD@DD	DDQX표=[{Ai>\n@آwr\01}>s/_S%6]Ͱ<zgI7%@R<TK_VT}|JU\"\0P$e,˄[S;sE)N8x`\nT}ݖqLTa9}[#x=OOhHd0RbyW+^vk[xreP !\Z66\rWsWr=Qc\Z6Fp{_/WiWGP4*T|1:Xӓ98	}nj\Z)$:R؅_5a{٭mslE*h˔j\'k*\ZKLIrq߰lȽtY*:6\\\"56и8!@=faeѯAbZE\\F|8]CEB0u6{r\'#6m2.U斚x科M㑎-s\rn ]\r4EcR-Z:\rVbun=#ݗKGy&^1.\Z6[FSH쑎-s\\\rn#[&Spg\Zk<V\ri~<mil!R8]~,\n\0Em \ro7`xNSIK]NI\"m-},P6Secek2f41lmI\0\'_X}YX&n,X(Y\0<[b+E䧓{ƍ66/ܑst>X^\'mqd4dDm7#mr>lr^?-M3<#vg<qh;BZOF\'jlǇ4ޏ뱇ve^tj|z0[gJ=cF-Sq8kooV_QESMWN,8o%UE\rdtSIOUđK\\\rw84炶\ZOiG%\"ģh}kw?~C*3Vs5+)YS(j7l\\sB9aYpWVJ\0ёҫ\':FY,˳i$tMz7B+Y\'6:Akw3vz$ڼvMTG=4ϊhǱ-#+ۤXdijul$=:hu/Fm}_4=]L9&5b/T\0L#>;7/XW*nM.UfEw&*YQ,1!A$D`HDbYurq9oPBD`\"*E%B\"\n\"\"\" \nTAAR1E%B\" )o,i{hA֐g6<Lclr[Cޜ^CM(syz9CކQnz\niz\r5zlRS=yBY=aH@DDB!@R,H6C\'1}IE(M\"[;mҾ\nW訰MVgi4yC^Do84ݷm~\0m\\1aRyjCS%3,qȳOd˖L7-lWEw\'`4+H^/r+	\n@YlO2)1#0Ex\0Hsک%15aG٧VO8j㶽#6[b~\\dk((ec\\@{k\ZvV.S-6evnq!cG@	z2?ݏ*\0[E5=牱\ZXi)i#[4⩏1F7\0#++Uk!U\Z|FvvEō4ʌ]\rM˕#kE\\Fk|6 ta:+yw8&CPI}^ֿ\06/3ly/rwbKK3$88V> |vǮrH%hG4nc5F0K\rfe>QE\"F+6oKGڸ*gZ1s\\.6k[\r9cp{GJSq<Z01ji)k$OHx#a\nsҦKZ@Unku[qfZlӏ7b)RFQ^W੦I H깎<\nDu7ZhZ a#mw2MHZj3୆EHWxnѶWd-.4SE @ot!d*/ώeip|C6JH\"igTki#\Z\0f7ql9r\ZJcŜWnesy\0\r\'f`}-MGI8F)^F[p\\wD\\ӽtm)irL\Z$hmhG1NܯAwb\0Xvk[yu-\0Q!E9?ĸۉ;BsXCRs\\i(#6\rc}mßYk	+q܄-#̨#(YE+rlҸW)iX-1Cqcc~\Zqۛ]LMxTa.km :WzM6\\%tZ鈐z[ؿ8iu4\\kE,uHwr\\͒\r|-z.BąQ*B(B\"DBbtwq=\"(#Z?#ai-wJ\" \",;UFվIy8ߜ؛ſ9VE+\']wzuޜww|wwY:Zuޜww ?wzVc{fo\')kݪ\0zY홼k}VR7FWD$-i\'b}\n\n~Qb,́nR`sx.m!iK#s+j/Ha{ƳǏcM.bEv+ \r~Nзt1):zLO^i{78ܕ!Mљ7L&:RcP\nj<]F3uyMR./\r䋮_e,44؛Tuٰ;n;}Zv\'HQ̫Pm&i\Z	\'.><;ŭ],,]2<=cٮ䕬çTQƲeFM=ծ䕓RFeL@[foۍ~cX1:\Z)5GN݇jcr?,9cqkb7=W.զB:R7U&nR\\\ZcA\\rw)JgVu_;pϫ?jbxf#K]E]Rʚi[4N29_8\n+6am~=Opس8+vbK^5GKS<Yq=`O&2f2x[0zIn_s\\OF\0/JS\nJMp%lqF= x.\0R]\r\0%/Yu}4Kҧ!\0\\uN>m)lS7bebxZȲY	5`>{~^u$2̊hm/\\UT9/\0bveWm9gx};)۩,km7t^7Fr9ҙ\0}үGik`;T\0M_wvΐiqIKjg\r㴺vˮzk}.4y&oqJ2[HuE[cJZA.eX>Mm=3#qߴv)i2X7(PYԬ\Zr?I\'h_E=~l>M}[^KO</`\0&0v%Ob.BC,60ms{l\r),z\n|7\'m=3#qߴv)i	(2YܟAfSR0jIniۻ\0%v,$л~Uxfp83~zl[\\|&l;|kW-m,lFz,٤*VUc\r\'\n\0mӻ8ly(dtMc.IhBٷ1yű=\\Ǳ84t|NҾ)	t,̅Hn]k@FR=K_4P%cˉ\0^g+f|%ꡃ<aZ:R9571Y1J\ZL>fITaٽy˧Y+y\'JUU|1Q	w\\r4YqRa\n9-U[ry6	$紧qE>M}KHf#;Ngd߀CS4,{ۆqfzl^NRyMKo*ӹK	<M:HdaeL7^Ǭ ?1e?({̙_5T:\Z\riݽf\"ɷ>s 1Y4{.z7hq~Nh㏰sʸy7)K4Z\ZG\n\nޙo֦?5Z\rSuޚG讍SuޚGBo֧?5Z4o֧=5ZбMznքM&Q$SR=%hPD@EֻqXdpQZ{*fl%UVj<EdD@D[8kɲ1tָh+>j;ֹ2\r֋dw~\" @R\"%k٩5nrj*]S)\'?WV)#xPR,/AB״;zM\Z*\Z\\9yMzOfVe\'(+)1\ZWLOwmۮYg7IhzZW!ERto;U}?GJ(?=bSk[?kqqiAYIԔM\rvV_rG6Ѽqƶ帣tws_/%.q+o!dFWÔcd\"#`um@юsqYay)ER=#pLCWPH6qyKȿ;Nw/]B`qk/,ɄI2.0s3O yWm7/zGX5 m\\pu_EBvN`zhfq;A۳[~%&n{lֶ񸍢;Q˨HT1/ə)UX;_wgl[wWV	-^!ϴQkTR_U5~>)槪HgG#K\\b;^=e,wE٢sf-NFFkF낽]&<k)\"QEzkGxn;,Dۃ)njjdF깎ua (M__\n`/mj,%o[+IKsH?j?fRE3 n`7?M#r9>,Ȥ}k-G9\0{qɫyS&Jn/E\0߲%qf4H.\0S4a~2DU?\01WZ8iO1.NFҮ>ұ\03v-VV *^šVl\"0G3>GSQS%Le.H`\0OZ\riS[PXgO\07v\0+argko&w\0SՑ]/&7ᬁTDێ4@?&ZTri_,t{.q&wƈGJѱҬ5tٛ3%Ξ.~iGHMQA2MHI鹹ψڱ޻\Zv-\0$ٖp3E8%>kδ̵\rpg[\'A\\v.ZM0{^O;j3[vA};9Vj8iƪ1\\nscGF?fnƪssXh~ؤoAX)I-aocnZViTT@XN\\4ڠ\\Qiq\0x.KYT?R8Oy\'pڣ«qLNWTR86\rvSt\'˄`_\n؀Y;u~=g,BGӭpO°bQWT	-;u~=yvX/p	ƱhtF5wI~$rj_CCu5{@Zc9\03(e)mH:x7$=5wJG36uUii5yKn㧈uviiaFt0bً~U566[t&=_6]|8b&~ߏ\rP&0Srƺ}n,i?6)ALhitl$ۀ>ѻ౏nqs\naɴ-򕊡g]wOe9=-9Eoʶj#ڸ.r#qzǙ>M}QTg#qv;_;iVLz:<\"/GF`qp\\3=GP 4p\nX\'_X>h~T@\rűܽ䓼Q^\'#Wb^>C8w\\lpEc`Up]Nޡz!_\"cMñV>VkE;:?x;GWyw7ЈQBB(! DDAPX\"\"\rԾńugKXM_P1by;VDD12\rB\"B(DDDD(HPR[\"yit0*\\k*XLk*9qfj왖Xю2*ZlY͌G1-po/ MEZd!yC$<Ůx+ϗ:̟+0U5+M!s%Z8fCG~97e!pzW\\.9:Kae,92꽎Ϣq>r>6viWGuY\"\Zi#k)1͑\\5lh]GEZD&y:}\rn\nˍIwW]z#u;渴pAҦrMlTsG-׍zF2״8m@̐re7^Ӧ?JJfb412#\Z${7y}>_3JFL$kO+/׍ٷqaPo^FZCr6.ahª|\n>CvT3q߰8\rv.|5-rHu; a\0#;h)ihcvm{,W)]%t͎\r C?&nPXm~{vwL:sTmmUMlUq;@m\\B!݇_GCQpW;r3v3_5x?_5}}\0p^1k!}P_QR6nR[0OT	u	AA#35ss[gTCRi=ª\rg\0	yҵ[oS\\?5ζnQu-4F_tca.OKݵw]%P\Zv}\\\"Į]XNEpJ\0*/_i7_t}qHt)qIS1zY1\n:L.-|nA\0*c<Ŗ`ح/bW,ũ&5Վ6}\0o$,Ǳjl3	}MmCci\';_qL;C4Y*TGho\'>\'m]OM#İ``Yrhs\\a$vѴ.%+,W={ˉI\'yY#|qsrvIVI41]gD?M)FJS#tk#cֵ䓸Į6-3\0,N\"\r7*gz@\Z\\@h$`\0%f\Z\\\ZM䞀j˸lќ`eNiivd#nZFOs\r_\nvxI\'AvWqO5cU83RfO;\Z\Z8ڧ1эTK;GphϑUjI1V詚Au$\nѢG1}aFؼl\r.dR<8mci=5L;xMѻ+a?LP5-2lO<:m}\\6YSմjw`\\.(ǛHC<z*+i]\0/}ڣI8-Gp_>%U$Pw$/0w\0T~?3z\\rrWVU!\\LX}GBmH:z$ΈYm+j$Qݪz9˴97/tqaxa-KÈ~sޑ%pgW&<7<#-3\\bmgZY~N+\Z;%V1àxMH.3ϭIfϑq$$m꼳9z\'Ʉq]EZ:ٺ3q-uI6ۢSt58Npܟ@uq-5$~>$_a#m\rOH9TSP@;,k@x5nh6ܕ\0Xξ֭+i\ZlQOaT\0&e\\:̠\Z=lֶ{nOlV\rkd.&rOBԒMCֳ+&\rW1dqd,5cvSƨ!̥$nuO̿͙ҜT暆8+\'t^aXN/TKS[9v5Z84p޾/Ɯ	WIr\\8&]4xN\ZifrrM\"miڪgnZiYAVoMt=CJȭ5V5q*tn-pڈDAD*\nDD}!	JΗο\" +5bYYv ,П*=	R@R E!DDA(BJJ+&Zb?ΘF1b4pguk>t|Ϛ5#pVG&97y lL/Ks-8	.ǃ4/\';cGAб?gK.՟rf	s捡!b+{ƎaG8ݱ\\riӴUJl\"|8LeԎ\'G@ѶҦrU\\tsG-Wd9iys\0O^!i\'d\0hJIHomߛ5w~vLw@YLARc8RU1΍@u6fDhH4\04\0Ƽ3!w^T5+f;/[m\ZS|>2(o\'~<=}2Ds], htRW˼7f>6h7i1~T1`3Q^:w[Wbw~79t43\Z+`%Yo	h46Ɯx#YtLh\\&Wzɧ)?_5}y\0p^5{=3~uWן[ȗ\n\0Y@)\0YH?~]GϪS\\~7`1ث?ꕛETFo8rP;{#_:v+26%qc⏢Xu\r^QI#}=G~Ӗ7CgZ5풝(!hk~.2|)7*cڣ7.!pZʧeI;|sAN[u챬W\r>&9T7\Z.)AGy`8|99{srvO&3IT~^rc5(|28\Zִ\\ĭDdq1H.\'`\0\rv#ô=Îf(εQai7m?}xnZ4csS1znەȱ[8)<U/Fw\rn\0,O\'<u/Eˎ\0a$`ymKu%\0IGO\rmaL;D,6ʬP/	q$#n8/lfƪ]=T{\085G\01Xb*1Lb`Z84p\nEƫ\nɮ\\X,\"f\Zz4um7	w1`hh<e|o@#ny%>3ccCxowq|7HyH;ӳt<{,m<nϹΘѭp;3:N>`ĕn#zBĭI!G%l!bB{G+7!w*{G+9~r痿\0w] d:,ݤ- M-4:&W>Qk4klx7t.?$W``j3_e-ٻY`mmn\'bCLp\\Bty7ƥ֐1By8#0tt+]1hJ,[Frn\Z\rtuwHsj4j46?Z⚮H^4w3I>h;&xSLZރ/hJ\\cISYn:}]7n<4Sj।anãc@{]oFė.]bk^Ү3\\t07,xt`5hx5sFğ\0VE\Z5q\0\0.I;rI:glZ=is@\0No\04;;*mCK[/A˘\n4*xSK\0GO\r>?f|jS[9큣Z>kG\0?>0bYűT`h֎\rJĬQ\nD\"TB!DF*o4G)krRѻUjZ활kyݪ )PQDA)Pu/1a7iYCy>0DDfAث+5bzYYg?UjB\nQ*\"\"((RDA*B!\"(9,[VAk::vҳO³_>h_Z<e,4oaG8^![$fqlmY[ۼg,~ZyqY.՞rG=/4RѼaFۅFݣrcŸ+`GeTQs#h\0l#c]%\0\0QzsS<O++n˝W؀)؊{\07b~S5\Z/h߹/~Ep?mʴ?*٫/iAU_^tb:@T\0Y\0,\r`-׫?i=.t\0T~UObQ~9`itgo.q\0Stg\"KX!7 6^B򛗾?UĀ΅9{c\\qA̿3^~dVE$pkw8\07grU\nѮHd,s,|y*`7Ǧ_%77a8n\Z,k*WuvѴn=\'#\\k^zFyjw<\0p\0vqZB]q\0\0u	ôIØ341ac0[q6܉}`x>LÚa7T0\rn)IGO\rm乃3/Q{84\rǱzjNg`βk5XoX\nK|1\nX.^κA<%u+ifݑrv`Κ@afA8xi-?7~θMS0vu[<{,7˨1s8I8YvSRvuGIsǲyb$-ɯA2*%l!`B2~wp\0T~3Zrr2wp\0T~3Zrr痿\0Q[$\"j\\]$\"j\\cf[WLjXMc*^)xbO\0\0_<[j\ZںTUn,xMUEH6q\rkZ.\\N\0UDȹG\'`\0q+xV2HjS5 tpr1pl+C8$6nua~8Rd#mc2cdƪ\\j5|\0֎\r?k˙qɌԜ涠v85FǪbT.Fvjbp=KWF@,XXhyP=KMoԱD5axeotVo+-UU+7UР#tnw\0+f9+y9w-2ݪP`\"\"\"\n%B\rԾńugKXM_P1by;VDDYOee\0yW(*QR(RJ@VAb\"2U z\Z7\Z j+\\҂98F>ը(<N ʺ6_\"N*B6\':b7k%o$N̾<qh;B,a/͞4ql|N{\07\rmn\r^\"|[\'f1|nNvx/Y38=Vre|QT\Z!U\'C{miKj7SvTd8F6]>\0sL*dor\r6#=ᡩם=ѷtrއчglhuh;xO`SrlOCHO$$QΒnm˟,	Mi%P<X~v)LT\Z5е~ gƈjc掖9Xw@n*LKX2sXj$F\r<ˮdÄc˲Ҳ;S4RYm;y n;F@͚ӒiҦihհ`^DTinHsKO>q-+y\n7llvH7P-qij؍eh6dJ׫mPM nt\0SWJ+R7?g	6Uj\0SYW-u3\ZCȗ(vȨt&	Yr28fvaL@Y\0TA-5DTFŒF깎#X-M誃7T؎5U!QR	e#Z\\\0ٸ^$~.,\ZC1*YI[JyGQF_Hn౔X_ŲYΔ{pCtg#*;mpJII/1y1|UIl-ԂEx6:K]^kZh\nh+365-,5>NTHۧe˜㘵~=Ob/>G}\0n\0n]+B#R;\Z[,Hŭ_{.V5Fо;[}̳\0m0S\0*VV3|ES|XsB@ӧ_0\0:/B!l!bB5!fV%XXGQ;ժ?Q}չG\ZMpĵu\\Qrm\'o|_:[-i!n\Zm_{6?E5~R&Ś|#\\vr\0\Z 䚽2*d}=H7ܝ|6\nFUOEW,Dρc,WЭS\0$w;R]@9uo]*^9<*ĘdHQe[¸mkon̙oCG Zk{{Vrƈߩ|j#\0sf8,&9<.\'`\0\rػ y3S%nd8ۑ]mo-UWf<P[8w|Z\\o2b?TLU֒G\r~}|O\Z5,fj_U]Pi$w\06\07/VebWFXYJ\nf(+PPBATbJ8tN~#l0ޅeothUclaŽ\nr27FWV#7.ZѻU(5DB_Hbo:ҳ,&(|`\nGVVj<+\"\",\'ʸVOpR\"\"\0RY%!BVxGMVɥjG1=աEJ,B\" %a֓ii!  8w/APֵ\'_\ng2[i+&)\ZbXʵa\rb}\';5㢒݄fjX.#SEZQ?q_Oaũi@&xbMu\'ִN.yۥjR?KaEΘf0U\r[654vO!F\\=n\0Z4\02\'tNRaGΑy$\\xR\n:ji\'0B$r1h +;wRG_\'E\r+C	Ơ#\rŧv2TuwjYG>HTqZɏcvlOk0J9bX\0㸍ELuQTRg쑎s\\7F⻝%F:,BH(3V#Uu]n?vO=p\n-V`FM[NIbX*m6*H\rL,A]0+e,Tn*G;ۃ\ZV潮c\\ b\n͛W8!yZVBl<\nՄ8=~<Ր;^9c6-?72)AL5J|L\\;pOGmj./C[SISrjF mRe򮞦Lx;ϔq^VWloqbTIDOxXW1x#^(0LB\n	vrش\0tZ<?LSc=yUGqb&\0\0@<T*)\n8HW1x#[ *^ŴWhSPh}\\h]GI#O_1g/bB#\0Џ[G;WИ\0s#V;{FY5 ձZ\Z,?\0?kWȑ{JÛ)+!էpcdqտX6-t?γ\0)v1j<{H%HeaIkk\rȕaXYDk+e|fn\nsƱ^<,эA`zOcX/qWQ9\r~	QMCg\Z2)gG\"\\OC3fJjQ\Z2Ѷ3<\0w㳈I$vxݾz}dO<b*hǏNΓwټ}$דk\ZCFm&g[8V!&su#z;N+:P9/hj;z،\\l߸\0\0Q\0;jn9!6弽Sbttjg!mx\06l\Z{nueFkZZdtn>5Դh<Gwt)G4U\rG0+\ZvkKGöpOhg\\SN,V=G滿C6U6yy\0jǕ+u\\}+I]ܘJȨ*V%d1PTABJ*\n*\n#(tn~#m6R/zuR:7k7:TZ-mkdZbɇUՊ\"ubQXi}!	JΗο\" +5bYYv ,П*Xg?U-J\"\"%DDA!\"BBU={BGOuhQRKDHv+L42]T,[$Ѻ[M=\n%h:;Y6K6Tx-{\n-W*nJ7X@P*y34aC`y~N?ƝpBw`n;lW6Ymcgez|+\ZQ<md-?f|:*bM8#h u `Pd ճ1m|Ow`n;lW7Y[N5\'<~ݬvKj#䂇>QE-Y\Z`ۨqp6\\.s&R7e|\\Sn6GS>9cp{^GJCJIz?MY4wW,_\0\nli?8)1_G,cQ?¹iٓ	}f\'T^i6cII\0z?}sTcXT1T9~݇q<a+H$8mo~ee[pO,:lg(f}<<EPE2nV:G<o\0;Ax.+Z\n颃mN]ƞNfRv1Kd$7H\\\Zʜ3p?^9c6-?Ê8kjI,gq%|	ȐkŻ[jhSM\nuU`Tx/{\0=K5$TQ>%G#l8op)TհVPz6sHw	|킋<Rb+8oݸ\0\Zݡu\r$N7(\'<N,{,ZFBG}^o}X#]TvVi@񑟛lmWβe\ZC.`/WUsx=(׬}bh VhH80Rams2&v[y%ziNg4}k;onM\"jJ:<c4^c}kym߼oг&_z#hi2+5<FS84#ؽGv79a!s~xw;7LKgp|]-+dMٴ*:=Ɍc3\'G/rt?\'IYOx?_슧G/r߇h9Jܻexo+Q	6{\\:Kο|SKTHΒF?3Ⅾ	m:{՘`,8jG86OIUMh#9\ZVW[ t=.;l?`%Y&3u=ȃgoPZ\ZX}]cǋgI\'mJzDv~txLWmesO[OpF.xhpC|\r>_ִA\08qi~vf<\'.޳+-j[\\b1U9?u,%}1,^{ƭ2R/+nqXPV`TX*JQBB1*\nP\"\rT~ꮬVQO\n+^D>ꮬUy+\nJAARKXM_VtńuYv*GdDAe\0yW\n=	jQ(\"\"	HR)@\nT(T{Uub|ꮢ8ݨn`-0.ch cc]vh9?SWt3;ǥX[::)߈[HzVht =[jRh=[AzwAd7-zwànPjrn3^\'C4 F`;vخBwz:V6Ԇ0,pʟ/2)A+1O[Sڽ6\0xS>\0xW^?qor\0f2)C\0*w7dJL3vHsj9/!.v+ۗA\0,[G`SGM\0JѶzɸ1\Z~Ӱ|CɴԘty&k2^r\'x};	0<Z,V#L\Z{dkZ:I\"/GYq	\0Va^mY+N@;;Y+wycBH5\r^W7s[N\rٷvvbӘxqv[SVYC<P>9c6sOHUyao)#dKI{Yޒ?\res#Fj=\'<QNg5Rp꺊\n*|0>9c6sH]+6?.#^*j,\Ze8.zՊ㺪5V簰h%f$AGRxu6	٭oOvh\0$fKVW?cch o:G2f+v:翉cy!Jz(T_:翍~tI+dle=m<ecvo%<7.93?p߼8 N3ls4Cx\rl43x.=fG:1PL@Ϋi!}`X!13I&VrbVi&VCeb-%|.>vk\Zjm$[w8k\ra^j\0\0\'V\'._ĸ)?ҧNʿ,Nʿ/r5K+1LSN\0h1h\n2M\\\"\ZŒ8֝\"|:+ ^	\"?-=?;`Q>Ip|I9Σ[/v1ߵ6J̅[FbXܷV~ZJW?uQ\\\n̬F%ARTF%bVEbPbPBX*TF%J%B\" [?uVVkw<(UyUCJJ(*Ti}!	JΗο\" +5bYYv ,П*Xg?U-J\"\"%DDA!\"	\nT(Jj|ꮬQUVAJ!d$\"Ԕk3	,%YY+@[bѝYAt;ūE$Ad!dc%d#n_Fi`s3c2c4!0h\'g+shJY_-az2aTcRXN(;l;|k`#*aXByqXct#?☎;UW3j>l`!Gws.}5>N32lB׸G4Zi6Ji?(\Z.vg)|13L@\0\0d4˟\Z.va8\0C|?hйwgۧ`j2╬AԒ[+.ւGU0e6-]p-p<\09/tVPUHN΃F\n\\u*YW\rJd\"Āv[qٻ$E35\r^X;\\7fێ>d;qD͂IwU4x\Z\Z8ۻh;VdIcVR5+(_3u[qS\r[ya4hن75Q>1N\r;,W;R[,t.OnbXG.qM1g/`>_RZz()#u/p}zDΐQǖ<,k[D|\'i~¶	Ԑ{\ZKWPW˸4y=2V8xuO9iٰ~Uߟ# <:sO Ӳl皱ۍImb\Zg|шfLGw->q28svxq0yr;x{mnm+e?\"k,/	w#v;sVc3N!>\'MNYDMƎ\0}=x>nR.)6(-`ꋴiZyt;}W{T@{ c\0C|?hм=QW#2g\0\\~\0\0x)ѷK´ݝq&ę_LxY`[v$aark<eCG7w\'p]/E#ت0k	jwvn݇xRw	۟=QNY/82kjuMe1xu;w\07\rmb;󤬰쳘0$H,k0ہLslshrZnV2**\n#+\"(1(PTT*\n#QPUQ[?uVIEbȇUՊ\"uu\nT\"QARKXM_VtńuYv*GdDAP۱v\0bM	maVmPY&؊ԋljDJ\"\"B DbJ\nT)EY\'-{V!d|Q	#:񃇱XaY\"$)PVlqiX\\MsU`\n\"hKVBhKUPM*-j4~RWա(.r-M]M.i6i#rHZv+UXe~4A-nU$e3rp\0\0>/^{sI$䯖8oUdY	飿\nDZE,~,AhJTbVzEZ˕ai@X,T G&c\"i4>=_OIt]4XO`Z&È-pG\0I6͛-o\n\n5ǰvɸ\r\ZO&f;~b\ZNU620\\aa[h\\ԳyO},ެ\\٧h][?8یvtE5bos9$p>0\\	˲gj:yT\r37kp\r	;\\wxvX{Cfӈg^JZOh6y}͕\n\nɏv)I/\'C;wx]Z|7v>kxhfy̵lkFF`NC>J\0yQNA*e3psV5ls#ڱ$\Z+ZDB9zYAp!y#ml=-5TPόao\"\0BJḛ\\;HY\\ɎU!wlcNƴ8mOP_ckMCfM]#\\~Z\\VoTV+XQPT\"\nĩ*\nJPUD(J!D\nJD\"(DB\" [GoUCWPD*\n\rńugKXM_P0n\n\'|GJ\rhMsyX#W@R)76,x֌Y^]F/Mz^\"ivznޛ]Fk$r@XRXJ%J!9=mbHfZlBdږXJ7^ZA HYyzd VQww?;<BKZď뻽Hww VB	zjwzH[D\nEH\\Q[\nA-wz˔]7rJA\'Uj?ww7dꬄuV#Y	wz+hNC\'Ui?gw7d2uV#Y	wz+xNYd\"G޲?UZlbwz	\Zgǥ +\"}jrv!uLȟZY5x]SHf.ѯ}\\˨KtfM1LN\Zsw>5ݫVA8sHj)*`>9\\wiZD_G{A+e\0wKʛ\Z|#ڱG	TgDDf8,S[Vf*JW?ui+u_ĩ+!bTPTJ+(\nTT*\nPQF*?uWV+w\n+^D>ꮬUy+Bbu/1a7iYCy>0DDDA	LNg<Bܤ[X~]lg}]ǁAB\0zw\'Nw\'C[ܟG9ܟG@EU{I{ZoR}<O܂nr}<OܠЁor}\"OܪФVw\'R*=\r\"d>rU\'AH[ԟGH\"|Τ=E\\G!nR}\"OܠԲ`,TGh)R}V~*=!U\'Pj0R}吪\"mAgΤ=!S\'PbAd*=1S\'E`Af*d=EKr\nELGd*d= ,Y6-%fͬ;@V@r\n#pc⺆p\nȀU|3z뙲+\"XdXخ[.c+я}\\αWT1%]3kWO?us-5V@us/SՄ;9Z>1ݥiV>u\0A9ⴒS\Z|#ڰ%Kτ{V`JV$%FA:	ȭn\nut\ZW?ujrW?uQTJȬJ*JĢJ+\"DBJATbPPQr!܃}f]X(UyUCQXPu/1a7iYCy>0DDD@DDDA*T(\nT)@DDQHP )P2DD!EA(2\nT(2\nB,Y, \0ԬB(26,+`Y*\r\nYA	C|a`V@JGt*SNO$=>XG~Sȹ(+\n\0֪~2ʞ|kWV9h.L]ںEO12#L|kWQ?ys+X{U_0>9	wiJs㚰v+e\0>u\0yVtDkՁ*^|\'v	@%b	UV%bPBĕ$J	XQVաm_\Z\nĩTAXQbD\nIP*JĪ\nIP(*T+7f]!EȇZ\"utDDAPAο}!	J\"\"<V\';Uʲ&՞v{YF;UorudU<V*SF;UΟor4YO극9U4mc?O곹WDYܜVw*覍Yܧ?X)MXo곹O:UʲtmhU?O곹V%4XO극eΟorA4,sYܲO극UYѵT;[ܫ)\nhZO극HUʲ6ΟorU?T)	ЪU.t{PM\"V,SUTlU?吩wC{@V@hU?吩wUʨR\np6X5A\n˭35+ZF\nG75\'|XĹu|!\Z>O\"e˭f֪~r\\|a]gI\'M\'ύwj\ZMvZbe#L|kWS?wgZ]Z|?ys/rs㚰v>9	wiZBh?yh˔EotS>+Mc\ro>X){V$+P(IRJ*IXP*\n,IAn~ꢹPTJ\"\n\n\nbQQQT\" (RT Y?uWV+7\n-^D>зy+\"\"\" KXM_VtńuNZ{֞Y\'=Ormg֞VD6OrN֞UHCk<?=ܫYԃ֞ԃ֞]vܜ?=ʺ!Z{pzܫ)QvܲiUTѵN֞\":Z{dmd2Z{ZzܪUN֞!zܫPZԃ֞!zܫAkRZ{AOr\nв=C V%4,AOr2Z{PTAOr=iUd)֞YH*hZ֞&&;ZªG!\0 [$kdg)\n\rHXംPY6Fy.ൂyV.թ+}Y\0՟5j뙰At{E]{6&>Sȱ9;ύwjP\\ƻu(g[y&^.aKuk?&>9m9XH|cJSՄ;]E]TJL|p+ES+[τ{V$τ{V%bJ@%A(JT\"P	XPJ\nW?uh+u_\Z\n\nQBD+JJDAXUubʏU[꼈}\\^D>\n\nu/1a7iYCy>0DDcЖ=;\';!EBX-OܜO܇M=	cз>rs>r4X%B==tcЖ=;\';\'gM +w;)R}^,z\nXI{I{h*E\n==Ƚ4Vu\'Nw/PǠA[\\G9ܿG_®_ܧ{\Z+h,ԟGEi+-lr}吪 ӷ\nΤ=Τ=5m+!~>r\n>r^ނ+`)R}\Z;z\n*=!U\'EkR2q\'0;;GRR\n\rHcu+to)#U[!B)eRl]kŢZY;bZYm>7{[ύt$~= 󺟾Eȁ]o;߭,X\0]oJG;ϫO1rv4#,\0sG&5a\0Z?;z|#n6XE֑A$ǎŢm)	ݫQ[V$%bJ( J([?GPhX%bQQRT* \"\")*DAbʏUՊ*?uWHT+^D>ꮬUy%B\" KXM_Vtńu+D\" ,*B	R\"	 RY DPd@*Pd\n!b\"Y!%}R5bAo\'.ǡUdtKN[!jrmaM(HްvV|o-!m>7+juC]o>7ao>4vFW\\u?|w:<O\"^ŎNкoEVb\0PFUi&^9%\\?;z7]r/a}Ln22H|x*H|x(o>V(\0-ݥB PJ@	uI*(D@+u_ՠ~\nU@\0P(PUD(*T (RT\" \"\"T~UBW~D>\"DDAο}!	J\"\"	\"B涥Ͱo*\" \"\"\" )\nHB([sﱦEHP%J\nP\n[Ҋ)IYHZM  .EdR+ \'tdыrae	LgnVɣ\rR%e7UnGvXu Xjώ_RbZVv*UڬV@xZEȁ]s<nYG%Uh\\|oiW3O1Lr5+O]ÿ\n뵿sz|#%֑7QuKVǎQwjꉺT]E\n	Qt@PJT*o1n[{Z\rE\r$Q*$B((\n(@DDD;oUubʏU%\"uWV*}n,&+:_Hbo:҇w+^qꮇ\"\"\" \"\"\" b@V#9{BGr\Z\nBd[{B,巴(7VzCHw`ZUVrGOuhTB\"2E\0A*V\nAAf<0kV\0R3Dy}T+$\nՈNԣP*Aڱ@vV|o-7[+v7[$XVF`[X}a\0\n;hu_|uu֑c/b#h]JߙZ.cGէ{7]z-}\\~V\0;\09\Zhu7[iu!㰥\Z;ctA*.I*AT.P/pkEF%n{;uo!	 i3)ʪ\"DJP*T \"!Akp73+7q=d\0J/ o=(4(*JfʏUՊ*?uV)\nbȇU\"udD@DD}!	JΗο\" Ew\nBA`r\nB (	\r(\" Pf-`gЃug;ഭ՞UطoZFWRPJT)h.pyآ,qk#m7gjjo>BIPUNԤivP YiY$wYk̇HJuiP;V v{`$d׳uZEy?G?[ir,r vt?է;B\ZW?}Zb{	rZzaǮiw\0sG!]ct%.]W[uhVb2e4H0}58*]o6r\0e(2cD,$Տ:L:G9`9ܝ\rQΤorРtmc?\r[ܫBhX5R[揂vP6%E\"\Zl}ipH4{J˚;3Ld;64nQq(7izzK/C{֋ޢ7Yzޣ{֝c{\\\rYzޠ=\'\rNk/@ZnzOz\\:n7G5MIKީw5)d(t3lUADPB\"o+5UT\"uVVj}n,&+:_Hbo:҇w^qꮇ\"\"\" \"\"\" \"\"	Vc9{Br\Zb;Z/8uhE\"	Y3ohX<k=!nv\nGOuW}=]Ed2gghZOghJ6UyKeOz֢3i;Rsڃb?C*VcI;BR4Df	SuDTM(+~U.:zZ8WHcv,~eMj.ť̮Q12˰V\0|7\0v\Z୆\0X=3.Xѕc2Ҭ<INM0#R=il`UL1V_$n+\\s	4Gt4n]JDB\"]A*.IPlrl`QH\"׻1]rv0n\ng_f\rh%4V!o+7t\rWcBc5G-jFX\rQGނ+~G\Z+~G\ZtV9hCS5]Z?P~4\n-j+j02j\n,VUrH-mQY!UefȇAY_Hbo:ҳ,&(|`,y{E|B\" \"\"\" \"\"\" +1ڋE/8uW\nwJ(\nPd-b[{B\r}݁h[=!HU-{V(ʌEԠ]lγ-k8|;B+eW=kΫ Oڢ<ǳ\'>9+b?C*|~\'hJF.].TEM( Wa_G\\i]=}rX\0ig-oT}\\lok+_T}La\no\0s]*a\'Lr+\"U=.ԪtB\"QtQu$D@Ed1]ayA0d;v4o)<R=\'[cڴ$Qo ˱pHb\Z7yLѸ*J]spZ\"3EB\" (D@DDD@P\"((B\"\" +5^D>ꬬy+\"\"\" KXM_Vtńu/8uWV(]DDD@DDD@DDf?CVVc9{Qb\"\"-P{C|\" Qu(ym\nohAZVHw`ZRf|ꮷZRDZ	3W[j!R[i;R?\'jo>Ԝ1RNЫ+*ƕ+j\"QnnZT.H5^֔tn\0M\0,7 usqZEY8hu_\"^ş\\v--~etKj.ǥ̦>Q12]*a\'\\n<7\0\\zumW[?Eګ-$].\"(A(.ҿUЂb\rOB<7JM#XJ-OJtT5yIvF>D$V3ewCFewCFൢb:0xCUt9xKTr讗k~\Zh/jrMr\rU4mc59xCUu	?P\rU4mg59xCUdMY\rN^?PYFyxCVulP6-HD@E66n}!	JΗο\" EwlOCFFWt4o+)\Z[>ԞQűZDDDYUub;U)@@TohX巴\"zCJY-)\nGOuWV(詺(DD^uu^ժeWzԅnQQJo>Ԝ+\n	B\rQf|u\n!R.բtiUґYYa3|ΊK0	y_!\r4rɷ, ß\Z\Z7^,U:C&lώ4yZlFƍٵۆ˕k1Q`cdr\07\rf.oio)OT}T4W\Z*L韤49:5~ v1yi;6mq8\Z!8=L8}`5e5<kI f\'\\c\Z:%;r7y;k(5;20t`E\\ዜ\"Yѹʂ*>TG]Ծ==BZ̦Y\"*}.F(%ELc֋ca\0nA9(ߜrq9VP\"\Zl}AChr`\'l60nU\"Anca,!EiEV;5)c]+OܚʚWER;5 Moԃ;5)kf+\ZɩOܛ4ƥ?wrjSw&J[#-l\r\r nv0o+)jG1}B\"#u/1a7iYCy>0DDh]XUt>!!2\r4o+)rql`Ry{#jЊ\"\" ,y{E|D\"J	R-Bym7UCJY-WHb|7+{Uqpv/:Ѓ:>lWP}\'v7gjOڋY\'\'hUNЭ#BboDXBZ|w-R-Y\"Zc}.\\`km~Q3C!O=SaSoi#`|[JX^ÌM~1Hxظ&6^\0Ie4aGRF|t๾Qg<;ir_î66\rX\\3Uf9[-f#R<==z&ŕ]Ӎ\0\\dJLb `wl\"$Qݥ,QAWQ>C4ϒ\n87I;JZ&>Ud\'b?j\Zqv\risZ.JSfEW2tDUDh.p\r%\rh*)YwB9=\n7ާuo=* ^qcyI׳X-\':-(u&]DD]B\"\" \"\"\"-&tV5[Szwec֦nQ4``ҊO0pԏdcZDAο}!	J\"\"4^qꮬQy{GfdS[ceeVMwuއM^ڜ^ڵkwYtWxMO0#R=j.q.6XYUef;U\"\"\" 巴,Qm7VzCJY-)\nGOuh={*QEԠ,^uU^mZ}?jSyvG>V#9;BGrvhR7n{ubT;\n*ľjЬ<GU^[[7x\'gҨTq<%Xӷx]_2RV;m\09y1jZ\n6Pt~4sC]rm,ÈQNY,{we<chK\nҽv?IIQ,2HXbS;ivqW`¨ygeapx޽Wk\"=p%ʮ1tWfDc~7FR1\rtcakf|>jj_DN,{,ZFB:q2JF~+;XNI-hçؼemti*@YC*[7kjnIU@\0%Y6eAjf_a$I*/77;J\\0o)\\`c@]{1#Jҡ&\\\0(֗8fXwI:[ޜNnMʄUk\'K{Ӛ]9-Nk\'K{tAcND6$ozsI:[ޫ\"4$ozuAcN4$ozЈ7>iq-1:P!o)6+\\ҙ]sp	4W\\:E \\oA\nWkEWuޛ4d _bր7RCy/1a7iCDAf;UՊ/8uWCo3?+4fu*dDD/8uVVhY\" \"\"ɞ[{V+&ymAZVHwhBQU={&8;Bֳγ ΧϽj[j|VV>Q?j+WV \ZI>WD cDX@[Kǡj7DJXFJ_컡bwKN!EZѼSZw]\\xk4CWkе1Ŧ:3@˘\"$>e\"i;&jUUB\Zzn}\"yw_)kɊͶ\\r-IfHUTr_mq$nԙ	ڪc4WllWӠ1bRHK6d%G\nx$r*I[9_jiܬ)áNw|*q{nJI+dNf e<N-Q5#VDAKAsh(֗8fٶ2fٶ2U$s77;E\" \"(A*.Y n:P!o+7tSJ]sItt-h@$m(\0l6eupRiwXwU.q.7%Ĺ%Qk<{Y3UDD}!	JΗο\" Ew\n7Uo3?b\"\"R!MoUejx{F+[5T\"iJ#R#EMxmxg>{Bl]`a}*/;X)}z:mlP&>vMR,EM_\'Pk\\7[EY|E[iҫrn\n1*CuH79/k\r+.3Y\r}[c49^WwBɱ=pBGۮYE\r]=/5`xUt/i߱X~\0eo(mx ^`?1ln]yfg\' 1Ůi^nN*rfums891]x[M,$Y߱Hʲܜ\"?O5T?9QNg>ܜAr~G9>ܜ9RoV{7rsN/!?9=g/};vT#bs85-(uòč\Z;.p$qs;u7\\[Tۉr\Z7Upx`U~Eٻ#n8$䜽YU`(Uqyo~rX^gkvn	MBY\'$zF_h{د$\Z5Jذ4TY_4Ł+ҖԱV\nlҲ+%\r4\"ݨ-DZ,SUV\"FRm҆McyYp+TҺW]۸wt,,I\0&iVm3nle;B\0fxt*qsq(qsq*E5)ꬬV\r*Bu/1a7iYCy>0DDh]XUt>!Y3H5+F6I\nD@DD!B *Pd,.Ar;+@[(w\"-\ZɬA0BR$E!lf&=*hԑ˻i\nEH|79SKܣsn\0ub5|:y=դT4}k\\YY\nҜM^ŵgyZzVby=C$ط4m ^LWOJq^Onmҥ7xbi:+_)raxS{8j\"c]^Sv[[\\b.Vq(81߷jL#v-Z4:;i\Zo~ls,:;⼝,No\n8\Z-0\0d.1笆a8$(z荪8<)$C/wz\'\\~ˣAN{	VYeAR1݄):ONS3~v;jv;>nBWNOQbL{\0P7\067`ocNQ{3w<)?*2Gs~иiuzxKQ;9%\'!8bqʼ):Ee\0\ZgPrwY`qur$.mXqwuwY8쏃Uu޼Y]XLƧ(ύfw/tyCJq(tit^w6kJxӓ:/k{֧Coz\rYN59>=-ZozMIWrsgz&L]}GSNwf+)WI&,X\ZgtP\n\0ji73Yޱ4ozY4n.\ZWc_gzʛm*]w|Bti6AQu[a[ZQ%D@D[az\Z7u={l-,kc,\'WE+t\ry\rja\Z>Մ\r\r2y,nVԾńugKXM_PYUuo19tVoEVRmKn,%jA,B4A\n׃RQH EP\"\"\" \"\"\" EdrN&׸ր%\"4{U{XX-RFݪ_nRB\"&.T\"	*ueTG1؅ O9n6J7W]4؅e-mxE*ri\n6;QHvGJe\n۱c;kŻUjFHxsN6婳H^@.q/\\vG,9Ľr^P;MrZn^N^^Cl7QiXrrgiKMr×SP;MrZnr^Cl7QiXz9ĽrZuܚܱsz\r՗\Zܱsz;6R^jKwrq/\\8PNGw(ԗszN^szN^szKwrrRܧK)%:G%\'QIwrq/\\8PGw\'#\'QyĽr^Cr2uܜGw)szwrr2uܧK)%:G#\'Qwrq/\\8PGw\'#\'QyĽr^Cr2uܜGw)szwrcYszCADd]q}^6[fXjF5cjЈ\nQ5&Lq&|\ZK#uJev݀nZ-K:j\'juܧV٦ńuoӱ-FQX\"\" GFf#l\"󚪬{vJ#3yH_UTA\noo(URIXi- bEQ\nD@DDD@DDD@DDD@DDf93y9w*ȃ9ctnp\0YFNm\05M($t\r4\"ͥ}ͥ}im/SNm/SCM(-q!Bɮ-p-6!b-6Ͱo*6;Ѯ-p-6!Y!-mxELNtDV/\'Z Y)A\ZZt\rjzMY槮槮iYjzNjzMVEg;Ӛ;fY槮槮٥dVy볽9볽6iYjzNjzMVEg;Ӛ;fY槮槮٥dVy볽9볽6iYjzNjzMVEg;Ӛ;fY槮槮٥dVy볽9볽6iYjzNjzMVEg;Ӛ;fY槮槮٥dVy볽9볽6iYjzNjzMVEg;Ӛ;fY槮槮٥dVy볽br֗k۠4\"\"6%\rXct-/{_$+[8kɲ1zA#dcX)Ѹ$\r\rj@DDD@DDD@YFf #3yHUgv1EUKIi\ZUp-$b6!Zj[J>_UKi DDD@DDD@DDD@DDD@Y뻽`3wzr뻽`3wzr뻽`-(zUg48X\0oVZ[RWln=(,qkX\nZb\"d6mxUH (ږݶ<_UIB ADr$k٭-(8ӵ`-HR/+5UYFF杪Gj/A \rP<ZzlFw*Ț6Νgrsuܫ\"h:wQΝgrm/anEЈ$m;1u28l\nchg) ϒw7%(\"\"\" \"\"\" \"\"ln\"Msj[\rǥWsK\\Z@67vA-p-6!B jJrȚ6\Z~&/jk<~\Z\"h/jrȚ6\Z~&/jk<~\Z\"h/jrȚ6\Z~&/jk<~\Z\"h/jrȚ6\Z~&/jk<~\Z\"h/jrȚ6\Z~&/jk<~\Z\"h/jrȚ6\Z~&/jk<~	2\05X8؈?'),(28,'ehogalde@simsanjuan.com',' Enrique ','Hogalde','21232f297a57a5a743894a0e4a801fc3',''),(29,'fechegaray@simsanjuan.com',' Federico ','Echegaray','21232f297a57a5a743894a0e4a801fc3',''),(30,'afabregas@simsanjuan.com','Andres','Fravegas','21232f297a57a5a743894a0e4a801fc3',''),(31,'soporte','Hugo','Gallardo','21232f297a57a5a743894a0e4a801fc3','\0$Exif\0\0II*\0\0\0\0\0\0\0\0\0\0\0\0\0\0\0\0\0\0\0\0\0Ducky\0\0\0\0\0<\0\0)http://ns.adobe.com/xap/1.0/\0<?xpacket begin=\"﻿\" id=\"W5M0MpCehiHzreSzNTczkc9d\"?> <x:xmpmeta xmlns:x=\"adobe:ns:meta/\" x:xmptk=\"Adobe XMP Core 5.0-c061 64.140949, 2010/12/07-10:57:01        \"> <rdf:RDF xmlns:rdf=\"http://www.w3.org/1999/02/22-rdf-syntax-ns#\"> <rdf:Description rdf:about=\"\" xmlns:xmp=\"http://ns.adobe.com/xap/1.0/\" xmlns:xmpMM=\"http://ns.adobe.com/xap/1.0/mm/\" xmlns:stRef=\"http://ns.adobe.com/xap/1.0/sType/ResourceRef#\" xmp:CreatorTool=\"Adobe Photoshop CS5 Windows\" xmpMM:InstanceID=\"xmp.iid:586F2B7E1A3F11E98424F8C387FCBA79\" xmpMM:DocumentID=\"xmp.did:586F2B7F1A3F11E98424F8C387FCBA79\"> <xmpMM:DerivedFrom stRef:instanceID=\"xmp.iid:586F2B7C1A3F11E98424F8C387FCBA79\" stRef:documentID=\"xmp.did:586F2B7D1A3F11E98424F8C387FCBA79\"/> </rdf:Description> </rdf:RDF> </x:xmpmeta> <?xpacket end=\"r\"?>\0HPhotoshop 3.0\08BIM\0\0\0\0\0Z\0%G\0\0\0\08BIM%\0\0\0\0\0ȷx/4b4Xw\0Adobe\0d\0\0\0\0\0		\n\n\n\n\r\r\Z\Z\0\0\0\0\0\0\0\0\0\0\0\0\0\0\0\0\0\0\0\0\0\0\0\0\0\0\0\0!1AQa\"q2B#Rbr3S$Cc&s4%5\0\0\0\0!1AQ\"a2#qB3Rb\0\0\0?\0eG!Y\0d \0d(\n e\0\0\0ʁC(P2d!R2(d\"Ld*\"DFD+\"2(d@ȡFEFDV@2eȡ*@2d \0QC*@22e\0ʁddPeT2 dPȄdR*\"DEU# DHʁ+ \0ȡ\"଀d \0@Me\0ʅe\0 @2d @2d 2(d 2(d \0e@\0T=+ \0ȁJ@2P2d*Pd 2!Y2 d@22P2C 2C\"@2(dB2d@2d \0$d*P+ \0@2d \0@2\r2eT2e EF@2eC&@DF@2(@\0d\"Ed@ʨe\0@dR2	YP2 dPQ2\0C 2LjPP2ʁebWLWX#gnɯZmz/LF 9;vaC{u܎vG H,@Apwax?iOCYs|wtP},g 9s\0ow\0S\0\nmmIH?8rOvn~PU8S\">ݟuqr{zv^>G}|1cёTmq$J$%y~MJyd2d*@2e\0ʄd\0(QR2d\nP+ 2@2d \0\r2)vB20I	NZF!Yy>Z[~/v~`l1qվ{\0\ZGlnԯ<1Vzƚnݻ_Zkeq_\\	;äYxXRlòLge>\0jVrWpa8r!K[ Xz\"D4}>mRl(^\"d\"0!nWr,N*2	Buߧ]c_R\ZM2&/꾟O>ow:uHN$8 y~;mpj\rڠ6dB2ڠ6RmTڈ6m*&A2$ڙ0]S&]LiDPPdQLjdT6\rdU6m)Y\nj&DK$7%_u\r\\>ϱw>woΝ)p@^;^GL1(e&k\0pbDjɾ5p2Oː:)WWn	Jcdm2a2ϧMpL;\r,]ﮕVdڅ\r d\0\'X׏v,7&k˾1S e\";+j-R:q+7Wv?).z ,̧[{jǫ7ǋm9TFd\'\\@!}}{%|&xd##S{)S\nr8V\\}$5ENEB*L*\"1	&P\0h+>	}Ɂ2`lLdLTO$q/#9/K9AIOh$_h%Tq,isKT	\'3S{If{AyrۏzE1ȜHGtU\0cz]y<)BB |bc/|_VGClB$5O5\\v~=\Zh8[Ts|^ѯR8!9q$\Z;p߮\"6\neXc2.ꪧ&&1|wvMrhׁC9?y7J饬٘Q1DT*ܛ{^ޜDF8GӞ39so  ?bf\\;:lUX/8v1\ZhWl=\'׭sOMȟAB^˜>wqof|ǫ_]#Bj5DP!ܪd*jd\0QB{)<HUBQRS(>f԰+	ƙ\"\Zdn)J\0J 3ЧiJLep6C^4+UnErɯlεZӶ1(F#Y_6zݿ+T!\" y\0=_s\\|m#^~1	p!r]g[+k2c`1hWY[++sYeT6vzί#6~D4\0\"YӊӍ0#^Mߤk1a\ZVWOݢMW0B\0 +ŷ1.[wK^swaanl7^aMd-N-^V>/qAѷ-%~^;ػxr$xdPhpd\"\rrMeLh]FdhJ)S	0d!a@9L0d/$RL䄫F\'x~ʓq2 .ƕ֙\'9?ojH\0.o̯&n}\rm|>\\t8ؑ%ѷ\\kkW\r4*y0, m]5HލI@3ۇk?\'VH:bmv¤po,o;&\Z+67uOc#;Dv!]y5yTʧuqvݚ\0N\05cvیr,g20_|/$+來_?d=&Lld6r`l)&606ɁLc&rQp6ʳ( ]<d\"`d\0)]\0S\0p2BB dP[e}Ezn\"C/\'g?y>SAz|~w:]KD0^N}n.+k۫VOκĶng/]Yy_ŲDC8-,Ω6\'ÚU,]_~Yy0;\"^V;]ְ2w:r3 p*P:>gǳf`hm>&.S7ie:^F9\0.DA_sq|C	=$r&#xL&Ix&pWH$S$D+\"@ 2EvLd\nɐ2PPd 2`2?{5v2`Tgl/\'\0z</Q@?[Sо7]/_W7#^<,YducjU\\k	*o\'#_ºfL9$.2/bȳ󬈎sOK	w;ʍFU2;L_\\Uk7d$%k/yk|W&Li9r^#)_aNg#=q\'#NF)pCYW`NF	`J8.6@d2d# V@2@22 \0!3cWDX\"v7pokd}V\0,E<F_w@_Q\'zkƣq`\r^|aƵ8sGz,lǄE@Hi0eMS`	f\n\nZO\0$̕U(haԐV8|=F@4bIYQgpETN]u?c{ݏH\Z7{\Zf:n놩ʬw0E}?N\07g{`}w\r<h\0LB2# D *I#q)%yx)5*@mCd\"@ڊ\0ȁC 62dS d׭ewY/Ma\\@FR_#n?zdӗr.5Ҍ}Q]W\r;X	?\\w/N2ЉkÂ~GUrɤ4ןsۡ_g?yau\Zb`(Kxz}ND$\0r]XrdKN$c\0::\r}љI~k+ۆMtfaYmh`x4,3s\",\0W-vʫY2L}*g.[8迨@X\'̒\n|>ܘ˞t;D;i1jxjJf3pNf/}m$*ʀr2I%TnLSCHj0CL\r\\$)+\"Z`\nɔS*]2`mLЙ\\@2 dʍ&@ȡ+(dVeq1_۟W;\0NN8\0cmĒ^[puh錄)P$	@b|S7ǐ@K媗Rvm~!]Ks#v7{&Z-M$v:ua\\%	[U35;d5\0*]r_O#FMEU7Ex;u3t\\⺮\ZQ&f=#^N9)\Z\0dG]}SQeX\0G[Ϩm-=/wF9\']-8q^Ьgs*0h ĉ\n~[ת_T[rq&$eۖ^>»srƙ\\c3-єb_^U߷}><;3tzh;)eSH\'Һu\Z5,j:(\0~q-8&}.&>ޓKS/#\\w0z[ݼ\0Xؽy0M0L	2`\ndT.2#2FT.TU\\ L¸\\ ]B bڙA2CjepT2W e\02\rmL\0}8\0Ūb\0_#gdJ}q_?\0}[UˡacY)X$D|@_Nu3|6STrq^m1fVuqkӑSV\'F\0\0sk\Z4!%ȼ|\\FGL]J)HLFe׻|F}n6נ,zo_NY5:B[l:M4!F_h5~[v/>ewC鐸~W\\OfEOcvd=lcjt+_W;j^}KHz{2u.\0[œl6@F1w|k>[c\Z\Z	K`<\ZǬR9JkM8:loAfrHD뵳Wῶ_gl%^\n.I&FT2\0Ld E@\0(@ U2d VL S!v2Fɀ B3\07Ar1-DiWvi6U	\05_+}^\0\'tTB\"LI\rWtw`<WYWN}ډC9>(]tֹnұ}iX/-m<;uk+\Z3Gs𯑏9wr;i#|{*z1:ej\0DFc_36:>./eO7\'JeteAfIQ\ZDֹ@XAȓɘ\\\0|kX1ǤG1ؼkj½?/Y?]eL@ɕB2Pɔ@ȡ(FW!YLڙ0M	v2S)\"\\b06r`2!2jderj\\<8TTJ+K)&WePS U`mS&Tq?UO%xBʥG\0dI\\=W|\0	(4i\'q_/[H2T2JtO/\Z!k͚q/uþ0Dk5r.&s/׫YnB\'@kݭk6XRȚ(ʹtޥTZ7cZ@.,\Z,uU6³2=ʺ 7ֱ?\"Or%jGjӨ6u\ZAHxmzuu=6ݤics?z\0/âo/ӿ\\2dYE&ɀɓjdڙ06`0@2d2eڙɓje\r\\(f{Ag\\K\'3EqSjkL\Z(Ɂ&Sjdq&`JL\rM2bwlWܝ+}Xc:m3pYӔïOoۓoO+^ɓu;u?Aӷ-s>oue\\#j];h`u샨OoqH;oӔ-57\0/8.Vp\0bqۿ{3 to^o[<u:5 ޘQ? gI~cu`n7vb>\0+MkoSv?L-s)Xwݲ#+sY4eOuX~v<|%I^ٳ	$5\\m>7&G.yvK%O%94`\')|\'_B=<gajk56\0k=},.\rr88r^%Ɂ2`L\r2`l)ڙ06L\rئN#bepb&j^#br8`NG\\EbL\r2qĻr8hS+2\Z BJTS&2FЙ8\\<~\r5eʭsdF\0%|vck_o:D3f\Z9UBðvi\0\n7ku}m\'t~pT%k\0Y+0s*Ɂ2I]v\\&NZ c1\'R{|V?FN\0KpٕWi]gD]3̤ߡZ6^B޹o~:0_ǯ3m_\\z5R8v\rNI._dBGTӒ85\']f3Tu,Lja3mVQ-dQ\\/њ!. 5%Ş\Zѱ32ʨ[M`N]n\0/t˛f_gm$W{]U\\k4a ;[NڙL\rڙ0M2&ҮL\rQQ<jw?^:vT<B_۪ϓ}LNG)]2qTlNFd\\CN\neqN	S&FRH޽VB=R%W)f:\0cvy\\vEB-&\"D!d0L*<l偩4Y-3?Z}|{8ˌ8YNv9\"2rj,K|clJz~%=p\Z}++wyxgfgFQ;āG%qۢ;><\n2DVtj!>v4WvlwT]m9e@븈Ai;/\\ZѿWjwdN]Trս[\Z|nڭbwOhMLD1\0몺oIg9^۝3=K{]0zR\';||]zmXͷ\0ì;U\\a\Z2\ZMI]MZgT@~/H1Euĳ+3Y츎Ӳ/od\ZyWG\0_4/o/K\"!Y202Y1̮E*x׷]$.Dk0\"EζoH]bqdixJTj!uӷGrOt]1o f>ڝ[~22ܲ1uUBC*M[EXkMgҾV\Z2gG+ɱl&M+׈\'W)?&fy0FR-\0vϷn,9\0\0$W+״#9dnL&C\\Ѫb1C2*eSƍr8*Zz}3*aerT\"01yeeϏFe>%90F	1]\\v/_?+G7#Lȇ0\0v$,|Gǅ̃m\Z{9=3gf#2՘#*Sa+c9@-4[dzg^?l21:peABP)wF<[/\0r`=eY[dN%\0t;iӧ9UVvvWUɨY6>\" \0ĹI\':t\r\Z D@6gk>e*!ӏX+Ϸ5x]D̏K|a`ĳuڰ%tQ{>^=VkS\\v\\D!102`0S)#zڒVDD|9.;vÿ^[-YJv722zDaΟ%5Ƿ|FE8/f^^}|m\'!DK|&ck8ב(\Z2?ތm;|M\"ad-G\"\n<.n9oFsee2գ&fGO<3ᜟ5bVxNߦL5}@Ws4\\=R<O%ovCsȗԮF9mSe)\0H\'qn$̮|Y붛$d\rr\"^3iiɇ~~Sv9Khn!K1dVoxfoQ qׂ$Y^e#p86?sMԼ\'nVNz#+2\0&?!kJ\Z\0,sk^H-ؐ~ߧ-}=\'VGWmǪ-UCg(@xnO.OOB</2n&}Fq3\\;gmYyg(tu:VX!c}bb%t]\"alZa;kse^N-_.mcg2dK?YSڟmN R͓~ǜ	?uje$ĩ}j<lq&HYnW6z\0]Zݮj5	GϧrDltOG>c{Z^^e6S;`xt/UXZz,2h	\\VJr)q\Z	\n_prKڻxJ3f˶rih[1\"@sj|$H]xֽ2suUp^n,m%]Y\\\'12xeN<GXuPD\r꿍adL47di|\Ze!.^_||Zag~/_u%rtː)|<UݲSIe\'j{MK9bNA0e<,$.[j)Εn 5<N~W핲rVcl\\j-e<k;[H^Dr+2NREn1$nԮ;IY¹o [tv;%kk-I4U)Y\Z`_,[F;H+cw.g?qzhaF]Fw6qz1+ɟ#̭kʳsqwfBy\0QKȞr+dWK]bG۰rb]5tYm!o;L^WRf\nwiy[P鑪\'Bީ=\nh B.z{tWQ|X(\rh˕蚥Ů5m? y&NpZR1[\\1Ƣy&̛\'IhC\0|Iu	)9ퟨ{/tX=O\'jkZWmcfk[m {S:	qIѡu`cϚ鳇fS\\c|Vw-iE,\\Rw&oe^/bQd%K.x2.ZxgpKr92IXpuSxqSgn:Hq\\7sm;pC-yX;%KRl.rxF\\0%/MM#=tD\0.rajmY37sCZ`0൘(c	#y3ԉ\\.wgI`<GTI%ĸ)f~8Hc6:q%jv~RUH@xծmIظSoU^2kͿMֻi?p?u>>2}/΍>\0O]5lr_׮Yx`eUn&Ë6$*DB㳤htV,$a.[tԧD42a\\1ׯn5dVBG=\nmG^̷02ca؅$9-ǪٶBo1e?u0g|lo+JWIyŹ|Vp>U!TK=\"Y3\rkSV0!|~+8m]tq-L71g^l_3m$%bteHYupd~m\\uYH.M֞N3PK_Ns_!Ns\'\r[c.䛉 TOŖdkӥKY^d-\rO%f*per{Ssr;\0R&=tS͚̍e&ARƽ]k\rl|ݝj!I\'AYk\r7YIZKOEy-% 9DЬyg|o1#3:7KTO<~keYg[Si3j[.%#xF㎽X3cMs}\nj8[P;]EhcGYӓ\\,GȮ{k+Xׯ17	g\ru:sQW\0\0Fć\r7Klz+7e$pfF\\5+:\'Fv&??s\"^e\Z붰y|TLwBY?Z@\'OO&MMo~dz2gn-&}	\ZmWL\\kH$7KAnTXDn<erB݇~\r\\\"nnMqhk\\;wGp/diW3m/>[ˎ*skɊdD%QHGuNXLd{!)q6P姊W)R8.g 8q~\\]rdNR!L	,r]K)	*I4D\0V,SNQ)2ziKBQm\Z\'٩+uY0gwnj)1rg722;\0+P܉v#% 5Y!F+PӪ#/aUS\'#~Eb+0.=(zH>!peaԏi\n\'*Tj1ȆPdV\0<S8}5WD,ݰt^蔣 .!K۳\rމ3=B&ԏv tBُӯ>k;u=\'x7Yex;eQώ~^_k7ӵze=O\'-\'e!$ςNo_F\nMpIgo,3-zpj#ⷆri06S(V=3\"g!\0h\0_JͭH:WT2;\"x5d8Hxر?u6cus1Ym@ʛ,%?B76;q\0.Ȟ@-J̓nt[X%\nPLHԪqL5v@qBԬ؀&Jlt>kU\ZI*i2]0dL	U\nWeC7vWG\Z動ԳtDVxW\rrej8XGhV2\r*<L7n5>2\\~JӔ\ZKW\0d<%@W*r-\nK~pךQx{ӭ\ZHzxn~L}ǒ[(!Xe<)ؓ$!Kþ9D	+telOй:GIһY7)nEb>>k]4]{-ݭTF۳Dqh-y.}s{z]X=&04<1_bL>5n]+A!ZXp.9-2ڝC\nxbQ!* !2t~\Z:runc\rQV.k xrl\'Z\'i};U1YSܛǪeB\rI${gFȱ`Vyy@ Jղf䞿ZԩcWџL[1 u~+HpQJeLJ<4RT2p<Vf:>z`uD (x AnIHP{:dJ逮99cC}o3;\\5#Yd\'ڧ\0WwY=.8v TqAWdU<Q_ɞ\0\rJD/.d,.,%TuWhGNf<2(6Bȃ#/:7pM8|?h]f.lv[QH\\-M0{EUQix[>R]m/}.d\0.j:::ղf\0Ign?=i|e~RDOYY*(khعmq0+<e͗-3,\0V\\|@\0kȳ}oٍqm	W|?qgUsɘf&%5bRp}ktUgg(+N]ӡF;N.g/e	n</*u6[a2J¢&,\0wulŮCZ?RWU8h<8DK7-h( \\|USS7ӨZxj6\0yf~:C|ӁȢR輋>+83)-%fM\\7Ÿ\\er`9C{xmMp*2\"OXBaT2)UYh%sy]medugۗi\rD*V%rKN-*gF>:5gnE]bW_\"dJlOgHd\ZN?=S>DCNqZ1hW} <SoڥH?Bcze; \'#	f똺/LʯyM\0ذ?/^.Ru{[23:^M\0\r^=_iOgtU=Ս!IZNZH\0|Vm\\&ɧ`f9$p\0y$/ژ],@Vu=zݽJ=:ܬ,,|OnT1hK=[O=GTһOl).dInuQͳ+\"DGA1c*rODg\rIC#Z%TDfMF1\ZV Կ̨y B9 FtT(cU\Zy\ZdyMբ#r+\\i*0d7eʅܠPn(\r\0ASgCS\Z-+cmԙetŅ\'tWjX@E*:E-WT[ܽO\\6^\'!*`>zߗem6Ϋ`ad	 [`l~*q-&\0IqI`N`O\0`a`BɈl4\r\\~m &yi1er=;z%ǥ!4	 ,v-TM!	Ťx}fƥOotl0x\Z_m}ډ쮆$\0\0wJǼtΜN%nPy_Ysif^d0lj7(>8y^Cgnd\rr\0L	_=3Z#Ê#Nڣ馧q\0y湫NAvj_ׅQɸr*Waщ]xUTD!\0JaW+UlhHW(N&jO		_p8PIC41\\EgP>&9gu3V1N8Y(>\ny<ZbI\n2ar\ZLS!2\rS ܨRT\rHb r/Eqt{Ĭr!:[aEEdqE2ldI2-\"PELyNDQ基],zFVL5yXÁQQS\r\rT2p\ZĘ.RԺĎ\Zm>XyuLf[dH1H.(>cGst谻zf[S{[{:`$]P;nCm&QEUsp=,~ %ݑms!\0?bmhGB<|~%i\Z7`N+Y#xwUk(^G*\0/3bs*\r^g\Z.eUzWD=.x\n3R)y2yRvbA$b8K*\0|,I\"Ğ_ޮBO-O\r~$EmizhEH;r~rUoVTљz1iZA)3QG|TE.ruPn@n4빡V kX1Ҳ	 NG6zi##/?of^\ZI\ZH,3I2˦HgⲪ}O__ܟ`=?ŕrٔ7d@xnBL~G\02\0h;N<u\'6\0L/ɜXk,Uf:\rtه ~ ꢹ׻sׁctSgI9:T^WQ\na\\0\'zn-ݺcXГ~(m*\"^:FjE|Ê6cl_%8Ppӓ\0	yh\0ITy}őO~##Ūx.tԲį}i>\0x=`\ZUťsk9pIk7+RbtJ\Z$b~qZ^D?wHfz4N⢔nݤOKV-Փ#⠽_A0\0chnz2Q/R	H3:\\0IE.\09LrS;Z0T9z<ȳYLKN#GqggXa*4z|xH~x<K!O\'Jsm(3Q9,b|:ԃ.JgO(\',vd1a@;ԅFwWx=[Xu\"Ui(Kyro.EwL?cxDM_qu.o#n]~?LX.fh`tz	rNga:K5Ymw.ON4Fܛ?scfrglL+nh-[aI:h*:6ohhs[+zb$C by<6PA䢭W8V\'Sln<\n+X`Xx(@|~ԉO4tUVǴ;m:W2*ĨHڻӝ]pSd2\nhar\r?c}Agj*bV\"ܺkQV\Z:$zǇ\'Myȑ\0t,)H|	?	|Tf4M~*b6\nY5%=\"QS<eU2UDZΨ	z|Q\rA$FHXEE!\"^_R\nK9X,>.5<s}slmՑW+q2nҫ*dnU޸22x)\n{۽J0sIKH%)VTS;\'&S\"5rO_~ЇGff@l~j\'̭Li$F:q@n0PPCi⢢&@G^`Qj?*H3-\0r!f\ZɌZ^M q#E)XR3˓i\n\0D;7o[lU:xFrwE-$Aw\\*VK9J %`D	:6\"JbrY01?t#I)8\0=q<|Bޒ\0egf$LGT㶨\'AԪC*; \\ǗS{dO,<XV7 ]-CU+yC%n(Gp$7ӎ:U=y{?Aw~M].]7&9Wt;}m,ae&6̊{L:Pai\0.\'Ǘޱ-vr+hI8 d75\r~<Ć>jԕ!hTVFQ#@&@N<PmVt\Z\0Q)ηQIITU2:|*_2;fzb~(WElxPި[*n8M&gQKd	m20Ƈzm]R!rf=ۇ<Ϧ\0JRF#>ࢩv.\\k\rGoE1\\r6ƮnzIb@yFB\'ڈDj?$L)wCp`\0\'*ĥ$DCmeb2ͫ($1\0x6A情kF,UD?Rͪ󌬛.g3gROUp\'I\rԡؘO+$>\"W! ZxDa*)#_r?!1(\\0`{lǗm?bw2qʞ4De5<>%lȑbԲ=t	fGSL[<4~A?$h6Udju\"eF\0#:k\0?t?P\0@heЧ$Lpr[O~-CuDrʨaeXcEq=e9*Oi0}2:Qd_XUGJq;ee}b~i̦FCmT41@Vw@qpT_;\"1P<xS=?`D\Zlil\"X\r>*(x<|ޝ:}R!j*fyeNI2$xəA^u.YՏDpjj.Oɛ- \reP7k8l$AXU.Mg+c|FWZŶ0\"M4УLǎ7U\0i@4ZDd,Qʳcd.ާYw2[\'\\=ɏeΟY$i`hG\"ؼdJ#8Mœy\"T<Tzv&HDu׈*mk_X^J=G75sM\0P#ICⵍS4әNHrz~	.o;׉`#gn2᝭+h\Za\'qJ ՚O_ԦbQןТj{D%LuS+ ޳_GǍ\0%TX9ux+)/*ҦnIݸjsH4)dqਹF8u:*R@-4:hl ͹\"c\"|,Fؐ88H`ppf% \0(\\~سvYWugS)w$bf2L$簻>@âB1Ck]Q퉈\"\0\0\0	_(y+엒dncLrܹ!;kjypEF}`H]T0FkUG Pd+,W]B2<@@3I^Yԣs<Qٲ@\"Fv$H<#0nݧ\ZkaHK9-8SmF\r[\\$7vÚFǨr<ASG+eNڗXVF$#@Hjoq3 ,1o3+\"\0f@7O]q~RS- p=PVt\ZRƹml\0+ru@TT;RsxYDVY\0SJ?ʋ]7O(`\0\0\0Upf\ZsD;vѧJAY1EE/4T|\\yzhΐLj*mX,R22ԒKQ>D0:j_zŤ׋LH⬆^\0*O[~[R|G?(W%E`\'\rhŕt>*aI+,yD 1Ђ;uv)blr }1i?8|F={=1xTjɲr}L<K5qOzGtxd0inG_E0sE\\H\0Jر\'P>%F\0ӷs*˜v%Hn$^C~J,ޔg) l2\\BO4_SeJWEG9pǑHw(*dQ6E :\rx҅BA¸\nA`tJ|$ň$)ZsvYwU-1#\\HWCDcu^R[IP5T>D(veƜU	lL9*K¾	bOyP<yVG%de9#\"\\y)??deNs\"ca6~\rLc>%Y}5p\\B!DG\0ܖ)\Z<\0\rW|GLMq13^H\" h4檘Iv\n1#TDʷq&r88B U1U4|U=wQ֙Q˨Flv\nY?rҡ-юtPj>xoemz18y*5ItJأ(XASki\"Cmvm&~ʅվ$f߇|Bc}n&voֶ؋0Kl(RIK]R}v6Rw<o[K;6uQmp8uz,UW5 ]tA1A¸3HB\n5qV]y\nXӌ2;6Dn.5\na\\}Jآ䊜<%>?X䁓\'C t胎H1j+|\\<\".VFvLJdI<Kd20qAvgegTu<\rX&J*QMU F\0|F_w!ڝC\nҨ@OċwomBDIL\ZQ_(DnC\n81\"C$1 \"D2lUEM	x#\"LKFPXh\"Z/Y#QXy7p-L7\ndgQuͅ>=mכWs?N!##c 5\0OmSG*ZbbSj\nsrq+f\'_?阂V\'HRt0^޽q-9[0msE677bG6$x>,b:evpiHU#H?j8>̏F53Ak(꠵z\0v$$u5Q2\Z>h4k	n5a˨#`L9t5X<\'/Ǖ]mJdedNE>.ej˻bkͰhl#\0Q䬙K^uccMt b\Z\';m9QvyKAϊ݌[ɾع5>(	`>E6q@0PAULPA∷U{DEށugpCj%QU$A ˟T2d?RcLOݘcBÛN[ ~ PwW*؉mZdVLxAnğ*\\>E+EdHd}?\rYLZ2#@|볾\r:|{W\nuZUUn9w	oT+e}:JL$[*2\ZC@;]}\n͖$APevr\'1ZѼ\"Dh,.}kSJeF\'hZzV4!ׇ5[؅\0<S`x}?j\0Xď9<nA-Vj 㟗ec2rȝLmtN\r {\'r[?k\rҎX^ՉF&%tc5\0#\\\"\Z 3,1<\Z@EX}W	}n=w>|QRvghX-DlZ % qA}|TRxQ\rH6#\"	\"T44TP1#>ƒXQ}qJqAESwsZvOOUjH2a+jːQy31\Zuu i\ZfM<TDERH\0	W(t}6gdH4J[%a\0ĭ]e}F#:MO^[Ycet Y#)!\'_/G$$< e,i1bѷWud\0`F2>K-9<;.?R-\\(b@qp~KLdXq\Zb6\0Tʝ㔵W3hh1X?*\"\099Gݗ<%mYR:nXt^\0$<O%a^^>\'MXƺ9q\0~\\ķH\nxz~U JUݳ Ov?e:*τ{ʇND	+{$KJ$.|ؠD|]H	D I%T5 *@qtv3oUY{+cX}v.*+E}\"YS\"Gf*\rºXFnL;QfAob`Hp\ZEQb|BN@S\"\\b\rȎn?DE\"=B587reI%m/קdy-hqAb$\"BI [v#䢪Z^\"<Ezba 2I~>j1^oDlcf=Y\0<X\"*4:vUL*FzϊQj[w\0I/z7OnrGࢹl~cwP\'eg\rܥU~NFND2,6i2jI*):1:~nmGdGxd+ںN6.<(ƪ5c-\"VcMOOۑ DA\'0\'eP \nfwbwEA~#XH\0C<%Q\nr<:]jE[h8N@ȗp8U\ne49A\0H~J\'(q#Ju\'@G̸܋v0s0\Z$J)\Zղ1(6ޙZG\nj$jZ?ZQOaQKCm2\0@ς&H|0\\\0\ZQV}yĻ\\.aVk%:⾽yԦՕ!@@rP8\"	@J0ǒei\nvBkFV\\BC<xEǸN`LH\"QrSWU蹑6<{xHhV+c:Q:Fy>Dl+Ν\'\ZBVG_dy_}Ӿ.NrIYRD\Z:̮,T:g!y+ױ~\n\\jU\Z`\0[ᧆ%\Zbx/\0M6o1	\nܷǏ`lO+.^	u~u\n,T1M-ܲ+nvŋ*(duTB!wjm<U!(7c@2TEp.,R I?JUH>>(\0<Á9Tt5dq{N߱X.1l}.?V:q&cA]̭r?+O;f~(~!v@@\'<t%Ne[[tI\0Mkўf\0ݷ[O/er*;toX%0d\rshr:Tp.~ٷTA_~_ .~>ob\0wWಬާ?\0}\'HWow\0[KH>m8pXMSb~wsg͐}\rߠ\0M]Z-uvpc8s\"OXҙ\"Vl~RW/E%vH2;\0|EA{펖_.<@ȷ:T῱Rl~1o5iXxgO_tfy(YP&nݵ?VOmnTao\'J߯k\"gΚX<ں{6ZTH7j}'),(32,'recepcionsim@simsanjuan.com','Melanie ','Ruiz','21232f297a57a5a743894a0e4a801fc3',''),(33,'test2','test2','test2','21232f297a57a5a743894a0e4a801fc3',''),(34,'nmareca@simsanjuan.com','Nahuel ','Mareca','21232f297a57a5a743894a0e4a801fc3',''),(35,'nmareca@simsanjuan.com','Nahuel','Mareca','21232f297a57a5a743894a0e4a801fc3',''),(36,'mibiza@simsanjuan.com','Matias','Ibiza','21232f297a57a5a743894a0e4a801fc3',''),(37,'jmbarrena@simsanjuan.com','Martin','Barrena','21232f297a57a5a743894a0e4a801fc3',''),(38,'ehogalde@simsanjuan.com','Enrique','Enrique Hogalde','21232f297a57a5a743894a0e4a801fc3',''),(39,'jmbarrena@simsanjuan.com','Martin','Barrena','21232f297a57a5a743894a0e4a801fc3',''),(40,'mibiza@simsanjuan.com','Matias','Ibiza','21232f297a57a5a743894a0e4a801fc3',''),(41,'dario.baidez','Dario','Baidez','21232f297a57a5a743894a0e4a801fc3',''),(42,'ariel.caseres','Ariel','Caseres','21232f297a57a5a743894a0e4a801fc3',''),(43,'gabriel.maldonado','Gabriel','Maldonado','21232f297a57a5a743894a0e4a801fc3',''),(44,'cecilia.paez','Cecilia','Paez','21232f297a57a5a743894a0e4a801fc3',''),(45,'juan.vega','Juan','Vega','21232f297a57a5a743894a0e4a801fc3',''),(46,'rodrigo.sanchez','Rodrigo','Sanchez','21232f297a57a5a743894a0e4a801fc3',''),(47,'gloria.cornejo','Gloria','Cornejo','21232f297a57a5a743894a0e4a801fc3',''),(48,'hugo.heredia','Hugo','Heredia','21232f297a57a5a743894a0e4a801fc3',''),(49,'elianabernaldez','eliana','bernaldez','202cb962ac59075b964b07152d234b70','\0JFIF\0\0\0\0\0\0\0C\0	\n\n			\n\n		\r\r\n\0C	\0E\0\"\0\0\0\0\0\0\0\0\0\0\0\0\0\0\0	\n\0c\0\n\0\0\0	!1AQaq\"28Rv#7BVWbru36St$4Ccs%5U9EGTd\0\0\0\0\0\0\0\0\0\0\0\0\0G\0	\0\0\0\0!1AQaq24\"35Brs6CRb#SU\0\0\0?\04D@\0DDD@\0DDD@\0D_u٩_xRG橙FK@\nKVLbbԊ%ɸmv[*otv慮hHQuKIhy-tOڼUs,tx-ϳzI-Z*\'w#J\\,:YAL>՗7\0=!:XvR!?	|~EcM\'a)Z=8öq\0񣈳n#*NVO46sv~	8ZO#m̼lc%JKH>58g~#\\\'Edꭿ@7Ƶ`ٗ|D⴩I\0TFkgHfQ.)^}yY0w7I%2U$k~\0Y8	q]kqm5aJ3^Uclww$<CDCkÿ,c]\0Kcju	]#ဟA+K2V*/=g7/M0Is/LudT\r,އ¾Nug\"\"\0DDD@\0DDD@\0DDD@\0DDD@\0DDD@\0E\nZ7{|W0n3\0$oǱrU>:u7tXֲCZfs+ˡkCyR?Mܼgܭh&k}4e;KyʉA\0悫~}#%&VU[#a|=ƲV/t]:}t*`tu+?|(<1Z?iǥ^dve6/f>j#|!ۍ{)qW\0Sݷ.p(:=Qk*l.\'bڊ>SZkp?$<Գc@k^ORZ\nTԔcִy\0GV+\\]kjv|2y^v/uI\\ˬw\"2.Y>Aޖsީ.ǨU!\"\0}j߾ʯ/e-CƼ_Ƈ>rݍ/QN]؄!m⬏dihb6Pt|h]#@eUfMVi>)K}\\G})۴¤e5~pMS=H\0WdNh,u2<Zm_^\nNp)픮>j7꬗zm\0JveaQ[\r\0|nߢ;\"˨{t;UԮV9bzrʻSf;%tQ`K\ZkҽLi&.OF^fyz:^\Z͕S@s~7(#|kUtM<U\\ކF\0Uxl~+q\0eNO\0*#vM~RGTqͯ8wiꮔ,\\\'ՔTw\Zw)!A08y*/X<=-8RN\0ƚ\'?l\n~uWS]z\r7#V{\'vO-wH.7*Ls;`O)%H=j\r4~e@?*\ZL>g\0UWz91>_[Mv\'GZ?⠜$4^JHhSַqY#p^SK}t><6obv\\*?;۳\r@E:{.Sl#2jZgurpaZi\0H8VJѽV0Ś.ۯ,9,s\Zog0it=?#y?2ԧ)\0>rK\\WkV&TD[C\"\"\0\" \"\"\0\" \"\"\0\" \"\"\0\" \"L6g|[;1;v5T?\\x̳f\Zz3>?\Z{)nH>F\0ʆ?=yu;7TZEwweku],іKCs~`{k]k#zQL[qCꭶטX$,o&$wƟrkюsAtYTTb[kH=;-}t;Z-Co\Z\rAUOo(٣<7oS|;\0|4~Y_ir/Vޗ3)&h稕bv<}<N.6w|.ƕ,xU(>]6LaR-(`n^8os׫M|\"-ƄD@\0DDD@\0DDD@uLtQMo\rk lc%=!VmFĮbZ1ʪw6M1>&0yXUElZ\0:	9dSd-|u@o(VJ+YJu\rJ \0Ѿ)Y[\rEZ.Dc0\'ahS{*4oR]%)Ư.<Yw>-vqAx`|{{M+?Z7:m&UtWZ6a0v6nݨ7(rA.;&&dXUH aHd]y{W.5䓌ffYl~QNQEx).0\'uz(DDD@\0DDD@\0DDD@\0DD	6Z^#T2vC}Cm\'vl6</{:LM՘W{o45hqd>)%7v޸Su=ZW\'Lxuظ^\\\\^}sC*U\\ޟ;_v}?!ؼ.0:\ZqI-ZZe׾2sO4@Y*k0\r;mZmߴ)Ί:q|C~yvo#?kwmإlkǰ-6;Ym6CMMk\Z<gOy\'rOi$Qf՞G_{)Z(GKkZt߈DE8\0\" \"\"\0\" \"\"\0\" \"\"\0c7Ḵ\'2nXP;jb RvH{;OjH:q%sцI΄oGC\\\Z|3ULhtkh\Z{G]c\0v̢+EYXRjKDE&0\" \"\"\0\" \"\"\0\" \"\"\\\0rOQ~*Ui^WҽƖx$`#~<]UYWThޓV-#;w>ByM,8f}hȼ(pGQrKIFtwqXW;Ex/^&GvhcRZѣ4u+Wy4Yk}l)ZodΓs~sۑ܈<,\r?I|_iCL[w̗З8DE4aD@\0DDD@\0DDD@\0DDD@\0DDD@\0DDD@\0DDD@\0DDS4}*ˉJuwK\0(}q8\Z\rýKTFogc,]Ωpv(k8-|4TfuEw:~md;~MݻM\'Eb*¿g+>96+Aڔ9O?SoHx<V,TuIR%f\08vHD[L&\nIig͢.hhaӄD@\0DDD@\0DDD@\0DDD@\0DDD@\0DDD@\0DDD@\0DDֵP1/yK?%@G<D+\0{+QoC-Dl4q;u5ݢiG8lZ*;OHu[!YUтߩ.	AqיWp7<_eP3ް)*Qr  #\rݡy	ZZj\Zhhゞ6Q5fv\0\0\0\0镇H;n``1QQ˳\rop*Ҽc:R[(/nnel@\"\"\0\" \"\"\0\" \"\"\0\" \"\"\0\" \"\"\0\" \"\"\0\" \"\"\0\" \"/9i{\Z֍\'`\rZNt*#砶gݾ}8F=\0̎kCWllPX725\\TI\\*G$aGs4 p>\'O!=H<LZMMOGM$lqGCZ4l\Z\0\0C_Ć߸~y?CKLF!*:٧]>EVzC\0Rxua\nJ;~I\rw2RH@k扝o:=r\"OU?OU?UEhSqwUbGOqwUbGOy\rmZ,T]UX0n!6S=F+ڽ-ca*\"Cw=\\^>j7UV/t\0|A9Ecc(D3jb=*YGXoeh\0-.<KTImy*\0M7+:wLKWV=uC%.\r}8\'`	hsk57r5DYƏEkU5mlȧyJXoo݂W4*|n._\0R|n._\0R[qV>j7UV/t\0l.eG:lS7%J-\r灒v}CGfDXטqcf˯vzjM4!H	dkA;v\0؅(>j7UV/t\0>j7UV/t\0F-ͫE5:ԭGWzn}5Fn㬦m5:rLa$vr)&CZd#G`a8&Cge$raտwnO;]ޥcE5:ԟ5:ԣyfբź,b$MLXmvn7[?MSe4Ut	!74Rʸ}7<KK̦##Z,Օ{ci-=nbo~Եֆ_%\n\0lf[UFu.	A64e|C\0pk5|YTn̈́:>bojǄڪ4W{3Ns}0i=6v\\bzKnpAO:l-ƫ\Z[ޙ*&AZCA\nqAlV1y6qV\\,#y5>r[g4cFU}wRk2,tWfQ=>eͽTIX\'\ZD+rV-#xJ1^Z{Oפ9iSrWCoyj\n(@u$vƺIYh9o`\"wgY\r7q\Z5 RwLNabD8T\0WCZ>`议QOqUKIKyQn9ǰ\0$I*Eh 0FtEa8!;\0<}X1V}=ٌi:9|/n2zF=ܮ\"oCkE3MK)SG/AZkPj[w\0^jO-ښ7қq-8^X)tZMy\n6ߏ\rbj0-c`\r	o۵ՎaBZ)eMn#w=8ӱ6\r{ݥg\r|.*\nT\0:ǿDzCgzDE8\" ;dnKTsTy]KD@ƞ?MzmSk-;9Q 0n;AOg;1pVM\0waT/ǈ4fkZTx:~<;-˨?c>V}+iήMtIܩ:Zp.:m +1ִ\0ցl<pcF94c5Fb]Y.\0AWGנg&5GꝖ{(\"Zb$r;vg5ٞxQm{r[EY0MpjKr#\Z688\rܪ5c*gCDS:KovM=[d::馂* s;8\Z؀iw\0jzƭJ3o7gy`V(l6|b) wu|%w|{+cf\"\"yjD}͐h.yjZhTU1dՐ2hi<A\"}qQٴ爽B18-v@AX-kG-s݈lEָ]5SAj0쒽w|#ˤ}FsRo,=3p5m\r]֟N#ĉ\rR^~xȾJȓ((а7,az\0z!hܟ/6\r|\0ro\\&s<RE`~E],z{eEk9ud!TqwJCӊI%[cZ`h?͍B}?6ݱd[QUt2?/ĭ%\'r5z~ϣ_[ʮ__S[<38_k\Z#\\㰓aOb+b-1㳄Nxv\Z«)rkg[\\dqG:B1M6ܵfrV2p豟{݇ZmURgRZ~`\'NW%ҞҼj>DrC2s{Vy];K~_\"\ZKeg!+wM#W2+L\"/|Wc\\,t)3VT~[ˇ7]\'<ӻ}|v6_J΍䏄Jsd[$;$`#VLGzUZGzUOSײu`ʡ\no\0s~exvGGʧn{H*cXjOy}31>\Zfi;g1a>L\0{< d\'ĺ꼰)^7\'e,hk^Mtu~\".Ke~Ij̨\'4\Z]w9qs|?8]weZ)h\04f 8v+-Br*ryM,XOғY7V^m]]Ri={׸im^[,mx(J3qQkT94iYlOp٢;Wcc\\<`FYn6ejR^hYKv8+pMp}w$y{%ܟ\0/^Js5~e8YSP̒c$޽:v\nջ:?f|VӋرY	y!GTJ$2:wANibY\n֧8*ڎO.4՜sK#mԲ &>Y@kZI$\0v\0HKMϱ:8Υtds\0vv.UA{[tlu~~mF)#~cDZ }4_\rƾ)c<Vv	²nMVVOe4GU94\rNSF2;۵G5ĺ\Z-m:5Rju%u	ބMtm=D5pGUM+df	#{N#pG.Wi/%\\<G#XJ~Iwþ0\"\"gv(1.s+admo3	溻[-Tlj=DH:vidY̥\'}Kd->c#/8˧P]s\n哵9=S#ut7~ehXDq|\0\'Ĭ1[,r׋\"4pSѿa|T𤬾u?CiGJɹ?¦|94D[S/>\\V{f_ߝˊlޫ\"É+]сƾ]?DUk0=8*.&Ip6C<eUuKg̡2f+0&\"g5){\0P3*BF>6U4;a\"#a]C	=`lzGcƢe[ٳhĺD<y$8yq;I*[RqM.%-:Y˚>(]*#`y]c`ؕ\0_+[Om2O`zfW9(rܶ:ۍ<R6AGl-no<q И8ȾD}ԌrIC$\04y[;|{I5Pۢk!,6S\"!+@!J,\ry$|0@4VTGL8UmůZDfr-|[a|QJz\Z~JO%~+eogS8~%tNqG-l̇k	/T\r\0R.\"/CAs\0\r>%e?K~TsAۤVjƸy[!2υ&5=|5ny[Bw\0hi1ƣ%VAo\ZWpӃUMk{n F==#8RìB5?]CYt7\0f&;RoxȾF8Cԫ+-ۇoi𪈠#[!ɑzɳ5\rni~0%ĘpqՃATc=Yu6jsa*)<wUOk![vcfVvYnxW62>&7\nůI<d99iȣ1ޕߕd~<5CP0&ުiAZjcĉ4o_\0Y\n_\0Y\nj}/\"Wb~B\0T!_~\0NaV̯|{TigoH֛#7n/N~:ԴIgGHy\'[@QTmڏJysXGR\\*氏᥃/Z*~:?Pb}i\Z|]\00Yj+Ok>e\0S]\\~|C[SK7Z fҞI:>+`ykz9_WH<`!?QLϽbǶ36Y(jqUWKf\\\Z_S.p3f[%nONGOpoU\rh\'mOKa?dċLZjwGŨki55M)bwsiL+h[NGȹEWvItnНDf_RW	!Yԕ_m{뱆=~=\0}Ww|Li\0~y/ShM]M-<[,{vإ%mw[]K_ERxjiflHݯi +.*QwK|32w\\)5vݻDYO]gSz4ӬP\\\\K\rrfU03H1%\0ǵc#S=o蓮xąCДn7]`s^.Cjrj=t1/Xc88>Cck>rjQ\"/wm5rPSU3cK~ T6-F<YY\Z?O/u6Gjq\r{\\\'cW+H.tQS^#\0s]Bx\0HcG|fܼ=:mc8?i/V.\0^|꿿;/AϗٽWy2EY,Vۃ}κ~\"*t`{pqO$T\\Lmxꗽ)C<eUuKgVa\\LDEJ\Z_kF/qt\0mvIW%5U;dd\'y\\iۿFtTSPSKOSO#XXӳA{AZͽ\0B\0d6*FUWu%*ZSP?N\nKoTj-ҍp4ݍr{Vp͏-+4{o<SU\0s	1=9vZJ=\riu\"EVh;z&rED֗&~z99deP9e4ӹtK!֔t\\_G&T7K߿~I~5.$Át\"I{sSj#!Z+#dM>M_C|>|ߛbmNW+WE˴{$ny|jqƾ)6+\0 vAOua6Mx9oρo.97qi7NT^l\'~\0|=r7dRb?H}Iqi3d}.4u?#;k涺o SVDs|5E,sFɢx{$hs\\Ӹ o#S~	tuIK`yX6PK~#\"DEhC֕^Ak=u6۩ǭpe\"j<k\0JV-+8^4MK<hpL\0Fh2wfod]N?8$.wwT#a>\0Y~KEc1N,ʇ\rMأ?TAR\\LN<Y}_L(y9u\'cVJfgrZ4<^XUc-W?\\{T5ýI]%N&X[I=>57mNe6=[W$ިP`nyobs}+Yыq{кNHcӴKhxZCLuqSv;cܡq%7G_\0Y\n_\0Y\nj}\'\"Wb~B\0T!_~\0NaV̯|{Tig?Hf:D˭w{^\0U].Gǹ$ܟ?jW5\r,u):i~L8_:U\\j{Y/we6W+g\Zߍ/bZQ\'	vk?ŚJo/uw?=~\0HS..=GD*^+xBX*K*~%XO?1\"P{`sU;?Mp^dܠ|Ii\\p1d&f9l7{eJ!ь#e_h_Kw^pxRɩ?mũ0i¡Wz\'ewc#i}c5bx\ZG\0&kڴKrM\Zlv5`M(E>WXpU\'Os={j=GA릂P~΢YaCbEr\"EO]-zAm׈\"0Y+)͑R5^$Ӽ\\xߒ6Qhi啻|+ϋ(/O>kC1V`Pwcb8Kx\rg#۶&|mˢ,Q\\RUMݷvDE%\" ϗٽWy2E5y7?H\"Et`{pqO$UEZn5:$\\\rP~]RYE3(gj{٬+fx\nf!TCmƧ}\0\ZALO*q?cV|\n/B#Y3x2UEWϛġq&\\ّzͺ-GN$O1?d\n|qm:JksKN~I*(|I\0HJh[=+*hir\n=M0i(sfqxЬUB.tIY)%TQ?݌xKv39?ɞiR9c;Lΰ|<5?V7uEg4\"SOJC8NW=PZz\"zpgiNܬwyfW,/;\'rIU1jI7|ͮVNv=w$>զhPMoQC%;+#)\\6xF\r}q*Fz48፱DƱkFw\0<AK	~h/^/ثїĶ뎢fmU\n+m*XG).(Oa#]I3Z;\" 3shn9h{$\n)?䳈L6Nx2av\rjptĎPi[ktFKvv=x7\rz6Lų;5RwkGR;M}6kx^O	=	j#,h\0xauv$spY*_M}9o5ݾ侚\'	γqQ=>E}}7\09X?2Bzuv-O]+fdpDlc->WTM~}y}ei(N.򽴒|ɾn`ztS9Vc.9cښgЭ\0czG1*ixUSc|||At8ƞkbw;lFl/bv!/En1O[!\\cb{s\'\\:ꥡ6Vw.>/vI}RFq\Z2u\0but8LKFOpw	]7	\\\\vRGyxz\"\'JWJ)i߼%V3(gGMn:ait΃{TzſVe-g4誼L\rH\\<DuYb\r.e[FLD)䔨JөFW3X]Yݹx:V[RɭȌnlO;$CY?niZ2_?K\"8Rp]Oҙ-\"p];^pskk-+=3O5/\Zͪ!Z{=\ZF{@9ǲ`qK#O*+5|uKJ[#cb烸Ne4+I˦#ڼB8nI-#\'\'wͣy~>j\0\n^׌{:,/k=ߝzW0^MOQh-OiEny^CZ;]jڇq5I(\'Jݯ7\nAuM+_Ot4PO3WJե:mi4c(\Zݺ1>R=qYŇٗMete͊V#ӱđܵ\rUkiiDEbutwG7fo5sDwp(yc_6^I*WIןG?DV1D@\0^|꿿;/A/{-ܲG,[TյRI?47.$\ZZ.]сƾ]?Di\'2J.ǧ)y=>g[j^Y$pSR5-x#UY4K\n/ګ^k?ee86n8UlhSRC&g4Amo/\'2J\'\'2J*n. mD8jwݟ1\r-Ǩ+<.\ng<ICy;ߕ|џd0;Eu<७\n$`}F|޸.%zP>/T~w-0DtbW{<c	S53..`S6h?.i?Y~HlZÿIU#y=?Cns$j	\'CDX	QDd0z2>q6It>m覈P3{g(j//7&==NH\0b<eq6@aWNKOۙv<JBȱ.[`b:UޒZ\ZY7	X;;RG+lo/\'2J\'\'2J(eES?,Is>$:h@h$?	T	z\r],/\Z_L6]t8)elq5X=\0(wX*?h,4\ZE(wX*?h(wX*?h`ҿw*{6jU*ڙO8@UCDX	QEڰNtLxf0(_lx;\0	w;b-暱p\\架y*%>Wd̷b%Gb%Gu芴ow˓ۻ-؅[|}U+K3x@nUko#\'␩wL8s-V^O-u}8Ipw)q\0fF)~Y .mc*.5{A 9=ĥ-,Qno/\'2J\'\'2J(e_-_FNcSVͷ<\Z޿*k^:.PquƂc2F#yw3b;\0\\\'ʣֲ}hc8ʜOU9It[(j\0ʣֲ}>U>O8~}3\0UGP-}=j\rrHP	\Z<J\0.B\0*ZW,\0\0x(\'HjJvYͻۼ>Wˣ:sMYBjf-Ia-x6MYsm}s|~\"z\Z{=amsYr[5҂qp6X-p#!((;@Qn\\[m=fɰ\reE\',4];|<$ƞqNQ(+uZG>6P-=eiԟ)#A\ZxxWBAeMSTZGq^j{7ob^(SrR\\Fv2p­Qo9ujP]^ӻZ֞wNp}nvkZ\Z\0`/e}<}\'j{YN%n:F+WwԒDG΅뮟:K,TdQ\'cDl{6\Z{vOd8]ʭ6˝&g+|Dx7vBE5I4UoqZ;ÿ=~݁^%=Zn>߉l7(6^n4[kTZ1.s\'ȴBݣ5}}MQ㹅0<it;u i-W(%MN+n	sy<D-=JvϨ^hs9Gv컯tߋ-!k0tN#l{A]	l~wR%*Ja?0- 7U>_f*:InIrͅ\Z+17W[(v䞊pxRqrɈ)1n]5<dnI%rKthƛ^d|/4G%~6o_8Yҵ,NÞ#R2ή7tl9a4alvCQ#f]EFۚB;7{ZƏ~	L^+\'5:uu+7dc_\\d}+Ӄzv2TU/n۾`H2 |b0|jmDV+\"\"\0\" \"\"\0\" \"\"\0\" \"\"\0\" \"\"\0\" \"\"\0\" \"\"\0\" \"\"\0\\Ypߦc9UZXa2Vxw=!	U~k֬Z8P%ʚt^\\y\\{96e] 镘4ԑEαk\07b@kAcS~n-towPh9\"\"8\'c/whh&ODV*\0DDD@\0DDD@\0DDD@\0DDD@\0DDD@\0DDD@\0DDD@\rf8Οb<1SzwUVUcN4n\\H\0@@utּ36jVoUIBJjV8	WO=q9Ǳ-.Dꖩ:V/2\0xݣbGho;p:ZSU	(ƨY0hCp#nc\rtMZiҘm暡uՕ.۬@+2*;\r\rn&A28h\rk\Z\Z\0\0D@\0DDD@\0DDD@\0DDD@\0DDD@\0DDD@\0DDD@\0DDEf)X3Ԗk-#5UeSX\'`\Zs\0HՐ6<N]dZkek+*d7s\0X\0n[t_Fmu|;Zr[Uc\Zg\0ٻNO<RC?e3EkEfH5VAkZpi<H.ZX_9g7hZ/HkkxIWkOa:+Ktx3{nC[ܸ[F\0DDD@\0DDD@\0DDD@}lYQTximM	dsI}]\\״9n=/D@\0DDD@\0DDD@\0DDD@BӤON4	x~L;`tn^jk<,<݄8v%+\'mtLväu&X*v}eP7p\\{F;5=Kծ\":F5nhc%jg8#ܮ4DԪ,z%ȣ\Z!\\	6lNsy:۠>\\Xfل\rw+w	۬Mѳ[\rWY=L7S2;[q~-zq$\0\'EnDDD@\0DDD@\0DDD@\0DD>	dǱiAh&=3|\r#iXL7yy2[{vcIr7cFqzudYT봫=99Fб=ƞ)$Z;UQk:qPĩn;j~wؑ+ߤ湡p \0p\\xw7O)	x.Q\ZHGo 8sI;hJ֏erGaK\rOLwS4c:v b;\rtI;E♎%٢p}Oe9H;\"\"\0\" \"\"\0\" \"\"\0.khսQm^aNjP3y$kN=G˯OXȵC/FU8},0׿`Nܣq@YKeʌw|mZwnÐ^\"dNXitq!~	|NSq^ꜳ%W6Vo\0wn6msUwq+GZS&tG/|nWA{w-.G*rOC!eU@#N\0v8+ю\Z(-^.\"FFl-4=#v۩Vv?X;%7YVtB\nJ:H[0;ִ\0QD@\0DDD@\0DDD@\0DDD@\0DDLsV8mٗO-5p;lـHl;S ;u y##R|xXd߷vؾ3Z=LBߗ6MCqvƘC;J4G]i]iݮSF`xj#-y{;AU޿ޓ^5EKzȫygYs)3k/8Gkvawz,se$fxmT-\0臋wxA˴^|u?\0;THiGqW˳.|b&eͨHڟ df2cpnȎRUuv+\04~u7U/C\')e\'ɰY;!u7Z$3N7*W\r??)\"j/j*ᩅHdiؾ$D@\0DDZ57M5c^]`(o/\r环Xh.S}SO]|ω?%ɳeEyL.:tK2;ݭS\r\"|qUQzU:lM*ۆu>Zk\ZUw*\rul6˥%Tby\\\0Xs\r/lԖlR㱉sT_;<%#Ȅ=fo6pBZE+ycjEi(K¿nc\"	%[u.\'*զ4:kvi\Z\Z\ZK#kQp/qztuI򌢦VE0?N-G6yHZpӢ[䗸6p%=Ŭ\0`67[F\\\n}F^i_st-ܡ\r].)p 5\\1kFw\0<AHkm!\" \"\"\0\" \"\"\0\" \"\"\0\" \"\"\0\" /gS8:V-Nev7V˹uu3AT{INX^~ߘ*]Zsst:cm5ږ;[\'y9\nED4cNqI2dn3B7,mHϥAw\nJ`tC0(Z䪁a`נQo͜5yF!psinJ{ M+};lBv$FgԬotl>~%.b_fU];&gBryBp)>GY\'ߵߕF;\n9x5$/w^3HP\0ugowh?4jÀ[Fٿ\0o5D{I\'F\Z}Ato*Su3֙@_:rM6M\rGd Co\0y<W%Cݽhp|RLBYsk\\ʭ}iinˣ޵WTnfZ]\nDޞwڸArEX;Sfo.\0b-8`{\0O7X]l_C57v!vh2/J0..sJm]!oLq%\"7٘\\F,YG:MTN[Jm::?)mrJX\0cVm[6=o`[(`EMG!1k\0\0_IP\" \"\"\0\" \"\"\0\" \"\"\0\" \"\"\0\" \"\"\0\" \"\"\0\" \"\"\0\" \"\"\0\" \"\"\0\" \"\"\0'),(50,'rrrr','rrrr','rrrr','202cb962ac59075b964b07152d234b70',''),(52,'admin','admin','admin','21232f297a57a5a743894a0e4a801fc3','PNG\r\n\Z\n\0\0\0\rIHDR\0\0\0\0\0\0\0\0\0}ĵ\0\07<IDATx}w׶yrg[3;7sccclkl,A$@A$H\"H$\"c9Z w.>tjRw9uwv\'yA-Je*Q:f͚QӦMgz7k޼9jՊkOԶm[~{~_~]>[O߱R-uԮ];sL4aXCjSe./;#f)\0{O\07nXs~˖-M\r6|7C	aLק?Pl6@&bC:K7ju%\"LթSǔNl߾=}WTqde\0^H}\'z뭷Al~7\0\\Y}^3RO	|H	2>\0R96ǻQIu-ﬦ,%U2\n&AXEt\Z$\Z>x&6l\0Z2%Z,#d0̬ց` ]2lPoY\0\0\rtqroUbM&s#qr`0\0B??7\ṅm9	/p\0ҶQM	ldp1!\nd1dP[Kp%\\gp4e\"# K:m@x`+4 S&MlKU`YAG	%x\n#A=`[@Ǚ vr*$H{cg\'?vb0\r?qʉ;.ҿoaB\r;<PW66\'GffA\08Ŵ\\n0=*2\ZiDȨ&?u	aAuK \0τb4RX\r@\nYY |-9oq\0.m-RQ?THvKˁVH>Į \0(dZs~SM=HRx\Zڸ?ƁZN[4H$$@೉HVsZi׵lvǚQ%FC,b\"-_]Yw5ǁ\"Br*dUua7.*sv\0\\~u?rS9\r`*6rus\0gwLt;3&{3tvdj  p\0)TòdLeiJ\r-fOt򪱍ITAj{%TG\nh0h_=5JKpq~\nrސ3>\'TOniٿyO*KStΜTgn4jH\0*1\0w6nLD\nɪ͂Ε{	#Uabn$^z,P]\0Ro*w+#ƿ6ށ_|!Dmڴ	IPv\ZTUYuM)Ɓe]VGҒh٥>O7-m3(i;!u!e!e;D$H<Ii(뼨)JׯW&DǖMʽ9޸\'{9~pnr`9N%n^)\0Hr	jU}!QJVOo\'OXAML[LW+CG2U	$d$]l~>unٌfN99/z}P7w-C+LQ^ dTK/^-Nڽ	\'hhiŤԳcsS37x8a&q/62t+f\0$wӄT<cI%FxЍMPZ3yD6rC=&rCÌT8Q;gb>H}lKO1i5XvAZp5#䣔t\nsΡN2R®;\0(ssysk<@\'\rc8l2[&g.^ڀˋ3NMcd3w\rSŞrv`z/]Z;<ŷ1AըֳHQ#u3\Zz֖*h\n`}gJ-^/\0]Y;]lf`gűC#	l+_h֓MPImD0َ.1/-jDn[:1Z82GC%ѡK]uv\Z*pO*aȈ;ȎdSY2^ǐd^F~\n-3O^D9]/;{K&TBDŁ\Z.%!B0S:5oK|;,Qj\"_8N\rf#\nKQ5rYSJg۲&@Mj\"CF9`^7eg\\@hi|5rv4mX?Q)\';l\0WwGRfgc1NPzRPX$ld捫Z\'<rgbdjj<z\nKZ~P	ҏ~>GV&w^pjy	\"\r/mԠb\'kbp]V=ߝNG:9\ZLC\rtp/I%[zu&Zr:z\n6hs7Y86켄3C_zyF!93XYvBh2!՜3CoNO\rnG^5\Z\\*O!ĭff^8;5f<\"Viq\"FKFS.H9 YWseTpEreaw95<.rr\nv{\n<1dpTHfB&!oЩWG\0.%ak^0egsAU3MVi=aiMoPm®*2qǻj!}JR⟲ಞ#e\r^|Θ50\0Wm<FπS\'q.Q+^j$cg]ձpbB\\Li\0Yc\\-tKgapa74F4j&XrrNW҃nq)|K՛0\0WK\0{rP-ܪ(^{NsK{\nJS*v)9Y\rX-!0Yn.\0J,\\Ib[<prdRmT\nyjS+%IjZ YhXSrqJMpNR􉷺5jdVhx|1+%5e	1Q8@SA\'m8A\0vrqJMpaMC箽\0*KK5mŪ!eY$tJop!nJy|k\rХyU^CEUlw	һ`m\0FΈG`\0.K[S\0] ٭N\n[]աw\\oFI\'m%\0\\.-U.7W<D\0TV J?pqQ.OZUCk@1\0\\.uE.xp,\n9\0Wzc]rNtj%X5KU\\X[n.Ij.2>AsO	.U/\rxZi	.rT!2e5!HM_pU5\\:ժ5w\rW\r3R]L\r/	t`d].NfK;ߏp[}9T|pso,߃;\0aw*pn?%TpLv;K?JV*M:cS:=uU3@+,iFgi;\0avc0+w\r[7U\r\\:u}\\jsK% y~H.|O~Y$\'[O:+t;)P[pjj^ê!6zh;tbHu\r+pDnWyu:U{pjjd^?=[1&N=Lrb\\VOڂ-S7B-vXL,REc:3]ːj#q!]Ϥ	;%`yg~6W]\\@=>wJ) tRNA\nL@Aa-:\n^Xc\0\\QZ%P@2t}\ZHT`OW7?99EР[EƺY\Z0Zˮ\\=uwN|+HB*w,I^ڕ|؍AʵXHN\'%CTC7wUEJjR)=4Oީmҟ}$KE\Z%	*`z23f\rjM?n:wkߘ4oί|O#6;lzrƺ\"l\0\\>dC5t{bpsu\"\"/*\0+?GF,u]TvhX+l*pϫE\n3~뽡NB.3z`OC;s[7F@vmsGzEU0waĶ@X&\05?5|ukOcF3qׁ)19!sTfJ+KGVp|șɁd\n:\\٧p;Yh_ZJV߆Ly5dWR⏾0_`!]ؾf=1BE2zlBFRɢzQ5sS1_|dYQVر@pq*PSn#S張7yC!vàWAJЃ=tsF{Wm4Apd\rKNx\Zҋ*Ol\rӳCk[X|nMvF$y+K\'h3\'\0=ʩTԹe3Y^?nY\Z,fOώUӉ]!Tq==SJk\n|;W[ɉgG\ZTBgvjY*p:XVMwVx*\'_ã\r-aY\\\"Y8{Ǥ]e.*\Z\"	b~ohp][,e)<6Ş\"ǰGuŃ;ŕ@v(^OOoJݽIwldr*5h˲VfSl*\\C7жKhǏ_O^xsw!=:^,ɩßOTyfX5tr%P1=t;DcXnB+1E|vlX.9/0kM\\@7.s<8}Ds\nyˌg痏>]Q:>71L\'pjլQH([5\Z\\ki1NݡW%?;l!aW^fhů\'.\0[d~Uiekc^d<+m]/\0e:r`?傩*1H .s￩$!2$<?+a׷;V\0˜zq9[`;\"x9b#}6l_qt\\v.U%2k-9Bxq[5\Z\\lo:e=2\ZVj!&ÅJƃ\ZxcZztL(n^FW**6vں׽R0H`]-R`ݽ;zA\0ὰ9nXqQbBcmhwJ6 PWװqsO6u`!MݕtpvGop3H/2аG䅇5txt	ö`<{6&6yxB[!,TFnn\0P\rI(VKcBHK̱lWRV:\n>ۍ+6g\\Y;\\\Z\r.vތLq[~RהyU9g{p1^:LO6&l\'H.׭mP\\Gud=9 y\r	,#~4FL?VL})`.	ڿc=ݿsSqe.s,mg]߶*m6ǣ<Kegwo𚲔\nBK=22T^н6;uˠ҃G*șMٓӇТiX4仮!4f`oZ2kJsų\'t(?><V\'`\0sr?<wqk78g\rG˲9u#fBvԒe`쒯j!KvhЌ΍ HFbM.,uM<\ZٛMGJv1+֓`חfE\nr]0hEF+vLs6h܀4^̱ݫ9~/aewpB׋=A.dXX;MZ\Z5\\r.w/k[$H0;\Z/.o]rKGpB?Z<lR辴ofwsI0u,H[bTs5y?.[˧]f#\0<֯rX\0Ɏ\Zy~Ÿ8˲B2_Hbpqc~oqW//ɜ .UG4ldOwxj:p\nYc[	L\0;cTq-=V/-Y(\\Hvm\'K+xGU&]p=:&wo>WUW:zvm#~޻u_8AON秋mhLcl\nN:2HXlW\\ +Ipk|9`2P.Y5:C\\vjtKdz%=:n\\I/qۅ]\"&VC\"ҼBҩMN9B {bnOwG%m\"\'Y+KF0;\07Z&s+P-+ygw4lcN8lujQE65_7nN0	+D@vqC{+FAKmn07bnݼw̓6QUnk56Q#Gw\";Â]ɩak&uYOom]EVgiD\0.[[2%9v[	c%Rv\n@-ڕ)=I/m7hYf^J(eS/Qefv[+σWtaD%,;/_/:Sa*p.V\r^$xx\\GE^O0%ue~P:yx&*.k#T\0WxU3EtNHpG\Z.YP[ᜈ\\\0\0׽@Y\Zoݜ՛+/(N*dkr<\n&DL\rjC_VW({׃E`\Z	f<VA#^4[϶WZj93mCDboJ%ǻd9ЫCܴ}	a$ʱ!1H	56TħNCEyw}8Q㑋?z\nep\rh\\2\\?OV	\\7UC]/N\rx:e窒\\j~Auia$zxGX\"=%ܾ4NţL%c~P?:`Xx:mJ8g!XOٙ!\0\\=WeHPoӂ=\\3A,	rl0E$Zg|Thuc@.\070z4U[ƁY]7O!խyf%KV	KTC~qTAegp=Z7;,bYE]ỸkebS!\\wK곡\"M\'$+h<7k6-Kړ\n\\v6=͈C6:ځKְƎ(]ðYńbeXy!??\ZGlj\\?asa 6\'UQY+!E6b4<y@gdpɁc>i\'ANa wyz&zp\Z\0\r*#HǴޭXR9--3Yb}<7\0!ypmk;K_awnѾUXW^9%őڃKNE\"(!Y5}	x`$73UD\"U%D5//sPMP7O\n\\94R^#C[nM\Z{Ypf,z\0܎B\'E:\'wbU;pAj!b\\K+8xKxD9\n8lE5I\\=\\;1\r8]8A !o2lXKp1/kdOϧE,-wŀfnd	.$m\ZniO2aBjY\"51p̋Te\\v0͇1UFG+Q̇g,j1#&A m\'B<3*!v-Y%%)e*WQ\Z\'R`F0=hvZ0jiq˪p2bUǸIۋ3CTgv56{T{KSl+%uubx@Y8ZJƉXgpޏyqfpUU(1\n[?Cr]UB%K^u85l(IV\r#QQdթ2侖;ɒD^UtJԋHUK7paNjhM9J6y̰YD֌vRS-v9;JoL\r&?bh~ۅ^׆U&LYpq*ghakAjvg+ٶI܈u%;{K^9hvyЍwsƢxe%BL&0*ʒ|j&~P@ygp}VI8f\rm瞆V\\ԣ{#DETyjgH\0h,/KXsg)\rJ1sdXH ՑIl7޾.<\nl.O!~>51[Tc]A\"e]R\\r5kG(tUm1TJ,A>Z7)$TY*oҥGo\"NRPl;?ZoTgaK\085[\"]${]g~!\0Y~Jl+U09.YnZD5\ZZd\rK{`2vS.k|\nC?L){+u2{+ƲRa?\Zƻ^=\r\\ߟvb\'|c0Zr-\0:G)coAxʋZgS\n\\HkhǴw=>O|ah*V.L,p5g3ُʦcC[۪l*+KyNNAe3AwdV^e|N%ۘt9l!eBzח.{\rgt|`&*F%Y?	R\rt0g$],8.\0cFPYQYX1&ӵ3♖J:M /KzX~^s\r34\0Hg\n&ѡţ#fx\':|,3aC|qtqTq~rF5TT*VJKns9CZ&$2 fr+۩r\0@KhI$1T?%KNO)	..?DP#Yym$l~30\0ª#veL\'\0@\Zpg\rcݼ3>)&i.k񤊐*Ş#WKv01WFdƖjWc``$ z/u\049\"]CI7ϰɬJzy1\nӎ&o&6 <O,5ֺ޺OKpEӃk:Ky\0FLKhv KRE\Z಴	rrYPX^6\')u:$\0W12O\rat\";嵤c[vo\n	d^jhsC]<uZX]Rh	t2Ű\'#Q\rds[<]/C̋cC\ZBF:)BKvPl0^TBvd\\I˅P-P\rH 7\Z)\\(jTz!I#{1\0Lvl|c}ݒdh$5\\)^a]N`$A !5`*=RBC\0ܮT\'pY]^\nY<彔X~KY	@!KDzI^TBCK\Z..qr]ւJw./	RƀK$EzN	5\\<./kԪQDze(N9v5\\vS9奼-p(xٱDsY*^si~\0xY9u\\^p\\K\0\\>Ľdm[q(T\r-#Ϥka\0.Eֆ krڵQ#w`#.띃Ƈz5vL36{[g{.Թ`\08e̗ISL\\vM-|<IKg,\ZZ뭫S:95tp_rc9j߇Gbo,AWwT9)p{.w$%˩5YNكq:+:ړX򞈮{.\rxp C.--hܡIGtqcñZڱw&$!BJLVw8jC`wҹ/F\0\"Zk&wϥ~˭(Ȭl0>RJphY;23pl8s\0]N;pAt;+\0K_zkHzڤnvypJIjRF\0(:Fn`XTvC?m/̈x=֒A_G80ҹL\0.˲=2y:e3`!dLp\0\\v}0Ʋ~@NnxةwP&XH\'\0C9\0\03?9(,\ZE\r@Tl|n[WݷtNe6,\0\\QKv-.\07kPퟝIUI,N\00qXF5nm\'NclOZ	+\0WbmlYyvij:o(FKӃQ[ѣlu8w6W?Eڪ+\0WlN_Ԧ|vI\n󇊀=2ݭmFyz@ucL:a^\r:G:+\0\'z=xj.PΔܐ`-PЯ:3[2Ζ .Nͳ]a}L{x!<!1e½>b10_tx|\0kőq/z`<cRc7vu>SѡM:`ha/[31\\ezqOL.Yge\0v|T:-1ve=`*3Ĳ	)E(y<I}ԢuK!OzENkwUL\nd:5gk	6=Q\\>A{8.2>7綮{#1_*x,uE^Vp_.dX6vIw\\*02cw_C* 3Z>Q[.f_mH)geۺ!tLuݹTy;+Z#\0{v2]Y6Ȝڂj)~/Ȑ\0Gnq81{E:bz472^V<s}g5]zeV.y*%\'	-V<#4`Ҿ1]A+\'iC\r^kl7hאv\'sMK\Zء^NV$vg\n獤isƴڂuOvEVN$|0>+}l^&\\4Lؖa-9L^Ϸ|FƵ|G^*O\"Y\'4Kf48W0A+%ܓqcص!=2@uuXP_ܾ{f+pdD+a⯆Mvh|7Zu]Zm01?g_X5Ydoě3ius,\rU岱!`a\'e;:.\\%}\rvld*alB*jU0336hKt\0tptjqsj\"~	{`T¾2_/@5E;}N#\'?Og_ѡ&a_3Z\r*lQۤ-]оm~t~hQ[)7ʦ__צNf 2Md?VįT+qLZ4:q\0tߧ5Y1Tw`6^Cb|>~ֵe vnJ\\;@;5ncU\r{O*/Cw?|Jlnӧ]\0 X.#G_燁IE7`P͍d܇tfzUmQR#1NMN٪{JPmNv..>i ٠Q\0l+`eUO|\r|-^^\0JnvRSy$^wY[v=u4\0\\qV۩xP%UgmA:D4_hTq*@ E\"z졯Ɔ˯5&M4Tz꺊S>?ݿF%\'L\riA\"HMH\'܀L@ .˜M)o<֍6Β-C\'{	/,`KnֳLo.{Q<_J\n2vF>wi]JmM\\ڍN`K\ZOG|\n!}vTwQ1<\"y\'@Zj\'~u}X	6xI7md:H2m;auUoR,ntWO`ݐ{qZ?v^7,2#Q6v<^M^T@++?Igj>qC_P,SA_=eTʝ\0:/*Ѵ(\nqUU@yuPI7UIhPh).qT_;ͧ%`\novxu-.vv_,YF<~Ţû	D\'md\\19<Xx\r6ﺯ\n`+V50YR<c_ q;Ƞ%T|,\n#o?\"xW[pE\n(##4\02PUl5x\rl@w3<u-K:\\!{sm(K	`)aͯ+v@%2 d,\0e%ɾ%5e!7/W\0ϫ	`--Uv\ru}\ratKULzGօ\Z\ZJT\\A.| )KMvտ|td%iL`wыkt3/Tq(kK\0SF0R͸qP8+VaFC5\0Npy&0}<ӗoRϹw*;sXOϞ=0uNX*p!Ff0$&\\rL]u\"(~2,A9]=Vo.%tCT3H8d\ZgxT˰7!mZsu\0RTLfaka`阛v\\5{dOv3oa/f=XTk>#V\';\"vSb4{GBjxm3N<v`x%3Ne.\0l6$!%hBzNcٹ,<n\0Uz%\\r[G=7	}7.^ӷ_O{P̥i\r,+/\n +\0f/^UtX72W;&\0Ut+(qtŻecfTTvj9{_BRV_ɚu2auI\0.#ɱiRoF,Hs倲=/ cXBBr>qX!]]nZ:96\"Ȉ^+v)KiBoݲɱIaD[ETTWuN5c6}rBbU61<t\\uҚ3tɲ( WcKP[e*\0\0\0\0IENDB`PNG\r\n\Z\n\0\0\0\rIHDR\0\0\0\0\0\0\0\0\0}ĵ\0\07<IDATx}w׶yrg[3;7sccclkl,A$@A$H\"H$\"c9Z w.>tjRw9uwv\'yA-Je*Q:f͚QӦMgz7k޼9jՊkOԶm[~{~_~]>[O߱R-uԮ];sL4aXCjSe./;#f)\0{O\07nXs~˖-M\r6|7C	aLק?Pl6@&bC:K7ju%\"LթSǔNl߾=}WTqde\0^H}\'z뭷Al~7\0\\Y}^3RO	|H	2>\0R96ǻQIu-ﬦ,%U2\n&AXEt\Z$\Z>x&6l\0Z2%Z,#d0̬ց` ]2lPoY\0\0\rtqroUbM&s#qr`0\0B??7\ṅm9	/p\0ҶQM	ldp1!\nd1dP[Kp%\\gp4e\"# K:m@x`+4 S&MlKU`YAG	%x\n#A=`[@Ǚ vr*$H{cg\'?vb0\r?qʉ;.ҿoaB\r;<PW66\'GffA\08Ŵ\\n0=*2\ZiDȨ&?u	aAuK \0τb4RX\r@\nYY |-9oq\0.m-RQ?THvKˁVH>Į \0(dZs~SM=HRx\Zڸ?ƁZN[4H$$@೉HVsZi׵lvǚQ%FC,b\"-_]Yw5ǁ\"Br*dUua7.*sv\0\\~u?rS9\r`*6rus\0gwLt;3&{3tvdj  p\0)TòdLeiJ\r-fOt򪱍ITAj{%TG\nh0h_=5JKpq~\nrސ3>\'TOniٿyO*KStΜTgn4jH\0*1\0w6nLD\nɪ͂Ε{	#Uabn$^z,P]\0Ro*w+#ƿ6ށ_|!Dmڴ	IPv\ZTUYuM)Ɓe]VGҒh٥>O7-m3(i;!u!e!e;D$H<Ii(뼨)JׯW&DǖMʽ9޸\'{9~pnr`9N%n^)\0Hr	jU}!QJVOo\'OXAML[LW+CG2U	$d$]l~>unٌfN99/z}P7w-C+LQ^ dTK/^-Nڽ	\'hhiŤԳcsS37x8a&q/62t+f\0$wӄT<cI%FxЍMPZ3yD6rC=&rCÌT8Q;gb>H}lKO1i5XvAZp5#䣔t\nsΡN2R®;\0(ssysk<@\'\rc8l2[&g.^ڀˋ3NMcd3w\rSŞrv`z/]Z;<ŷ1AըֳHQ#u3\Zz֖*h\n`}gJ-^/\0]Y;]lf`gűC#	l+_h֓MPImD0َ.1/-jDn[:1Z82GC%ѡK]uv\Z*pO*aȈ;ȎdSY2^ǐd^F~\n-3O^D9]/;{K&TBDŁ\Z.%!B0S:5oK|;,Qj\"_8N\rf#\nKQ5rYSJg۲&@Mj\"CF9`^7eg\\@hi|5rv4mX?Q)\';l\0WwGRfgc1NPzRPX$ld捫Z\'<rgbdjj<z\nKZ~P	ҏ~>GV&w^pjy	\"\r/mԠb\'kbp]V=ߝNG:9\ZLC\rtp/I%[zu&Zr:z\n6hs7Y86켄3C_zyF!93XYvBh2!՜3CoNO\rnG^5\Z\\*O!ĭff^8;5f<\"Viq\"FKFS.H9 YWseTpEreaw95<.rr\nv{\n<1dpTHfB&!oЩWG\0.%ak^0egsAU3MVi=aiMoPm®*2qǻj!}JR⟲ಞ#e\r^|Θ50\0Wm<FπS\'q.Q+^j$cg]ձpbB\\Li\0Yc\\-tKgapa74F4j&XrrNW҃nq)|K՛0\0WK\0{rP-ܪ(^{NsK{\nJS*v)9Y\rX-!0Yn.\0J,\\Ib[<prdRmT\nyjS+%IjZ YhXSrqJMpNR􉷺5jdVhx|1+%5e	1Q8@SA\'m8A\0vrqJMpaMC箽\0*KK5mŪ!eY$tJop!nJy|k\rХyU^CEUlw	һ`m\0FΈG`\0.K[S\0] ٭N\n[]աw\\oFI\'m%\0\\.-U.7W<D\0TV J?pqQ.OZUCk@1\0\\.uE.xp,\n9\0Wzc]rNtj%X5KU\\X[n.Ij.2>AsO	.U/\rxZi	.rT!2e5!HM_pU5\\:ժ5w\rW\r3R]L\r/	t`d].NfK;ߏp[}9T|pso,߃;\0aw*pn?%TpLv;K?JV*M:cS:=uU3@+,iFgi;\0avc0+w\r[7U\r\\:u}\\jsK% y~H.|O~Y$\'[O:+t;)P[pjj^ê!6zh;tbHu\r+pDnWyu:U{pjjd^?=[1&N=Lrb\\VOڂ-S7B-vXL,REc:3]ːj#q!]Ϥ	;%`yg~6W]\\@=>wJ) tRNA\nL@Aa-:\n^Xc\0\\QZ%P@2t}\ZHT`OW7?99EР[EƺY\Z0Zˮ\\=uwN|+HB*w,I^ڕ|؍AʵXHN\'%CTC7wUEJjR)=4Oީmҟ}$KE\Z%	*`z23f\rjM?n:wkߘ4oί|O#6;lzrƺ\"l\0\\>dC5t{bpsu\"\"/*\0+?GF,u]TvhX+l*pϫE\n3~뽡NB.3z`OC;s[7F@vmsGzEU0waĶ@X&\05?5|ukOcF3qׁ)19!sTfJ+KGVp|șɁd\n:\\٧p;Yh_ZJV߆Ly5dWR⏾0_`!]ؾf=1BE2zlBFRɢzQ5sS1_|dYQVر@pq*PSn#S張7yC!vàWAJЃ=tsF{Wm4Apd\rKNx\Zҋ*Ol\rӳCk[X|nMvF$y+K\'h3\'\0=ʩTԹe3Y^?nY\Z,fOώUӉ]!Tq==SJk\n|;W[ɉgG\ZTBgvjY*p:XVMwVx*\'_ã\r-aY\\\"Y8{Ǥ]e.*\Z\"	b~ohp][,e)<6Ş\"ǰGuŃ;ŕ@v(^OOoJݽIwldr*5h˲VfSl*\\C7жKhǏ_O^xsw!=:^,ɩßOTyfX5tr%P1=t;DcXnB+1E|vlX.9/0kM\\@7.s<8}Ds\nyˌg痏>]Q:>71L\'pjլQH([5\Z\\ki1NݡW%?;l!aW^fhů\'.\0[d~Uiekc^d<+m]/\0e:r`?傩*1H .s￩$!2$<?+a׷;V\0˜zq9[`;\"x9b#}6l_qt\\v.U%2k-9Bxq[5\Z\\lo:e=2\ZVj!&ÅJƃ\ZxcZztL(n^FW**6vں׽R0H`]-R`ݽ;zA\0ὰ9nXqQbBcmhwJ6 PWװqsO6u`!MݕtpvGop3H/2аG䅇5txt	ö`<{6&6yxB[!,TFnn\0P\rI(VKcBHK̱lWRV:\n>ۍ+6g\\Y;\\\Z\r.vތLq[~RהyU9g{p1^:LO6&l\'H.׭mP\\Gud=9 y\r	,#~4FL?VL})`.	ڿc=ݿsSqe.s,mg]߶*m6ǣ<Kegwo𚲔\nBK=22T^н6;uˠ҃G*șMٓӇТiX4仮!4f`oZ2kJsų\'t(?><V\'`\0sr?<wqk78g\rG˲9u#fBvԒe`쒯j!KvhЌ΍ HFbM.,uM<\ZٛMGJv1+֓`חfE\nr]0hEF+vLs6h܀4^̱ݫ9~/aewpB׋=A.dXX;MZ\Z5\\r.w/k[$H0;\Z/.o]rKGpB?Z<lR辴ofwsI0u,H[bTs5y?.[˧]f#\0<֯rX\0Ɏ\Zy~Ÿ8˲B2_Hbpqc~oqW//ɜ .UG4ldOwxj:p\nYc[	L\0;cTq-=V/-Y(\\Hvm\'K+xGU&]p=:&wo>WUW:zvm#~޻u_8AON秋mhLcl\nN:2HXlW\\ +Ipk|9`2P.Y5:C\\vjtKdz%=:n\\I/qۅ]\"&VC\"ҼBҩMN9B {bnOwG%m\"\'Y+KF0;\07Z&s+P-+ygw4lcN8lujQE65_7nN0	+D@vqC{+FAKmn07bnݼw̓6QUnk56Q#Gw\";Â]ɩak&uYOom]EVgiD\0.[[2%9v[	c%Rv\n@-ڕ)=I/m7hYf^J(eS/Qefv[+σWtaD%,;/_/:Sa*p.V\r^$xx\\GE^O0%ue~P:yx&*.k#T\0WxU3EtNHpG\Z.YP[ᜈ\\\0\0׽@Y\Zoݜ՛+/(N*dkr<\n&DL\rjC_VW({׃E`\Z	f<VA#^4[϶WZj93mCDboJ%ǻd9ЫCܴ}	a$ʱ!1H	56TħNCEyw}8Q㑋?z\nep\rh\\2\\?OV	\\7UC]/N\rx:e窒\\j~Auia$zxGX\"=%ܾ4NţL%c~P?:`Xx:mJ8g!XOٙ!\0\\=WeHPoӂ=\\3A,	rl0E$Zg|Thuc@.\070z4U[ƁY]7O!խyf%KV	KTC~qTAegp=Z7;,bYE]ỸkebS!\\wK곡\"M\'$+h<7k6-Kړ\n\\v6=͈C6:ځKְƎ(]ðYńbeXy!??\ZGlj\\?asa 6\'UQY+!E6b4<y@gdpɁc>i\'ANa wyz&zp\Z\0\r*#HǴޭXR9--3Yb}<7\0!ypmk;K_awnѾUXW^9%őڃKNE\"(!Y5}	x`$73UD\"U%D5//sPMP7O\n\\94R^#C[nM\Z{Ypf,z\0܎B\'E:\'wbU;pAj!b\\K+8xKxD9\n8lE5I\\=\\;1\r8]8A !o2lXKp1/kdOϧE,-wŀfnd	.$m\ZniO2aBjY\"51p̋Te\\v0͇1UFG+Q̇g,j1#&A m\'B<3*!v-Y%%)e*WQ\Z\'R`F0=hvZ0jiq˪p2bUǸIۋ3CTgv56{T{KSl+%uubx@Y8ZJƉXgpޏyqfpUU(1\n[?Cr]UB%K^u85l(IV\r#QQdթ2侖;ɒD^UtJԋHUK7paNjhM9J6y̰YD֌vRS-v9;JoL\r&?bh~ۅ^׆U&LYpq*ghakAjvg+ٶI܈u%;{K^9hvyЍwsƢxe%BL&0*ʒ|j&~P@ygp}VI8f\rm瞆V\\ԣ{#DETyjgH\0h,/KXsg)\rJ1sdXH ՑIl7޾.<\nl.O!~>51[Tc]A\"e]R\\r5kG(tUm1TJ,A>Z7)$TY*oҥGo\"NRPl;?ZoTgaK\085[\"]${]g~!\0Y~Jl+U09.YnZD5\ZZd\rK{`2vS.k|\nC?L){+u2{+ƲRa?\Zƻ^=\r\\ߟvb\'|c0Zr-\0:G)coAxʋZgS\n\\HkhǴw=>O|ah*V.L,p5g3ُʦcC[۪l*+KyNNAe3AwdV^e|N%ۘt9l!eBzח.{\rgt|`&*F%Y?	R\rt0g$],8.\0cFPYQYX1&ӵ3♖J:M /KzX~^s\r34\0Hg\n&ѡţ#fx\':|,3aC|qtqTq~rF5TT*VJKns9CZ&$2 fr+۩r\0@KhI$1T?%KNO)	..?DP#Yym$l~30\0ª#veL\'\0@\Zpg\rcݼ3>)&i.k񤊐*Ş#WKv01WFdƖjWc``$ z/u\049\"]CI7ϰɬJzy1\nӎ&o&6 <O,5ֺ޺OKpEӃk:Ky\0FLKhv KRE\Z಴	rrYPX^6\')u:$\0W12O\rat\";嵤c[vo\n	d^jhsC]<uZX]Rh	t2Ű\'#Q\rds[<]/C̋cC\ZBF:)BKvPl0^TBvd\\I˅P-P\rH 7\Z)\\(jTz!I#{1\0Lvl|c}ݒdh$5\\)^a]N`$A !5`*=RBC\0ܮT\'pY]^\nY<彔X~KY	@!KDzI^TBCK\Z..qr]ւJw./	RƀK$EzN	5\\<./kԪQDze(N9v5\\vS9奼-p(xٱDsY*^si~\0xY9u\\^p\\K\0\\>Ľdm[q(T\r-#Ϥka\0.Eֆ krڵQ#w`#.띃Ƈz5vL36{[g{.Թ`\08e̗ISL\\vM-|<IKg,\ZZ뭫S:95tp_rc9j߇Gbo,AWwT9)p{.w$%˩5YNكq:+:ړX򞈮{.\rxp C.--hܡIGtqcñZڱw&$!BJLVw8jC`wҹ/F\0\"Zk&wϥ~˭(Ȭl0>RJphY;23pl8s\0]N;pAt;+\0K_zkHzڤnvypJIjRF\0(:Fn`XTvC?m/̈x=֒A_G80ҹL\0.˲=2y:e3`!dLp\0\\v}0Ʋ~@NnxةwP&XH\'\0C9\0\03?9(,\ZE\r@Tl|n[WݷtNe6,\0\\QKv-.\07kPퟝIUI,N\00qXF5nm\'NclOZ	+\0WbmlYyvij:o(FKӃQ[ѣlu8w6W?Eڪ+\0WlN_Ԧ|vI\n󇊀=2ݭmFyz@ucL:a^\r:G:+\0\'z=xj.PΔܐ`-PЯ:3[2Ζ .Nͳ]a}L{x!<!1e½>b10_tx|\0kőq/z`<cRc7vu>SѡM:`ha/[31\\ezqOL.Yge\0v|T:-1ve=`*3Ĳ	)E(y<I}ԢuK!OzENkwUL\nd:5gk	6=Q\\>A{8.2>7綮{#1_*x,uE^Vp_.dX6vIw\\*02cw_C* 3Z>Q[.f_mH)geۺ!tLuݹTy;+Z#\0{v2]Y6Ȝڂj)~/Ȑ\0Gnq81{E:bz472^V<s}g5]zeV.y*%\'	-V<#4`Ҿ1]A+\'iC\r^kl7hאv\'sMK\Zء^NV$vg\n獤isƴڂuOvEVN$|0>+}l^&\\4Lؖa-9L^Ϸ|FƵ|G^*O\"Y\'4Kf48W0A+%ܓqcص!=2@uuXP_ܾ{f+pdD+a⯆Mvh|7Zu]Zm01?g_X5Ydoě3ius,\rU岱!`a\'e;:.\\%}\rvld*alB*jU0336hKt\0tptjqsj\"~	{`T¾2_/@5E;}N#\'?Og_ѡ&a_3Z\r*lQۤ-]оm~t~hQ[)7ʦ__צNf 2Md?VįT+qLZ4:q\0tߧ5Y1Tw`6^Cb|>~ֵe vnJ\\;@;5ncU\r{O*/Cw?|Jlnӧ]\0 X.#G_燁IE7`P͍d܇tfzUmQR#1NMN٪{JPmNv..>i ٠Q\0l+`eUO|\r|-^^\0JnvRSy$^wY[v=u4\0\\qV۩xP%UgmA:D4_hTq*@ E\"z졯Ɔ˯5&M4Tz꺊S>?ݿF%\'L\riA\"HMH\'܀L@ .˜M)o<֍6Β-C\'{	/,`KnֳLo.{Q<_J\n2vF>wi]JmM\\ڍN`K\ZOG|\n!}vTwQ1<\"y\'@Zj\'~u}X	6xI7md:H2m;auUoR,ntWO`ݐ{qZ?v^7,2#Q6v<^M^T@++?Igj>qC_P,SA_=eTʝ\0:/*Ѵ(\nqUU@yuPI7UIhPh).qT_;ͧ%`\novxu-.vv_,YF<~Ţû	D\'md\\19<Xx\r6ﺯ\n`+V50YR<c_ q;Ƞ%T|,\n#o?\"xW[pE\n(##4\02PUl5x\rl@w3<u-K:\\!{sm(K	`)aͯ+v@%2 d,\0e%ɾ%5e!7/W\0ϫ	`--Uv\ru}\ratKULzGօ\Z\ZJT\\A.| )KMvտ|td%iL`wыkt3/Tq(kK\0SF0R͸qP8+VaFC5\0Npy&0}<ӗoRϹw*;sXOϞ=0uNX*p!Ff0$&\\rL]u\"(~2,A9]=Vo.%tCT3H8d\ZgxT˰7!mZsu\0RTLfaka`阛v\\5{dOv3oa/f=XTk>#V\';\"vSb4{GBjxm3N<v`x%3Ne.\0l6$!%hBzNcٹ,<n\0Uz%\\r[G=7	}7.^ӷ_O{P̥i\r,+/\n +\0f/^UtX72W;&\0Ut+(qtŻecfTTvj9{_BRV_ɚu2auI\0.#ɱiRoF,Hs倲=/ cXBBr>qX!]]nZ:96\"Ȉ^+v)KiBoݲɱIaD[ETTWuN5c6}rBbU61<t\\uҚ3tɲ( WcKP[e*\0\0\0\0IENDB`'),(53,'almacen1','Alma','Zen','2dc4e4a6fbeab8a7f828efa9aec7d7ad','');
/*!40000 ALTER TABLE `sisusers` ENABLE KEYS */;
UNLOCK TABLES;

--
-- Table structure for table `solicitud_reparacion`
--

DROP TABLE IF EXISTS `solicitud_reparacion`;
/*!40101 SET @saved_cs_client     = @@character_set_client */;
/*!40101 SET character_set_client = utf8 */;
CREATE TABLE `solicitud_reparacion` (
  `id_solicitud` int(100) NOT NULL AUTO_INCREMENT,
  `numero` int(100) DEFAULT NULL,
  `id_tipo` int(10) DEFAULT NULL,
  `nivel` int(10) DEFAULT NULL,
  `solicitante` varchar(255) COLLATE utf8_spanish_ci NOT NULL,
  `f_solicitado` datetime NOT NULL,
  `f_sugerido` date NOT NULL,
  `hora_sug` time NOT NULL,
  `id_equipo` int(10) NOT NULL,
  `correctivo` int(10) DEFAULT NULL,
  `causa` varchar(255) CHARACTER SET latin1 NOT NULL,
  `observaciones` varchar(255) CHARACTER SET latin1 DEFAULT NULL,
  `estado` varchar(2) CHARACTER SET latin1 NOT NULL,
  `usrId` int(11) NOT NULL,
  `fecha_conformidad` date NOT NULL,
  `observ_conformidad` varchar(255) COLLATE utf8_spanish_ci NOT NULL,
  `foto1` blob,
  `foto2` blob,
  `foto3` blob,
  `foto` varchar(255) COLLATE utf8_spanish_ci DEFAULT NULL,
  `id_empresa` int(11) NOT NULL,
  `case_id` int(11) DEFAULT NULL,
  `urgente` tinyint(1) DEFAULT NULL,
  PRIMARY KEY (`id_solicitud`),
  KEY `id_equipo` (`id_equipo`) USING BTREE
) ENGINE=InnoDB AUTO_INCREMENT=21 DEFAULT CHARSET=utf8 COLLATE=utf8_spanish_ci;
/*!40101 SET character_set_client = @saved_cs_client */;

--
-- Dumping data for table `solicitud_reparacion`
--

LOCK TABLES `solicitud_reparacion` WRITE;
/*!40000 ALTER TABLE `solicitud_reparacion` DISABLE KEYS */;
INSERT INTO `solicitud_reparacion` VALUES (1,NULL,NULL,NULL,'solicitante, solicitante','2019-08-06 21:06:25','2019-08-07','08:00:00',3,NULL,'eliiii s.s',NULL,'PL',4,'0000-00-00','',NULL,NULL,NULL,'assets/files/orders/sinImagen.jpg',6,19048,1),(2,NULL,NULL,NULL,'solicitante, solicitante','2019-08-06 21:19:29','2019-08-07','08:00:00',3,NULL,'eliii 2 s.s',NULL,'CN',4,'0000-00-00','',NULL,NULL,NULL,'assets/files/orders/sinImagen.jpg',6,19049,1),(3,NULL,NULL,NULL,'solicitante, solicitante','2019-08-06 21:31:53','2019-08-07','08:00:00',3,NULL,'backlog',NULL,'PL',4,'0000-00-00','',NULL,NULL,NULL,'assets/files/orders/sinImagen.jpg',6,19051,0),(4,NULL,NULL,NULL,'supervisor, supervisor','2019-08-07 15:34:43','2019-08-08','08:00:00',3,NULL,'falla test 1 supervisor - backlog',NULL,'PL',2,'0000-00-00','',NULL,NULL,NULL,'assets/files/orders/sinImagen.jpg',6,19060,0),(5,NULL,NULL,NULL,'supervisor, supervisor','2019-08-07 15:49:11','2019-08-08','08:00:00',3,NULL,'test 2',NULL,'PL',2,'0000-00-00','',NULL,NULL,NULL,'assets/files/orders/sinImagen.jpg',6,19061,0),(6,NULL,NULL,NULL,'bernaldez, eliana','2019-08-08 10:40:56','2019-08-09','08:00:00',3,NULL,'asd',NULL,'S',2,'0000-00-00','',NULL,NULL,NULL,'assets/files/orders/sinImagen.jpg',6,19066,0),(7,NULL,NULL,NULL,'bernaldez, eliana','2019-08-08 11:15:38','2019-08-09','08:00:00',2,NULL,'fer 08-08-2019',NULL,'S',2,'0000-00-00','',NULL,NULL,NULL,'assets/files/orders/sinImagen.jpg',6,19067,0),(8,NULL,NULL,NULL,'bernaldez, eliana','2019-08-08 17:10:57','2019-08-09','08:00:00',3,NULL,'fer001',NULL,'S',2,'0000-00-00','',NULL,NULL,NULL,'assets/files/orders/sinImagen.jpg',6,NULL,NULL),(9,NULL,NULL,NULL,'bernaldez, eliana','2019-08-08 17:27:26','2019-08-09','08:00:00',3,NULL,'fer002',NULL,'S',2,'0000-00-00','',NULL,NULL,NULL,'assets/files/orders/sinImagen.jpg',6,19069,0),(10,NULL,NULL,NULL,'bernaldez, eliana','2019-08-09 12:34:03','2019-08-10','08:00:00',3,NULL,'fer 09-08-2019',NULL,'S',2,'0000-00-00','',NULL,NULL,NULL,'assets/files/orders/sinImagen.jpg',6,19071,0),(11,NULL,NULL,NULL,'bernaldez, eliana','2019-08-09 15:31:57','2019-08-10','08:00:00',3,NULL,'eli 0.1',NULL,'CN',4,'0000-00-00','',NULL,NULL,NULL,'assets/files/orders/sinImagen.jpg',6,19073,0),(12,NULL,NULL,NULL,'bernaldez, eliana','2019-08-13 12:32:49','2019-08-14','08:00:00',3,NULL,'solicitud no urgente',NULL,'CN',4,'0000-00-00','',NULL,NULL,NULL,'assets/files/orders/sinImagen.jpg',6,19085,0),(13,NULL,NULL,NULL,'bernaldez, eliana','2019-08-13 12:50:09','2019-08-14','08:00:00',2,NULL,'s.s urg',NULL,'T',4,'0000-00-00','',NULL,NULL,NULL,'assets/files/orders/sinImagen.jpg',6,19087,1),(14,NULL,NULL,NULL,'bernaldez, eliana','2019-08-20 11:20:07','2019-08-21','17:00:00',7,NULL,'s.s',NULL,'PL',2,'0000-00-00','',NULL,NULL,NULL,'assets/files/orders/sinImagen.jpg',6,19102,1),(15,NULL,NULL,NULL,'bernaldez, eliana','2019-08-20 11:28:16','2019-08-21','08:00:00',7,NULL,'urgente',NULL,'PL',2,'0000-00-00','',NULL,NULL,NULL,'assets/files/orders/sinImagen.jpg',6,19103,1),(16,NULL,NULL,NULL,'bernaldez, eliana','2019-08-20 12:02:43','2019-08-21','08:00:00',3,NULL,'fer-2008',NULL,'PL',2,'0000-00-00','',NULL,NULL,NULL,'assets/files/orders/sinImagen.jpg',6,19104,1),(17,NULL,NULL,NULL,'bernaldez, eliana','2019-08-20 12:07:22','2019-08-21','08:00:00',3,NULL,'fer-2008-1',NULL,'PL',2,'0000-00-00','',NULL,NULL,NULL,'assets/files/orders/sinImagen.jpg',6,19105,1),(18,NULL,NULL,NULL,'bernaldez, eliana','2019-08-20 12:50:59','2019-08-21','08:00:00',3,NULL,'fer1-2008',NULL,'PL',2,'0000-00-00','',NULL,NULL,NULL,'assets/files/orders/sinImagen.jpg',6,19107,1),(19,NULL,NULL,NULL,'Sanchez, Roberto ','2019-08-20 12:53:11','2019-08-21','08:00:00',4,NULL,'soli',NULL,'PL',2,'0000-00-00','',NULL,NULL,NULL,'assets/files/orders/sinImagen.jpg',6,19108,1),(20,NULL,NULL,NULL,'Sanchez, Roberto ','2019-08-21 11:01:17','2019-08-23','10:00:00',8,NULL,'Limpieza y engrase',NULL,'CN',4,'0000-00-00','',NULL,NULL,NULL,'assets/files/orders/sinImagen.jpg',6,19109,1);
/*!40000 ALTER TABLE `solicitud_reparacion` ENABLE KEYS */;
UNLOCK TABLES;

--
-- Table structure for table `sucursal`
--

DROP TABLE IF EXISTS `sucursal`;
/*!40101 SET @saved_cs_client     = @@character_set_client */;
/*!40101 SET character_set_client = utf8 */;
CREATE TABLE `sucursal` (
  `id_sucursal` int(11) NOT NULL AUTO_INCREMENT,
  `dire` varchar(3000) NOT NULL,
  `telefono` varchar(3000) NOT NULL,
  `zonas` varchar(3000) NOT NULL,
  `id_localidad` int(11) NOT NULL,
  `descripc` varchar(3000) NOT NULL,
  `estado` varchar(4) NOT NULL,
  `id_empresa` int(10) NOT NULL,
  PRIMARY KEY (`id_sucursal`)
) ENGINE=InnoDB AUTO_INCREMENT=2 DEFAULT CHARSET=latin1;
/*!40101 SET character_set_client = @saved_cs_client */;

--
-- Dumping data for table `sucursal`
--

LOCK TABLES `sucursal` WRITE;
/*!40000 ALTER TABLE `sucursal` DISABLE KEYS */;
INSERT INTO `sucursal` VALUES (1,'SSSSS','3333','SSSS',0,'SUCURSAL1','AC',6);
/*!40000 ALTER TABLE `sucursal` ENABLE KEYS */;
UNLOCK TABLES;

--
-- Table structure for table `tareas`
--

DROP TABLE IF EXISTS `tareas`;
/*!40101 SET @saved_cs_client     = @@character_set_client */;
/*!40101 SET character_set_client = utf8 */;
CREATE TABLE `tareas` (
  `id_tarea` int(11) NOT NULL AUTO_INCREMENT,
  `descripcion` varchar(255) CHARACTER SET latin1 NOT NULL,
  `estado` varchar(4) COLLATE utf8_spanish_ci NOT NULL,
  `id_empresa` int(11) NOT NULL,
  `form_asoc` int(11) DEFAULT NULL,
  `visible` tinyint(4) NOT NULL,
  PRIMARY KEY (`id_tarea`)
) ENGINE=InnoDB AUTO_INCREMENT=244 DEFAULT CHARSET=utf8 COLLATE=utf8_spanish_ci;
/*!40101 SET character_set_client = @saved_cs_client */;

--
-- Dumping data for table `tareas`
--

LOCK TABLES `tareas` WRITE;
/*!40000 ALTER TABLE `tareas` DISABLE KEYS */;
INSERT INTO `tareas` VALUES (1,'Limpie el Cuerpo Del Radiador (Utilice Aire Comprimido.)','AC',6,NULL,1),(2,'Limpie las Mangueras y las Conexiones del Radiador.','AC',6,NULL,1),(3,'Cambie Liquido de Refrigerante de Motor (Revise la Mezcla Anticongelante antes de la Epoca Invernal).','AC',6,NULL,1),(4,'Revise la Bomba de Agua','AC',6,NULL,1),(5,'Compruebe el Intercooler y las Mangueras de Conexion.','AC',6,NULL,1),(6,'Drene la Valvula de Purga de Agua del Deposito de Combustible','AC',6,NULL,1),(7,'Cambie el Filtro de Combustible del Motor','AC',6,NULL,1),(8,'Cambie el Respiradero del Deposito de Combustible.','AC',6,NULL,1),(9,'Limpie el Cuerpo del Radiador.','AC',6,NULL,1),(10,'Lubricar Todos los Puntos de Engrase de la Corredera ','AC',6,NULL,1),(11,'Compruebe la Holgura del Carro del Martillo Perforador y el Carril de la Corredera.','AC',6,NULL,1),(12,'Compruebe el Estado de las Mordazas del Centralizador del Retenedor.','AC',6,NULL,1),(13,'Compruebe el Aceite del Engranaje de la Corredera.','AC',6,NULL,1),(14,'Cambie el Aceite del Engranaje de la Corredera.','AC',6,NULL,1),(15,'Cambie los Filtros del Motor','AC',6,NULL,1),(16,'Lubrique los 13 Puntos de Engrase Segun Diagrama.','AC',6,NULL,1),(17,'Compruebe las Soldaduras del Brazo y de la Cuna.','AC',6,NULL,1),(18,'Compruebe los Soportes de los Cilindros ','AC',6,NULL,1),(19,'Apriete los Tornillos de los Pasadores de Expansión de los Cilindros.','AC',6,NULL,1),(20,'Revisar Apriete de las Varillas Tirantes. ','AC',6,NULL,1),(21,'Revisar Presion y Estado de Valvulas y Tapones de Llenado de Acumulacion.','AC',6,NULL,1),(22,'Revisar Apriete de los Tornillos del Acumulador, Motor de Rotación y Tapa Trasera.','AC',6,NULL,1),(23,'Engrase los Ejes de Oscilación y Pasadores del Cilindro de Oscilación.','AC',6,NULL,1),(24,'Compruebe el Estado y la Sujeccion del Cable del Cabrestante.','AC',6,NULL,1),(25,'Compruebe que no Existen Roturas en las Costuras de Soldadura.','AC',6,NULL,1),(26,'Compruebe el Electrolito y las Conexiones de las Baterias.','AC',6,NULL,1),(27,'Inspección: Revisar Desgaste de Correa de Distribución (de ser necesario cambiar). ','AC',6,NULL,1),(28,'Regular Luz de Válvula de Motor (cada 2000hs segun horometro).','AC',6,NULL,1),(29,'Probar la Capacidad de Retención del Freno de Servicio y del Freno de Estacionamiento (procedimiento CAT SMCS - 4251-081; 4267-081).','AC',6,NULL,1),(30,'Inspección: Revisar Anclaje , Desgaste y Fecha de Instalacion del Cinturón de Seguridad (de ser necesario cambie el cinturón de seguridad con mas de tres años o por excesivo desgaste). ','AC',6,NULL,1),(31,'Inspeccion: Revisar Nivel del Liquido Limpiaparabrisas (de ser necesario rellenar).','AC',6,NULL,1),(32,'Lubricar Articulación de Cucharón y Cojinete del Cilindro Cargador (utilizar grasa EP68). ','AC',6,NULL,1),(33,'Inspeccion: Revisar Desgaste en Cuchillas, Cantoneras y Planchas de Desgaste Inferiores (controlar par de apriete en bulones, de ser necesario cambiar).','AC',6,NULL,1),(34,'Lubricar Cojinete del Pivote Inferior y Superior del Cucharon (limpie todas las conexiones de engrase antes de lubricar, utilizar grasa EP68 ).','AC',6,NULL,1),(35,'Inspección: Revisar Desgaste en Puntas del Cucharon (de ser necesario, programar cambiarlo).','AC',6,NULL,1),(36,'Cambiar Aceite de Transmisión (cada 1000hs según horometro, utilizar el aceite SAE10W). ','AC',6,NULL,1),(37,'Inspección: Nivel de Aceite de Transmisión. ','AC',6,NULL,1),(38,'Cambiar Aceite Hidráulico (cada 500hs segun horometro, utilizar aceite hidráulico 68).. ','AC',6,NULL,1),(39,'Inspección: Nivel de Aceite Hidráulico.','AC',6,NULL,1),(40,'Lubricar Estrias de la Columna de Dirección (tener en cuenta 8 puntos de engrase).','AC',6,NULL,1),(41,'Lubricar Rodamiento de la Columna de Dirección (utilizar la grasa EP68).','AC',6,NULL,1),(42,'Inspección: Revisar Corrosion en Terminales y Desgaste o Daño en los Cables (de ser necesario, limpiar bornes de bateria y/o cambiar cables).','AC',6,NULL,1),(43,'Lubricar Cojinetes Superior e Inferior de Articulación (limpie todas las conexiones de engrase antes de lubricar, utilizar grasa EP68).','AC',6,NULL,1),(44,'Limpiar Equipo (utilice aire comprimido).','AC',6,NULL,1),(45,'Cambiar Filtro de Aceite de Motor (1R-1808 ITEM 57874).','AC',6,NULL,1),(46,'Cambiar Aceite de Motor (cada 250 hs según horometro, utilizar aceite 15W40).','AC',6,NULL,1),(47,'Limpiar Tanque de Combustible.','AC',6,NULL,1),(48,'Inspección: Revisar Desgaste de Correa de Distribución (de ser necesario cambiar).','AC',6,NULL,1),(49,'Cambiar Filtro de Aire Primario 245-3818 Item 57871 (cada 250 hs según horometro).','AC',6,NULL,1),(50,'Cambiar Filtro De Aire Secundario  245-3819 Item 57872 (cada 250 hs según horometro).','AC',6,NULL,1),(51,'Cambiar Filtro Separador De Agua Del Sistema De Combustible (cada 250 hs según horometro).','AC',6,NULL,1),(52,'Inspección: Revisar Holgura De La Válvula (cada 1000 hs según horómetro. la holgura debe ser de 0,508 mm).','AC',6,NULL,1),(53,'Limpiar Respiradero Del Carter (utilice disolvente liquido no inflamable).','AC',6,NULL,1),(54,'Limpiar Válvula de Alivio de Tanque Hidráulico (utilice disolvente liquido no inflamable).','AC',6,NULL,1),(55,'Limpiar Rejilla de Aceite de Dirección Piloto (utilice disolvente liquido no inflamable).','AC',6,NULL,1),(56,'Lubricar Cojinetes (Vástago y Cabezal) del Cilindro de Dirección (limpie todas las conexiones de engrase antes de lubricar. utilizar grasa EP68).','AC',6,NULL,1),(57,'Inspección: Revisar Holgura De La Válvula (cada 1000 hs según horómetro. la holgura debe ser de 0,254 mm).','AC',6,NULL,1),(58,'Inspección Visual: Nivel de Aceite de Transmisión (cuando se requiera).','AC',6,NULL,1),(59,'Cambiar Filtro de Aceite de Transmisión (cada 500 hs según horometro).','AC',6,NULL,1),(60,'Limpieza Respiradero (remover barro y suciedad. lavar con líquido limpiador. cada 1000 hs según horometro).','AC',6,NULL,1),(61,'Inspección Visual: Nivel de Aceite del Eje de Mando Delantero.','AC',6,NULL,1),(62,'Lubricar Eje de Mando Delantero (cada 2000 hs según horómetro. utilizar aceite. ver tabla de aceites. capacidad 16 litros).','AC',6,NULL,1),(63,'Inspección Visual: Nivel de Aceite del Eje de Mando Trasero (Tomar lectura de nivel con varilla de medición).','AC',6,NULL,1),(64,'Lubricar Eje de Mando Trasero (cada 2000 hs según horómetro. utilizar aceite. ver tabla de aceites capacidad 16 litros).','AC',6,NULL,1),(65,'Cambiar Aceite de Diferencial Delantero y Trasero (cada 1000 hs según horometro útilizar aceite sae50).','AC',6,NULL,1),(66,'Limpiar Filtro Acondicionador de Aire (utilizar aire comprimido seco, en caso de daños, cambiar. realizar cada 100 hs según horómetro).','AC',6,NULL,1),(67,'Cambiar Filtro Acondicionador de Aire (realizar cada 2000 hs según horómetro).','AC',6,NULL,1),(68,'Inspección: Nivel de Aceite Hidráulico (controlar el nivel por medio del medidor visual. revisar cada 100 hs según horómetro).','AC',6,NULL,1),(69,'Cambiar Aceite Hidráulico (cada 2000 hs según horómetro. utilizar aceite SAE 10w. capacidad 63 litros).','AC',6,NULL,1),(70,'Revisar Presión de Inflado (revisar cada 50 hs según horómetro. la presión de inflado debe ser entre 2,5kg/cm2  a 3,5 kg/cm2).','AC',6,NULL,1),(71,'Inspección Visual: Revisar Estado General de los Neumáticos (controlar que no tengan ningún tipo de daños. revisar cada 50 hs según horómetro).','AC',6,NULL,1),(72,'Revisar el Apriete de los Tornllos de los Cubos de las Ruedas (revisar cada 250 hs. según horómetro. la tensión de apriete  es de 94,5 +/- 10,5 kgm).','AC',6,NULL,1),(73,'Cambiar Aceite de Mandos Finales (cada 1000 hs según horometro utilizar aceite SAE 50).','AC',6,NULL,1),(74,'Limpiar el Equipo (utilice aire comprimido).','AC',6,NULL,1),(75,'Inspección: Comprobar Funcionamiento de Alarma de Retroceso (con el equipo en contacto, active el freno de servicio y coloque marcha en retroceso).','AC',6,NULL,1),(76,'Inspección: Revisar Presencia de Fisuras y Bulones Flojos o Dañados.','AC',6,NULL,1),(77,'Inspección: Comprobar Funcionamiento de las Luces.','AC',6,NULL,1),(78,'Cambiar Aceite de Motor (utilizar aceite 15W40).','AC',6,NULL,1),(80,'Inspección Visual: Controlar Pérdida y Nivel de Aceite Motor (de ser necesario nivelar con aceite 15W40).','AC',6,NULL,1),(81,'Inspección Visual: Controlar Soportes del Motor.','AC',6,NULL,1),(82,'Inspección Visual: Controlar la Tensión de la Cadena.','AC',6,NULL,1),(83,'Presión Según Fabricante.','AC',6,NULL,1),(84,'Inspección Visual de los Neumáticos (control del dibujo de los neumáticos).','AC',6,NULL,1),(85,'Cambiar Filtro de Aceite de Motor ITEM. 51488.','AC',6,NULL,1),(86,'Inspección Visual: Controlar la Tensión de la Correa (utilice medidor de tensión de correa).','AC',6,NULL,1),(87,'Cambiar Filtro de  Aire (primario ITEM 51518).','AC',6,NULL,1),(88,'Cambiar Filtro Separador de Agua del Sistema de Combustible.','AC',6,NULL,1),(89,'Inspección Visual: Controlar Soportes del Motor.','AN',6,NULL,1),(90,'Probar la Capacidad de Retención del Freno de Servicio y del Freno de Estacionamiento.','AC',6,NULL,1),(91,'Inspección Visual: Controlar Pérdida y Nivel de Agua del Radiador.','AC',6,NULL,1),(92,'Cambiar Cartucho Filtro de Aire.','AC',6,NULL,1),(93,'Inspección: Revisar Corrosión en Terminales y Desgaste o Daño en los Cables (de ser necesario, limpiar bornes de bateria y/o cambiar cables).','AC',6,NULL,1),(94,'Inspección: Comprobar Funcionamiento de la Bocina.','AC',6,NULL,1),(95,'Lubricar Movimiento (utilizar grasa EP 62).','AC',6,NULL,1),(96,'Inspeccion Visual: Controlar el Nivel de Aceite del Convertidor.','AC',6,NULL,1),(97,'Inspección Visual: Controlar Manguera.','AC',6,NULL,1),(98,'Limpie el Filtro de Admisión de Aire (se puede limpiar como máximo 6 veces, luego cambiar).','AC',6,NULL,1),(99,'Cambie el Filtro de Admisión de Aire (ITEM. 51549).','AC',6,NULL,1),(100,'Cambie el Cartucho de Filtro de Aire.','AC',6,NULL,1),(101,'Compruebe Juego y Desgaste en Patas de Motor.','AC',6,NULL,1),(102,'Compruebe el Amortiguador de Vibraciones del Cigüeñal.','AC',6,NULL,1),(103,'Revise las Tuberias y Conexiones de la Admisión de Aire.','AC',6,NULL,1),(104,'Cambie el Aceite de Motor (aceite 15W40).','AC',6,NULL,1),(105,'Cambie los Filtros de Aceite (ITEM. 58108).','AC',6,NULL,1),(106,'Sustituya el Elemento del Respiradero del Carter de Motor.','AC',6,NULL,1),(107,'Compruebe las Boquillas del Inyector.','AC',6,NULL,1),(108,'Revise el Sensor de Temperatura.','AC',6,NULL,1),(109,'Compruebe la Holgura de la Cuna.','AC',6,NULL,1),(111,'TEST','AN',6,NULL,1),(112,'Orden y Limpieza','AC',7,NULL,1),(113,'Cambio de Vidrios ','AC',7,NULL,1),(114,'Cambio Asiento  ','AN',7,NULL,1),(115,'Reemplazo de butaca','AC',7,NULL,1),(116,'Regulación de cerradura ','AC',7,NULL,1),(117,'Cambio de Cerradura ','AC',7,NULL,1),(118,'Cambio de Manómetros ','AC',7,NULL,1),(119,'Reemplazo de motores de Rotación de Cabezal ','AC',7,NULL,1),(120,'Reemplazo de cabezal','AC',7,NULL,1),(121,'Regulación Eléctrica de Joysticks ','AC',7,NULL,1),(122,'Regulación Mecánica de Joysticks','AC',7,NULL,1),(123,'Cambio de TIM','AC',7,NULL,1),(124,'Calibración de TIM ','AC',7,NULL,1),(125,'Reparación de Calefacción ','AC',7,NULL,1),(126,'Limpieza  de Filtro Interior de Cabina ','AC',7,NULL,1),(127,'Cambio de Filtro Exterior de Cabina ','AC',7,NULL,1),(128,'Cambio de Filtro Interior de Cabina','AC',7,NULL,1),(129,'Resellado de Cabina ','AC',7,NULL,1),(130,'Cambio de Burletes de Puerta ','AC',7,NULL,1),(131,'Cambio de Puerta de Acceso ','AC',7,NULL,1),(132,'Cambio de Lampara  Luz de cabina ','AC',7,NULL,1),(133,'Cambio de Interruptores en Cabina ','AC',7,NULL,1),(134,'Cambio de Joysticks ','AC',7,NULL,1),(135,'Carga de Gas de A/C ','AC',7,NULL,1),(136,'Chequeo de Sistema de A/C','AC',7,NULL,1),(137,'Cambio de Compresor de A/C ','AC',7,NULL,1),(138,'Cambio de Equipo A/C de Cabina ','AC',7,NULL,1),(139,'Cambio de Escobillas Limpiaparabrisas ','AC',7,NULL,1),(140,'Cambio de Escalera de Acceso ','AC',7,NULL,1),(141,'Reparación de Escalera de Acceso ','AC',7,NULL,1),(142,'Cambio de llave U ','AC',7,NULL,1),(143,'Cambio de Cilindro de Llave U ','AC',7,NULL,1),(144,'Cambio de Goma de Cierre  ','AC',7,NULL,1),(145,'Cambio de Guías de  Teflon Cabezal ','AC',7,NULL,1),(146,'Regulación de Motores de Rotación ','AC',7,NULL,1),(147,'Cambio de Sellos Agua-Aire en Cabezal ','AC',7,NULL,1),(148,'Cambio de Retenes de Cabezal ','AC',7,NULL,1),(149,'Cambio de Sensor de RPM  de Cabezal ','AC',7,NULL,1),(150,'Alineación de Cabezal ','AC',7,NULL,1),(151,'Regulación de Sostenimiento de Cabezal ','AC',7,NULL,1),(152,'Cambio de Luces de Trabajo ','AC',7,NULL,1),(153,'Chequeo de Sistema Eléctrico ','AC',7,NULL,1),(154,'Cambio de Bomba Principal ','AC',7,NULL,1),(155,'Cambio de Bombas Auxiliares ','AC',7,NULL,1),(156,'Cambio de Retenes de Bomba ','AC',7,NULL,1),(157,'Regulación De Bombas ','AC',7,NULL,1),(158,'Cambio de Actuadores de Bomba ','AC',7,NULL,1),(159,'Cambio de Banco de 6 Carretes ','AC',7,NULL,1),(160,'Cambio de Banco de 9 Carretes ','AC',7,NULL,1),(161,'Cambio de Válvulas Pulsar ','AC',7,NULL,1),(162,'Resellado de Banco Principales ','AC',7,NULL,1),(163,'Cambio de Válvulas Diversoras ','AC',7,NULL,1),(164,'Reparación de Válvulas Diversoras ','AC',7,NULL,1),(165,'Reparación de Válvulas de Aceite Caliente ','AC',7,NULL,1),(166,'Reparación de Válvula DR/PR ','AC',7,NULL,1),(167,'Cambio de Válvula Fema ','AC',7,NULL,1),(168,'Cambio de Motor de Traslación ','AC',7,NULL,1),(169,'Cambio de Motor Hidráulico ','AC',7,NULL,1),(170,'Regulación  RPM de ventilador  de Enfriamiento ','AC',7,NULL,1),(171,'Reparación de Fugas Hidráulicas ','AC',7,NULL,1),(172,'Reparación de Válvulas Contrabalance ','AC',7,NULL,1),(173,' Reparación de Válvulas de Sostenimiento','AC',7,NULL,1),(174,'Cambio de Válvulas de Sostenimiento ','AC',7,NULL,1),(175,'Cambio de Cilindro Hidráulico ','AC',7,NULL,1),(176,'Chequeo  de Sistema Hidráulico ','AC',7,NULL,1),(177,'Cambio de Radiador ','AC',7,NULL,1),(178,'Limpieza de Radiador ','AC',7,NULL,1),(179,'Cambio de Termostato ','AC',7,NULL,1),(180,'Cambio de bomba de Agua ','AC',7,NULL,1),(181,'Reparación de Boba de Agua  ','AC',7,NULL,1),(182,'Purgado de Sistema de Iyeccion de Agua ','AC',7,NULL,1),(183,'Reparación de Válvula Check ','AC',7,NULL,1),(184,'Cambio de Válvula Check ','AC',7,NULL,1),(185,'Limpieza de Filtros De Aire ','AC',7,NULL,1),(186,'Cambio de Filtro de Aceite de Motor ','AC',7,NULL,1),(187,'Cambio de Filtro de Aceite Hidráulico ','AC',7,NULL,1),(188,'Cambio de Filtro de Aceite de Compresor ','AC',7,NULL,1),(189,'Cambio de Filtro de Aire ','AC',7,NULL,1),(190,'Cambio de Filtros Colector de Polvo','AC',7,NULL,1),(191,'Limpieza de Filtros Colector de Polvo ','AC',7,NULL,1),(192,'Cambio de Sensores ','AC',7,NULL,1),(193,'Cambio de Arnés ','AC',7,NULL,1),(194,'Calibración de Sensores ','AC',7,NULL,1),(195,'Chequeo Sistema Neumático ','AC',7,NULL,1),(196,'Cambio de Módulos Eléctricos  ','AC',7,NULL,1),(197,'Cambio de Fusibles ','AC',7,NULL,1),(198,'Cambio de Baterías ','AC',7,NULL,1),(199,'Cambio de Presoswitchs ','AC',7,NULL,1),(200,'Cambio de Solenoides ','AC',7,NULL,1),(201,'Limpieza de Sensores','AC',7,NULL,1),(202,'Tensado de Cadenas de Tren Rodante ','AC',7,NULL,1),(203,'Cambio de Rolos Superiores Tren Rodante ','AC',7,NULL,1),(204,'Cambio de Rolos Inferiores Tren Rodante','AC',7,NULL,1),(205,'Cambio de Rueda GuíaTren Rodante  ','AC',7,NULL,1),(206,'Cambio de Mando Final ','AC',7,NULL,1),(207,'Tenzado de Cables de Avance ','AC',7,NULL,1),(208,'Tensado de Cables de Holdback ','AC',7,NULL,1),(209,'Cambio de Poleas Cables de Avance ','AC',7,NULL,1),(210,'Cambio de Sprocket de Holdback ','AC',7,NULL,1),(211,'Cambio de Mangueras Hidráulicas ','AC',7,NULL,1),(212,'Cambio de Mangueras Neumáticas ','AC',7,NULL,1),(213,'Cambio de Vidrios ','AN',7,NULL,1),(214,'Cambio de Guías Metálicas  de Viga ','AC',7,NULL,1),(215,'Cambio de Zapatas de Oruga ','AC',7,NULL,1),(216,'Retorqueo de Zapatas de Orugas ','AC',7,NULL,1),(217,'Recarga de Fluidos ','AC',7,NULL,1),(218,'Cambio de Baterías ','AC',7,NULL,1),(219,'Engrase de Equipo ','AC',7,NULL,1),(220,'Toma de Muestras ','AC',7,NULL,1),(221,'Ejecución de BKL ','AC',7,NULL,1),(222,'Inspección Perforadora 901 ','AC',7,NULL,1),(223,'Inspección Perforadora 903 ','AC',7,NULL,1),(224,'Inspección Perforadora 905 ','AC',7,NULL,1),(225,'Inspección Perforadora 906 ','AC',7,NULL,1),(226,'Regulación de Cmpresor ','AC',7,NULL,1),(227,'Reparación de Válvula UL-88 ','AC',7,NULL,1),(228,'Regulación de Intercambiador de Barras ','AC',7,NULL,1),(229,'Limpieza de Difusor de Grasa de Barras','AC',7,NULL,1),(230,'Limpieza de Mangon de Succión primario ','AC',7,NULL,1),(231,'test 29-01','AN',7,NULL,1),(232,'ATAREAA','AN',6,NULL,1),(233,'LIMPIE EL CUERPO DEL RADIADOR DE AGUA','AC',8,NULL,1),(234,'LIMPIE LAS MANGUERAS Y LAS CONEXIONES DEL RADIADOR.','AC',8,NULL,1),(235,'REVISE LA BOMBA DE AGUA','AC',8,NULL,1),(236,'COMPRUEBE EL INTERCOOLER  Y LAS MANGUERAS DE CONEXIÓN.','AC',8,NULL,1),(237,'LIMPIE EL FILTRO DE ADMISIÓN DE AIRE.','AC',8,NULL,1),(238,'LUBRICAR ARTICULACIÓN DE CUCHARÓN Y COJINETE DEL CILINDRO CARGADOR.','AC',8,NULL,1),(239,'INSPECCIÓN: REVISAR DESGASTE EN CUCHILLAS, CANTONERAS Y PLANCHAS DE DESGASTE INFERIORES.','AC',8,NULL,1),(240,'LUBRICAR COJINETES DEL PIVOTE SUPERIOR E INFERIOR DEL CUCHARÓN.','AC',8,NULL,1),(241,'INSPECCIÓN: REVISAR DESGASTE EN PUNTAS DEL CUCHARÓN.','AC',8,NULL,1),(242,'Inspección de matafuegos - Flota Carguío','AC',6,NULL,0),(243,'Tarea eli','AN',6,NULL,0);
/*!40000 ALTER TABLE `tareas` ENABLE KEYS */;
UNLOCK TABLES;

--
-- Table structure for table `tbl_back`
--

DROP TABLE IF EXISTS `tbl_back`;
/*!40101 SET @saved_cs_client     = @@character_set_client */;
/*!40101 SET character_set_client = utf8 */;
CREATE TABLE `tbl_back` (
  `backId` int(11) NOT NULL AUTO_INCREMENT,
  `id_equipo` int(11) NOT NULL,
  `id_tarea` int(11) DEFAULT NULL,
  `fecha` datetime DEFAULT NULL,
  `horash` float DEFAULT NULL,
  `estado` varchar(5) COLLATE utf8_spanish_ci NOT NULL,
  `back_duracion` int(11) NOT NULL,
  `id_unidad` int(11) DEFAULT NULL,
  `back_canth` int(11) NOT NULL,
  `id_empresa` int(11) NOT NULL,
  `idcomponenteequipo` int(11) DEFAULT NULL,
  `back_adjunto` varchar(500) COLLATE utf8_spanish_ci DEFAULT NULL,
  `sore_id` int(11) DEFAULT NULL,
  `tarea_opcional` varchar(500) COLLATE utf8_spanish_ci DEFAULT NULL,
  PRIMARY KEY (`backId`)
) ENGINE=InnoDB AUTO_INCREMENT=11 DEFAULT CHARSET=utf8 COLLATE=utf8_spanish_ci;
/*!40101 SET character_set_client = @saved_cs_client */;

--
-- Dumping data for table `tbl_back`
--

LOCK TABLES `tbl_back` WRITE;
/*!40000 ALTER TABLE `tbl_back` DISABLE KEYS */;
INSERT INTO `tbl_back` VALUES (1,3,0,'2019-08-07 00:32:32',0.67,'PL',20,1,2,6,0,NULL,3,'backlog nuevo'),(2,3,0,'2019-08-07 18:35:56',12,'PL',12,2,1,6,0,NULL,4,'falla test 1 supervisor - backlog'),(3,3,0,'2019-08-07 18:49:37',4,'PL',2,2,2,6,0,NULL,5,'test 2'),(4,3,NULL,'2019-08-08 13:41:24',NULL,'B',0,NULL,0,6,NULL,NULL,6,'asd'),(5,2,NULL,'2019-08-08 14:16:03',NULL,'B',0,NULL,0,6,NULL,NULL,7,'fer 08-08-2019'),(6,3,NULL,'2019-08-08 20:27:43',NULL,'B',0,NULL,0,6,NULL,NULL,9,'fer002'),(7,3,0,'2019-08-09 15:34:57',0.02,'S',1,1,1,6,0,NULL,10,'fer 09-08-2019'),(8,3,0,'2019-08-09 18:32:38',0.67,'CN',20,1,2,6,0,NULL,11,'eli 0.11'),(9,3,106,'2019-08-13 15:33:49',0.33,'CN',20,1,1,6,0,NULL,12,''),(10,8,4,'2019-08-20 00:00:00',1,'C',30,1,2,6,0,NULL,NULL,'');
/*!40000 ALTER TABLE `tbl_back` ENABLE KEYS */;
UNLOCK TABLES;

--
-- Table structure for table `tbl_backlogherramientas`
--

DROP TABLE IF EXISTS `tbl_backlogherramientas`;
/*!40101 SET @saved_cs_client     = @@character_set_client */;
/*!40101 SET character_set_client = utf8 */;
CREATE TABLE `tbl_backlogherramientas` (
  `id` int(11) NOT NULL AUTO_INCREMENT,
  `backId` int(11) DEFAULT NULL,
  `herrId` int(11) DEFAULT NULL,
  `cantidad` double NOT NULL,
  `id_empresa` int(11) NOT NULL,
  PRIMARY KEY (`id`)
) ENGINE=InnoDB AUTO_INCREMENT=4 DEFAULT CHARSET=utf8 COLLATE=utf8_spanish_ci;
/*!40101 SET character_set_client = @saved_cs_client */;

--
-- Dumping data for table `tbl_backlogherramientas`
--

LOCK TABLES `tbl_backlogherramientas` WRITE;
/*!40000 ALTER TABLE `tbl_backlogherramientas` DISABLE KEYS */;
INSERT INTO `tbl_backlogherramientas` VALUES (1,1,1,1,6),(2,8,24,1,6),(3,9,22,1,6);
/*!40000 ALTER TABLE `tbl_backlogherramientas` ENABLE KEYS */;
UNLOCK TABLES;

--
-- Table structure for table `tbl_backloginsumos`
--

DROP TABLE IF EXISTS `tbl_backloginsumos`;
/*!40101 SET @saved_cs_client     = @@character_set_client */;
/*!40101 SET character_set_client = utf8 */;
CREATE TABLE `tbl_backloginsumos` (
  `id` int(11) NOT NULL AUTO_INCREMENT,
  `backId` int(11) DEFAULT NULL,
  `artId` int(11) DEFAULT NULL,
  `cantidad` double NOT NULL,
  `id_empresa` int(11) NOT NULL,
  PRIMARY KEY (`id`)
) ENGINE=InnoDB AUTO_INCREMENT=4 DEFAULT CHARSET=utf8 COLLATE=utf8_spanish_ci;
/*!40101 SET character_set_client = @saved_cs_client */;

--
-- Dumping data for table `tbl_backloginsumos`
--

LOCK TABLES `tbl_backloginsumos` WRITE;
/*!40000 ALTER TABLE `tbl_backloginsumos` DISABLE KEYS */;
INSERT INTO `tbl_backloginsumos` VALUES (1,1,145,1,6),(2,8,76,1,6),(3,9,146,6,6);
/*!40000 ALTER TABLE `tbl_backloginsumos` ENABLE KEYS */;
UNLOCK TABLES;

--
-- Table structure for table `tbl_detanotapedido`
--

DROP TABLE IF EXISTS `tbl_detanotapedido`;
/*!40101 SET @saved_cs_client     = @@character_set_client */;
/*!40101 SET character_set_client = utf8 */;
CREATE TABLE `tbl_detanotapedido` (
  `id_detaNota` int(11) NOT NULL AUTO_INCREMENT,
  `id_notaPedido` int(11) DEFAULT NULL,
  `artId` int(11) DEFAULT NULL,
  `cantidad` int(11) DEFAULT NULL,
  `provid` int(11) DEFAULT NULL,
  `fechaEntrega` date DEFAULT NULL,
  `fechaEntregado` date DEFAULT NULL,
  `remito` int(11) DEFAULT NULL,
  `estado` varchar(4) COLLATE utf8_spanish_ci DEFAULT NULL,
  PRIMARY KEY (`id_detaNota`),
  KEY `id_notaPedido` (`id_notaPedido`)
) ENGINE=InnoDB DEFAULT CHARSET=utf8 COLLATE=utf8_spanish_ci;
/*!40101 SET character_set_client = @saved_cs_client */;

--
-- Dumping data for table `tbl_detanotapedido`
--

LOCK TABLES `tbl_detanotapedido` WRITE;
/*!40000 ALTER TABLE `tbl_detanotapedido` DISABLE KEYS */;
/*!40000 ALTER TABLE `tbl_detanotapedido` ENABLE KEYS */;
UNLOCK TABLES;

--
-- Table structure for table `tbl_detavaledescarga`
--

DROP TABLE IF EXISTS `tbl_detavaledescarga`;
/*!40101 SET @saved_cs_client     = @@character_set_client */;
/*!40101 SET character_set_client = utf8 */;
CREATE TABLE `tbl_detavaledescarga` (
  `detavaledid` int(11) NOT NULL AUTO_INCREMENT,
  `valedid` int(11) DEFAULT NULL,
  `herrId` int(11) DEFAULT NULL,
  `observa` varchar(255) DEFAULT NULL,
  `dest` varchar(255) DEFAULT NULL,
  `id_empresa` int(11) NOT NULL,
  PRIMARY KEY (`detavaledid`),
  KEY `equipid` (`herrId`) USING BTREE,
  KEY `valedid` (`valedid`) USING BTREE
) ENGINE=InnoDB AUTO_INCREMENT=6 DEFAULT CHARSET=latin1;
/*!40101 SET character_set_client = @saved_cs_client */;

--
-- Dumping data for table `tbl_detavaledescarga`
--

LOCK TABLES `tbl_detavaledescarga` WRITE;
/*!40000 ALTER TABLE `tbl_detavaledescarga` DISABLE KEYS */;
INSERT INTO `tbl_detavaledescarga` VALUES (1,3,10,NULL,NULL,6),(2,4,57,NULL,NULL,6),(3,5,8,NULL,NULL,6),(4,6,179,NULL,NULL,6),(5,7,43,NULL,NULL,6);
/*!40000 ALTER TABLE `tbl_detavaledescarga` ENABLE KEYS */;
UNLOCK TABLES;

--
-- Table structure for table `tbl_detavalesalida`
--

DROP TABLE IF EXISTS `tbl_detavalesalida`;
/*!40101 SET @saved_cs_client     = @@character_set_client */;
/*!40101 SET character_set_client = utf8 */;
CREATE TABLE `tbl_detavalesalida` (
  `detavid` int(10) NOT NULL AUTO_INCREMENT,
  `valesid` int(11) DEFAULT NULL,
  `herrId` int(10) DEFAULT NULL,
  `observa` text,
  `dest` varchar(255) DEFAULT NULL,
  `id_empresa` int(11) NOT NULL,
  PRIMARY KEY (`detavid`),
  KEY `equiid` (`herrId`) USING BTREE,
  KEY `valesid` (`valesid`) USING BTREE
) ENGINE=InnoDB AUTO_INCREMENT=10 DEFAULT CHARSET=latin1;
/*!40101 SET character_set_client = @saved_cs_client */;

--
-- Dumping data for table `tbl_detavalesalida`
--

LOCK TABLES `tbl_detavalesalida` WRITE;
/*!40000 ALTER TABLE `tbl_detavalesalida` DISABLE KEYS */;
INSERT INTO `tbl_detavalesalida` VALUES (1,1,4,NULL,NULL,6),(2,2,4,NULL,NULL,6),(3,3,32,NULL,NULL,6),(4,4,15,NULL,NULL,6),(5,5,8,NULL,NULL,6),(6,6,179,NULL,NULL,6),(7,7,179,NULL,NULL,6),(8,8,43,NULL,NULL,6),(9,9,8,NULL,NULL,6);
/*!40000 ALTER TABLE `tbl_detavalesalida` ENABLE KEYS */;
UNLOCK TABLES;

--
-- Table structure for table `tbl_estado`
--

DROP TABLE IF EXISTS `tbl_estado`;
/*!40101 SET @saved_cs_client     = @@character_set_client */;
/*!40101 SET character_set_client = utf8 */;
CREATE TABLE `tbl_estado` (
  `estadoid` int(11) NOT NULL AUTO_INCREMENT,
  `descripcion` varchar(3000) COLLATE utf8_spanish_ci NOT NULL,
  `estado` varchar(5) COLLATE utf8_spanish_ci NOT NULL,
  PRIMARY KEY (`estadoid`)
) ENGINE=InnoDB AUTO_INCREMENT=17 DEFAULT CHARSET=utf8 COLLATE=utf8_spanish_ci;
/*!40101 SET character_set_client = @saved_cs_client */;

--
-- Dumping data for table `tbl_estado`
--

LOCK TABLES `tbl_estado` WRITE;
/*!40000 ALTER TABLE `tbl_estado` DISABLE KEYS */;
INSERT INTO `tbl_estado` VALUES (1,'ACTIVO','AC'),(2,'TRANSITO','TR'),(3,'REPARACION','RE'),(4,'COMODATO','CO'),(5,'CURSO','C'),(6,'INACTIVO','IN'),(7,'SOLICITADO','S'),(8,'TAREA REALIZADA','RE'),(9,'TERMINADO PARCIAL','TE'),(10,'TERMINADO','T'),(11,'ENTREGADO','E'),(12,'PEDIDO','P'),(13,'ASIGNADO','As'),(14,'ANULADO','AN'),(15,'BORRADOR','B'),(16,'CERRADO','CE');
/*!40000 ALTER TABLE `tbl_estado` ENABLE KEYS */;
UNLOCK TABLES;

--
-- Table structure for table `tbl_estanteria`
--

DROP TABLE IF EXISTS `tbl_estanteria`;
/*!40101 SET @saved_cs_client     = @@character_set_client */;
/*!40101 SET character_set_client = utf8 */;
CREATE TABLE `tbl_estanteria` (
  `id_estanteria` int(11) NOT NULL AUTO_INCREMENT,
  `descripcion` varchar(50) COLLATE utf8_spanish_ci DEFAULT NULL,
  `fila` varchar(20) COLLATE utf8_spanish_ci DEFAULT NULL,
  `codigo` varchar(255) COLLATE utf8_spanish_ci NOT NULL,
  `id_empresa` int(11) NOT NULL,
  PRIMARY KEY (`id_estanteria`)
) ENGINE=InnoDB AUTO_INCREMENT=11 DEFAULT CHARSET=utf8 COLLATE=utf8_spanish_ci;
/*!40101 SET character_set_client = @saved_cs_client */;

--
-- Dumping data for table `tbl_estanteria`
--

LOCK TABLES `tbl_estanteria` WRITE;
/*!40000 ALTER TABLE `tbl_estanteria` DISABLE KEYS */;
INSERT INTO `tbl_estanteria` VALUES (1,'estanteria 1','1','dd1',6),(2,'estanteria 2','1','dd2',6),(3,'estanteria 3','1','dd3',6),(4,'estanteria 4','1','dd4',6),(5,'estanteria 5','1','d5',6),(6,'Estantería de prueba 01','12','ESTANTERIA TEST 01',6),(7,'','6','E1 ',7),(8,'','p','000',6),(9,'','','',6),(10,'','','',6);
/*!40000 ALTER TABLE `tbl_estanteria` ENABLE KEYS */;
UNLOCK TABLES;

--
-- Table structure for table `tbl_listarea`
--

DROP TABLE IF EXISTS `tbl_listarea`;
/*!40101 SET @saved_cs_client     = @@character_set_client */;
/*!40101 SET character_set_client = utf8 */;
CREATE TABLE `tbl_listarea` (
  `id_listarea` int(11) NOT NULL AUTO_INCREMENT,
  `id_orden` int(11) NOT NULL,
  `tareadescrip` varchar(5000) COLLATE utf8_spanish_ci NOT NULL,
  `id_usuario` int(11) DEFAULT NULL,
  `fecha` date DEFAULT NULL,
  `estado` varchar(5) COLLATE utf8_spanish_ci NOT NULL,
  `info_id` int(11) DEFAULT NULL,
  `id_subtarea` int(11) DEFAULT NULL,
  PRIMARY KEY (`id_listarea`)
) ENGINE=InnoDB DEFAULT CHARSET=utf8 COLLATE=utf8_spanish_ci;
/*!40101 SET character_set_client = @saved_cs_client */;

--
-- Dumping data for table `tbl_listarea`
--

LOCK TABLES `tbl_listarea` WRITE;
/*!40000 ALTER TABLE `tbl_listarea` DISABLE KEYS */;
/*!40000 ALTER TABLE `tbl_listarea` ENABLE KEYS */;
UNLOCK TABLES;

--
-- Table structure for table `tbl_lote`
--

DROP TABLE IF EXISTS `tbl_lote`;
/*!40101 SET @saved_cs_client     = @@character_set_client */;
/*!40101 SET character_set_client = utf8 */;
CREATE TABLE `tbl_lote` (
  `loteid` int(11) NOT NULL AUTO_INCREMENT,
  `codigo` varchar(255) DEFAULT NULL,
  `fecha` date DEFAULT NULL,
  `cantidad` varchar(255) DEFAULT NULL,
  `artId` int(11) DEFAULT NULL,
  `lotestado` char(4) DEFAULT NULL,
  `depositoid` int(11) DEFAULT NULL,
  `usrId` int(11) DEFAULT NULL,
  `id_empresa` int(11) NOT NULL,
  PRIMARY KEY (`loteid`),
  KEY `depositoid` (`depositoid`),
  KEY `artId` (`artId`)
) ENGINE=InnoDB DEFAULT CHARSET=latin1;
/*!40101 SET character_set_client = @saved_cs_client */;

--
-- Dumping data for table `tbl_lote`
--

LOCK TABLES `tbl_lote` WRITE;
/*!40000 ALTER TABLE `tbl_lote` DISABLE KEYS */;
/*!40000 ALTER TABLE `tbl_lote` ENABLE KEYS */;
UNLOCK TABLES;

--
-- Table structure for table `tbl_notapedido`
--

DROP TABLE IF EXISTS `tbl_notapedido`;
/*!40101 SET @saved_cs_client     = @@character_set_client */;
/*!40101 SET character_set_client = utf8 */;
CREATE TABLE `tbl_notapedido` (
  `id_notaPedido` int(11) NOT NULL AUTO_INCREMENT,
  `fecha` date NOT NULL,
  `id_ordTrabajo` int(11) NOT NULL,
  `id_empresa` int(11) DEFAULT NULL,
  PRIMARY KEY (`id_notaPedido`)
) ENGINE=InnoDB DEFAULT CHARSET=utf8 COLLATE=utf8_spanish_ci;
/*!40101 SET character_set_client = @saved_cs_client */;

--
-- Dumping data for table `tbl_notapedido`
--

LOCK TABLES `tbl_notapedido` WRITE;
/*!40000 ALTER TABLE `tbl_notapedido` DISABLE KEYS */;
/*!40000 ALTER TABLE `tbl_notapedido` ENABLE KEYS */;
UNLOCK TABLES;

--
-- Table structure for table `tbl_otadjuntos`
--

DROP TABLE IF EXISTS `tbl_otadjuntos`;
/*!40101 SET @saved_cs_client     = @@character_set_client */;
/*!40101 SET character_set_client = utf8 */;
CREATE TABLE `tbl_otadjuntos` (
  `id` int(11) NOT NULL AUTO_INCREMENT,
  `otId` int(11) NOT NULL,
  `ot_adjunto` varchar(255) COLLATE utf8_spanish_ci NOT NULL,
  PRIMARY KEY (`id`)
) ENGINE=InnoDB AUTO_INCREMENT=3 DEFAULT CHARSET=utf8 COLLATE=utf8_spanish_ci;
/*!40101 SET character_set_client = @saved_cs_client */;

--
-- Dumping data for table `tbl_otadjuntos`
--

LOCK TABLES `tbl_otadjuntos` WRITE;
/*!40000 ALTER TABLE `tbl_otadjuntos` DISABLE KEYS */;
INSERT INTO `tbl_otadjuntos` VALUES (1,29,'assets/filesOTrabajos/29_6_2019-08-15-00-44-13.pdf'),(2,30,'assets/filesOTrabajos/30_6_2019-08-15-01-22-24.pdf');
/*!40000 ALTER TABLE `tbl_otadjuntos` ENABLE KEYS */;
UNLOCK TABLES;

--
-- Table structure for table `tbl_otherramientas`
--

DROP TABLE IF EXISTS `tbl_otherramientas`;
/*!40101 SET @saved_cs_client     = @@character_set_client */;
/*!40101 SET character_set_client = utf8 */;
CREATE TABLE `tbl_otherramientas` (
  `id` int(11) NOT NULL AUTO_INCREMENT,
  `otId` int(11) DEFAULT NULL,
  `herrId` int(11) DEFAULT NULL,
  `cantidad` double NOT NULL,
  `id_empresa` int(11) NOT NULL,
  PRIMARY KEY (`id`)
) ENGINE=InnoDB AUTO_INCREMENT=23 DEFAULT CHARSET=utf8 COLLATE=utf8_spanish_ci;
/*!40101 SET character_set_client = @saved_cs_client */;

--
-- Dumping data for table `tbl_otherramientas`
--

LOCK TABLES `tbl_otherramientas` WRITE;
/*!40000 ALTER TABLE `tbl_otherramientas` DISABLE KEYS */;
INSERT INTO `tbl_otherramientas` VALUES (1,2,1,1,6),(4,6,1,1,6),(5,7,24,1,6),(6,8,175,5,6),(7,12,15,1,6),(8,12,8,2,6),(9,13,65,1,6),(10,18,22,1,6),(19,30,54,1,6),(20,30,8,1,6),(21,29,64,1,6),(22,29,55,1,6);
/*!40000 ALTER TABLE `tbl_otherramientas` ENABLE KEYS */;
UNLOCK TABLES;

--
-- Table structure for table `tbl_otinsumos`
--

DROP TABLE IF EXISTS `tbl_otinsumos`;
/*!40101 SET @saved_cs_client     = @@character_set_client */;
/*!40101 SET character_set_client = utf8 */;
CREATE TABLE `tbl_otinsumos` (
  `id` int(11) NOT NULL AUTO_INCREMENT,
  `otId` int(11) DEFAULT NULL,
  `artId` int(11) DEFAULT NULL,
  `cantidad` double NOT NULL,
  `id_empresa` int(11) NOT NULL,
  PRIMARY KEY (`id`)
) ENGINE=InnoDB AUTO_INCREMENT=23 DEFAULT CHARSET=utf8 COLLATE=utf8_spanish_ci;
/*!40101 SET character_set_client = @saved_cs_client */;

--
-- Dumping data for table `tbl_otinsumos`
--

LOCK TABLES `tbl_otinsumos` WRITE;
/*!40000 ALTER TABLE `tbl_otinsumos` DISABLE KEYS */;
INSERT INTO `tbl_otinsumos` VALUES (1,2,145,1,6),(4,6,145,1,6),(5,7,76,1,6),(6,8,93,3,6),(7,18,146,6,6),(18,30,51,1,6),(19,30,52,2,6),(20,29,76,4,6),(21,29,151,4,6),(22,29,145,2,6);
/*!40000 ALTER TABLE `tbl_otinsumos` ENABLE KEYS */;
UNLOCK TABLES;

--
-- Table structure for table `tbl_predictivoherramientas`
--

DROP TABLE IF EXISTS `tbl_predictivoherramientas`;
/*!40101 SET @saved_cs_client     = @@character_set_client */;
/*!40101 SET character_set_client = utf8 */;
CREATE TABLE `tbl_predictivoherramientas` (
  `id` int(11) NOT NULL AUTO_INCREMENT,
  `predId` int(11) DEFAULT NULL,
  `herrId` int(11) DEFAULT NULL,
  `cantidad` double NOT NULL,
  `id_empresa` int(11) NOT NULL,
  PRIMARY KEY (`id`)
) ENGINE=InnoDB DEFAULT CHARSET=utf8 COLLATE=utf8_spanish_ci;
/*!40101 SET character_set_client = @saved_cs_client */;

--
-- Dumping data for table `tbl_predictivoherramientas`
--

LOCK TABLES `tbl_predictivoherramientas` WRITE;
/*!40000 ALTER TABLE `tbl_predictivoherramientas` DISABLE KEYS */;
/*!40000 ALTER TABLE `tbl_predictivoherramientas` ENABLE KEYS */;
UNLOCK TABLES;

--
-- Table structure for table `tbl_predictivoinsumos`
--

DROP TABLE IF EXISTS `tbl_predictivoinsumos`;
/*!40101 SET @saved_cs_client     = @@character_set_client */;
/*!40101 SET character_set_client = utf8 */;
CREATE TABLE `tbl_predictivoinsumos` (
  `id` int(11) NOT NULL AUTO_INCREMENT,
  `predId` int(11) DEFAULT NULL,
  `artId` int(11) DEFAULT NULL,
  `cantidad` double NOT NULL,
  `id_empresa` int(11) NOT NULL,
  PRIMARY KEY (`id`)
) ENGINE=InnoDB DEFAULT CHARSET=utf8 COLLATE=utf8_spanish_ci;
/*!40101 SET character_set_client = @saved_cs_client */;

--
-- Dumping data for table `tbl_predictivoinsumos`
--

LOCK TABLES `tbl_predictivoinsumos` WRITE;
/*!40000 ALTER TABLE `tbl_predictivoinsumos` DISABLE KEYS */;
/*!40000 ALTER TABLE `tbl_predictivoinsumos` ENABLE KEYS */;
UNLOCK TABLES;

--
-- Table structure for table `tbl_preventivoherramientas`
--

DROP TABLE IF EXISTS `tbl_preventivoherramientas`;
/*!40101 SET @saved_cs_client     = @@character_set_client */;
/*!40101 SET character_set_client = utf8 */;
CREATE TABLE `tbl_preventivoherramientas` (
  `id` int(11) NOT NULL AUTO_INCREMENT,
  `prevId` int(11) DEFAULT NULL,
  `herrId` int(11) DEFAULT NULL,
  `cantidad` double NOT NULL,
  `id_empresa` int(11) NOT NULL,
  PRIMARY KEY (`id`),
  KEY `prevId` (`prevId`) USING BTREE,
  KEY `tbl_preventivoherramientas_ibfk_2` (`herrId`) USING BTREE
) ENGINE=InnoDB AUTO_INCREMENT=4 DEFAULT CHARSET=latin1;
/*!40101 SET character_set_client = @saved_cs_client */;

--
-- Dumping data for table `tbl_preventivoherramientas`
--

LOCK TABLES `tbl_preventivoherramientas` WRITE;
/*!40000 ALTER TABLE `tbl_preventivoherramientas` DISABLE KEYS */;
INSERT INTO `tbl_preventivoherramientas` VALUES (1,1,15,1,6),(2,1,8,2,6),(3,2,65,1,6);
/*!40000 ALTER TABLE `tbl_preventivoherramientas` ENABLE KEYS */;
UNLOCK TABLES;

--
-- Table structure for table `tbl_preventivoinsumos`
--

DROP TABLE IF EXISTS `tbl_preventivoinsumos`;
/*!40101 SET @saved_cs_client     = @@character_set_client */;
/*!40101 SET character_set_client = utf8 */;
CREATE TABLE `tbl_preventivoinsumos` (
  `id` int(11) NOT NULL AUTO_INCREMENT,
  `prevId` int(11) DEFAULT NULL,
  `artId` int(11) DEFAULT NULL,
  `cantidad` double NOT NULL,
  `id_empresa` int(11) NOT NULL,
  PRIMARY KEY (`id`),
  KEY `prevId` (`prevId`),
  KEY `artId` (`artId`)
) ENGINE=InnoDB DEFAULT CHARSET=latin1;
/*!40101 SET character_set_client = @saved_cs_client */;

--
-- Dumping data for table `tbl_preventivoinsumos`
--

LOCK TABLES `tbl_preventivoinsumos` WRITE;
/*!40000 ALTER TABLE `tbl_preventivoinsumos` DISABLE KEYS */;
/*!40000 ALTER TABLE `tbl_preventivoinsumos` ENABLE KEYS */;
UNLOCK TABLES;

--
-- Table structure for table `tbl_tipoordentrabajo`
--

DROP TABLE IF EXISTS `tbl_tipoordentrabajo`;
/*!40101 SET @saved_cs_client     = @@character_set_client */;
/*!40101 SET character_set_client = utf8 */;
CREATE TABLE `tbl_tipoordentrabajo` (
  `id` int(11) NOT NULL AUTO_INCREMENT,
  `tipo_orden` int(11) NOT NULL,
  `descripcion` varchar(50) CHARACTER SET utf8 COLLATE utf8_spanish_ci NOT NULL,
  PRIMARY KEY (`id`)
) ENGINE=InnoDB AUTO_INCREMENT=7 DEFAULT CHARSET=latin1;
/*!40101 SET character_set_client = @saved_cs_client */;

--
-- Dumping data for table `tbl_tipoordentrabajo`
--

LOCK TABLES `tbl_tipoordentrabajo` WRITE;
/*!40000 ALTER TABLE `tbl_tipoordentrabajo` DISABLE KEYS */;
INSERT INTO `tbl_tipoordentrabajo` VALUES (1,1,'Orden de Trabajo'),(2,2,'Solicitud de servicio'),(3,3,'Preventivo'),(4,4,'Backlog'),(5,5,'Predictivo'),(6,6,'Correctivo Programado');
/*!40000 ALTER TABLE `tbl_tipoordentrabajo` ENABLE KEYS */;
UNLOCK TABLES;

--
-- Table structure for table `tbl_trazacomponente`
--

DROP TABLE IF EXISTS `tbl_trazacomponente`;
/*!40101 SET @saved_cs_client     = @@character_set_client */;
/*!40101 SET character_set_client = utf8 */;
CREATE TABLE `tbl_trazacomponente` (
  `id_trazacomponente` int(11) NOT NULL AUTO_INCREMENT,
  `idcomponenteequipo` int(11) NOT NULL,
  `id_estanteria` int(11) DEFAULT NULL,
  `fila` int(11) DEFAULT NULL,
  `fecha` datetime DEFAULT NULL,
  `fecha_Entrega` datetime DEFAULT NULL,
  `ult_recibe` varchar(50) COLLATE utf8_spanish_ci DEFAULT NULL,
  `estado` varchar(10) COLLATE utf8_spanish_ci DEFAULT NULL,
  `observaciones` varchar(500) COLLATE utf8_spanish_ci DEFAULT NULL,
  `usrId` int(11) DEFAULT NULL,
  `id_empresa` int(11) NOT NULL,
  PRIMARY KEY (`id_trazacomponente`),
  KEY `idcomponenteequipo` (`idcomponenteequipo`),
  KEY `id_estanteria` (`id_estanteria`),
  KEY `usrId` (`usrId`)
) ENGINE=InnoDB DEFAULT CHARSET=utf8 COLLATE=utf8_spanish_ci;
/*!40101 SET character_set_client = @saved_cs_client */;

--
-- Dumping data for table `tbl_trazacomponente`
--

LOCK TABLES `tbl_trazacomponente` WRITE;
/*!40000 ALTER TABLE `tbl_trazacomponente` DISABLE KEYS */;
/*!40000 ALTER TABLE `tbl_trazacomponente` ENABLE KEYS */;
UNLOCK TABLES;

--
-- Table structure for table `tbl_unidadmedida`
--

DROP TABLE IF EXISTS `tbl_unidadmedida`;
/*!40101 SET @saved_cs_client     = @@character_set_client */;
/*!40101 SET character_set_client = utf8 */;
CREATE TABLE `tbl_unidadmedida` (
  `id_unidadmedida` int(11) NOT NULL AUTO_INCREMENT,
  `descripcion` varchar(3000) COLLATE utf8_spanish_ci NOT NULL,
  `estado` varchar(4) COLLATE utf8_spanish_ci NOT NULL,
  `id_empresa` int(11) NOT NULL,
  PRIMARY KEY (`id_unidadmedida`)
) ENGINE=InnoDB AUTO_INCREMENT=13 DEFAULT CHARSET=utf8 COLLATE=utf8_spanish_ci;
/*!40101 SET character_set_client = @saved_cs_client */;

--
-- Dumping data for table `tbl_unidadmedida`
--

LOCK TABLES `tbl_unidadmedida` WRITE;
/*!40000 ALTER TABLE `tbl_unidadmedida` DISABLE KEYS */;
INSERT INTO `tbl_unidadmedida` VALUES (1,'Unidad','AN',7),(2,'Litro','AC',7),(3,'Metro','AC',7),(4,'Kg','AC',7),(5,'m2','AC',7),(6,'m3','AC',7),(7,'unidad','AC',6),(8,'unidad de medida 2','AC',6),(9,'Unidad','AC',8),(10,'Metro','AC',8),(11,'Litro','AC',8),(12,'pulgadas','AC',6);
/*!40000 ALTER TABLE `tbl_unidadmedida` ENABLE KEYS */;
UNLOCK TABLES;

--
-- Table structure for table `tbl_valedesacarga`
--

DROP TABLE IF EXISTS `tbl_valedesacarga`;
/*!40101 SET @saved_cs_client     = @@character_set_client */;
/*!40101 SET character_set_client = utf8 */;
CREATE TABLE `tbl_valedesacarga` (
  `valedid` int(11) NOT NULL AUTO_INCREMENT,
  `valedfecha` datetime DEFAULT NULL,
  `usrId` int(11) DEFAULT NULL,
  `respons` varchar(255) CHARACTER SET utf8 COLLATE utf8_spanish_ci DEFAULT NULL,
  `dest` varchar(255) CHARACTER SET utf8 COLLATE utf8_spanish_ci DEFAULT NULL,
  `id_empresa` int(11) NOT NULL,
  PRIMARY KEY (`valedid`),
  KEY `usrId` (`usrId`)
) ENGINE=InnoDB AUTO_INCREMENT=8 DEFAULT CHARSET=latin1;
/*!40101 SET character_set_client = @saved_cs_client */;

--
-- Dumping data for table `tbl_valedesacarga`
--

LOCK TABLES `tbl_valedesacarga` WRITE;
/*!40000 ALTER TABLE `tbl_valedesacarga` DISABLE KEYS */;
INSERT INTO `tbl_valedesacarga` VALUES (1,'2019-07-11 00:00:00',1,'','',6),(2,'2019-07-11 00:00:00',2,'','',6),(3,'2019-07-18 00:00:00',53,'Roberto Andrés Sánchez','',6),(4,'2019-08-14 00:00:00',4,'Eliana Bernaldez','',6),(5,'2019-08-14 00:00:00',4,'Eliana Bernaldez','Deposito 2',6),(6,'2019-08-15 00:00:00',4,'Roberto Andrés Sánchez','OT 30-23',6),(7,'2019-08-15 00:00:00',2,'juan','OT 25 OT 32',6);
/*!40000 ALTER TABLE `tbl_valedesacarga` ENABLE KEYS */;
UNLOCK TABLES;

--
-- Table structure for table `tbl_valesalida`
--

DROP TABLE IF EXISTS `tbl_valesalida`;
/*!40101 SET @saved_cs_client     = @@character_set_client */;
/*!40101 SET character_set_client = utf8 */;
CREATE TABLE `tbl_valesalida` (
  `valesid` int(11) NOT NULL AUTO_INCREMENT,
  `fecha` date DEFAULT NULL,
  `usrId` int(10) DEFAULT NULL,
  `respons` varchar(255) CHARACTER SET utf8 COLLATE utf8_spanish_ci DEFAULT NULL,
  `dest` varchar(255) CHARACTER SET utf8 COLLATE utf8_spanish_ci DEFAULT NULL,
  `id_empresa` int(11) NOT NULL,
  PRIMARY KEY (`valesid`),
  KEY `repid` (`usrId`) USING BTREE
) ENGINE=InnoDB AUTO_INCREMENT=10 DEFAULT CHARSET=latin1;
/*!40101 SET character_set_client = @saved_cs_client */;

--
-- Dumping data for table `tbl_valesalida`
--

LOCK TABLES `tbl_valesalida` WRITE;
/*!40000 ALTER TABLE `tbl_valesalida` DISABLE KEYS */;
INSERT INTO `tbl_valesalida` VALUES (1,'2019-08-06',1,NULL,NULL,6),(2,'2019-08-09',1,NULL,NULL,6),(3,'2019-08-13',1,NULL,NULL,6),(4,'2019-08-14',4,'Eliana Bernaldez','otro galpon',6),(5,'2019-08-15',1,NULL,NULL,6),(6,'2019-08-15',4,'Roberto Andrés Sánchez','OT 30',6),(7,'2019-08-15',4,'xxxxxxx','OT43',6),(8,'2019-08-15',2,'juan','OT 25',6),(9,'2019-08-21',1,NULL,NULL,6);
/*!40000 ALTER TABLE `tbl_valesalida` ENABLE KEYS */;
UNLOCK TABLES;

--
-- Table structure for table `tipocuenta`
--

DROP TABLE IF EXISTS `tipocuenta`;
/*!40101 SET @saved_cs_client     = @@character_set_client */;
/*!40101 SET character_set_client = utf8 */;
CREATE TABLE `tipocuenta` (
  `tipocuentaid` int(11) NOT NULL AUTO_INCREMENT,
  `tipocuentadescrip` varchar(255) DEFAULT NULL,
  `tipocuentamonto` varchar(50) DEFAULT NULL,
  `tipocuentausuarios` varchar(50) DEFAULT NULL,
  `tipocuentaactivos` varchar(50) DEFAULT NULL,
  `tipocuentaempresas` varchar(50) DEFAULT NULL,
  `apps` varchar(2) DEFAULT NULL,
  `modulo_alerta` varchar(2) DEFAULT NULL,
  PRIMARY KEY (`tipocuentaid`)
) ENGINE=InnoDB AUTO_INCREMENT=4 DEFAULT CHARSET=latin1;
/*!40101 SET character_set_client = @saved_cs_client */;

--
-- Dumping data for table `tipocuenta`
--

LOCK TABLES `tipocuenta` WRITE;
/*!40000 ALTER TABLE `tipocuenta` DISABLE KEYS */;
INSERT INTO `tipocuenta` VALUES (1,'GO','0','10','100','1','NO','NO'),(2,'PRO','100','50','1000','3','SI','SI'),(3,'CORPORATE','300','ILIMITADO','ILIMITADO','ILIMITADO','SI','SI');
/*!40000 ALTER TABLE `tipocuenta` ENABLE KEYS */;
UNLOCK TABLES;

--
-- Table structure for table `unidad_industrial`
--

DROP TABLE IF EXISTS `unidad_industrial`;
/*!40101 SET @saved_cs_client     = @@character_set_client */;
/*!40101 SET character_set_client = utf8 */;
CREATE TABLE `unidad_industrial` (
  `id_unidad` int(11) NOT NULL AUTO_INCREMENT,
  `descripcion` varchar(100) COLLATE utf8mb4_spanish_ci NOT NULL,
  `id_empresa` int(11) NOT NULL,
  PRIMARY KEY (`id_unidad`)
) ENGINE=InnoDB AUTO_INCREMENT=13 DEFAULT CHARSET=utf8mb4 COLLATE=utf8mb4_spanish_ci;
/*!40101 SET character_set_client = @saved_cs_client */;

--
-- Dumping data for table `unidad_industrial`
--

LOCK TABLES `unidad_industrial` WRITE;
/*!40000 ALTER TABLE `unidad_industrial` DISABLE KEYS */;
INSERT INTO `unidad_industrial` VALUES (1,'veladero',6),(2,'nueva unidad insdutrial 2',6),(3,'MINA CHINCHILLAS',7),(4,'La Laja',2),(5,'unidad agregada 1',6),(6,'unidad agregada 2',6),(7,'unidad agregada 3',6),(8,'unidad agregada 4',6),(9,'unidad agregada 5',6),(10,'unidadagregada 6',6),(11,'La laja',6),(12,'CSJ-CIENAGUITA',8);
/*!40000 ALTER TABLE `unidad_industrial` ENABLE KEYS */;
UNLOCK TABLES;

--
-- Table structure for table `unidad_tiempo`
--

DROP TABLE IF EXISTS `unidad_tiempo`;
/*!40101 SET @saved_cs_client     = @@character_set_client */;
/*!40101 SET character_set_client = utf8 */;
CREATE TABLE `unidad_tiempo` (
  `id_unidad` int(11) NOT NULL AUTO_INCREMENT,
  `unidaddescrip` varchar(20) COLLATE utf8_spanish_ci NOT NULL,
  PRIMARY KEY (`id_unidad`)
) ENGINE=InnoDB AUTO_INCREMENT=4 DEFAULT CHARSET=utf8 COLLATE=utf8_spanish_ci;
/*!40101 SET character_set_client = @saved_cs_client */;

--
-- Dumping data for table `unidad_tiempo`
--

LOCK TABLES `unidad_tiempo` WRITE;
/*!40000 ALTER TABLE `unidad_tiempo` DISABLE KEYS */;
INSERT INTO `unidad_tiempo` VALUES (1,'minutos'),(2,'horas'),(3,'dias');
/*!40000 ALTER TABLE `unidad_tiempo` ENABLE KEYS */;
UNLOCK TABLES;

--
-- Table structure for table `usuarioasempresa`
--

DROP TABLE IF EXISTS `usuarioasempresa`;
/*!40101 SET @saved_cs_client     = @@character_set_client */;
/*!40101 SET character_set_client = utf8 */;
CREATE TABLE `usuarioasempresa` (
  `empresaid` int(11) NOT NULL,
  `usrId` int(11) NOT NULL,
  `fecha` datetime DEFAULT NULL,
  `tipo` tinyint(1) NOT NULL,
  `grpId` int(11) NOT NULL,
  `estado` varchar(45) NOT NULL,
  PRIMARY KEY (`empresaid`,`usrId`),
  KEY `usrId` (`usrId`)
) ENGINE=InnoDB DEFAULT CHARSET=latin1;
/*!40101 SET character_set_client = @saved_cs_client */;

--
-- Dumping data for table `usuarioasempresa`
--

LOCK TABLES `usuarioasempresa` WRITE;
/*!40000 ALTER TABLE `usuarioasempresa` DISABLE KEYS */;
INSERT INTO `usuarioasempresa` VALUES (6,1,'2018-10-25 00:00:00',1,1,'AC'),(6,2,'2019-04-11 14:27:44',1,1,'AC'),(6,3,'2019-04-11 14:40:04',1,1,'AC'),(6,4,'2019-04-11 14:40:36',1,1,'AC'),(6,11,'2018-10-25 00:00:00',0,1,'AC'),(6,17,'2018-09-18 00:00:00',1,1,'AC'),(6,26,'2018-09-18 00:00:00',0,1,'AC'),(6,31,'2018-11-23 00:00:00',1,1,'AC'),(6,49,'2019-01-17 09:22:31',1,1,'AC'),(6,50,'2019-01-30 11:49:00',1,20,'AC'),(6,51,'2019-04-11 10:25:33',1,1,'AC'),(6,53,'2019-06-03 15:46:27',1,1,'AC'),(7,1,'2018-09-17 00:00:00',0,1,'AC'),(7,9,'2018-09-17 00:00:00',1,1,'AC'),(7,18,'2018-09-21 00:00:00',1,7,'AC'),(7,20,'2018-09-12 00:00:00',1,1,'AC'),(8,1,'2018-09-12 00:00:00',0,1,'AC'),(8,26,'2018-11-09 00:00:00',1,1,'AC'),(8,28,'2018-11-09 00:00:00',1,1,'AC'),(8,29,'2018-11-09 00:00:00',1,1,'AC'),(8,30,'2018-11-09 00:00:00',1,1,'AC'),(8,31,'2018-11-23 00:00:00',1,13,'AC'),(8,36,'2018-11-23 00:00:00',1,13,'AC'),(8,39,'2018-11-23 00:00:00',1,14,'AC'),(8,41,'2018-11-23 00:00:00',1,13,'AC');
/*!40000 ALTER TABLE `usuarioasempresa` ENABLE KEYS */;
UNLOCK TABLES;

--
-- Table structure for table `utl_tablas`
--

DROP TABLE IF EXISTS `utl_tablas`;
/*!40101 SET @saved_cs_client     = @@character_set_client */;
/*!40101 SET character_set_client = utf8 */;
CREATE TABLE `utl_tablas` (
  `tabl_id` int(11) NOT NULL AUTO_INCREMENT,
  `tabla` varchar(50) COLLATE utf8_turkish_ci DEFAULT NULL,
  `valor` varchar(50) COLLATE utf8_turkish_ci DEFAULT NULL,
  `descripcion` varchar(200) COLLATE utf8_turkish_ci DEFAULT NULL,
  `fec_alta` datetime DEFAULT CURRENT_TIMESTAMP,
  `eliminado` tinyint(4) DEFAULT '0',
  PRIMARY KEY (`tabl_id`)
) ENGINE=InnoDB AUTO_INCREMENT=5 DEFAULT CHARSET=utf8 COLLATE=utf8_turkish_ci;
/*!40101 SET character_set_client = @saved_cs_client */;

--
-- Dumping data for table `utl_tablas`
--

LOCK TABLES `utl_tablas` WRITE;
/*!40000 ALTER TABLE `utl_tablas` DISABLE KEYS */;
INSERT INTO `utl_tablas` VALUES (1,'unidad',NULL,'unidad test hugo 1','2019-07-18 18:29:49',1),(2,'unidad',NULL,'unidad test hugo 2','2019-07-18 18:29:59',0),(3,'unidad',NULL,'litros','2019-07-22 13:04:51',1),(4,'unidad',NULL,'kiloss','2019-07-22 13:05:02',1);
/*!40000 ALTER TABLE `utl_tablas` ENABLE KEYS */;
UNLOCK TABLES;

--
-- Final view structure for view `abmdeposito`
--

/*!50001 DROP TABLE IF EXISTS `abmdeposito`*/;
/*!50001 DROP VIEW IF EXISTS `abmdeposito`*/;
/*!50001 SET @saved_cs_client          = @@character_set_client */;
/*!50001 SET @saved_cs_results         = @@character_set_results */;
/*!50001 SET @saved_col_connection     = @@collation_connection */;
/*!50001 SET character_set_client      = utf8 */;
/*!50001 SET character_set_results     = utf8 */;
/*!50001 SET collation_connection      = utf8_general_ci */;
/*!50001 CREATE ALGORITHM=UNDEFINED */
/*!50013 DEFINER=`root`@`localhost` SQL SECURITY DEFINER */
/*!50001 VIEW `abmdeposito` AS select `alm_depositos`.`depo_id` AS `depositoId`,`alm_depositos`.`descripcion` AS `depositodescrip`,`alm_depositos`.`direccion` AS `direccion`,`alm_depositos`.`GPS` AS `GPS`,`alm_depositos`.`loca_id` AS `id_localidad`,`alm_depositos`.`esta_id` AS `id_provincial`,`alm_depositos`.`pais_id` AS `id_pais`,`alm_depositos`.`empr_id` AS `id_empresa`,if((`alm_depositos`.`eliminado` = 1),'AN','AC') AS `estado` from `alm_depositos` */;
/*!50001 SET character_set_client      = @saved_cs_client */;
/*!50001 SET character_set_results     = @saved_cs_results */;
/*!50001 SET collation_connection      = @saved_col_connection */;

--
-- Final view structure for view `abmproveedores`
--

/*!50001 DROP TABLE IF EXISTS `abmproveedores`*/;
/*!50001 DROP VIEW IF EXISTS `abmproveedores`*/;
/*!50001 SET @saved_cs_client          = @@character_set_client */;
/*!50001 SET @saved_cs_results         = @@character_set_results */;
/*!50001 SET @saved_col_connection     = @@collation_connection */;
/*!50001 SET character_set_client      = utf8 */;
/*!50001 SET character_set_results     = utf8 */;
/*!50001 SET collation_connection      = utf8_general_ci */;
/*!50001 CREATE ALGORITHM=UNDEFINED */
/*!50013 DEFINER=`root`@`localhost` SQL SECURITY DEFINER */
/*!50001 VIEW `abmproveedores` AS select `alm_proveedores`.`prov_id` AS `provid`,`alm_proveedores`.`nombre` AS `provnombre`,`alm_proveedores`.`cuit` AS `provcuit`,`alm_proveedores`.`domicilio` AS `provdomicilio`,`alm_proveedores`.`telefono` AS `provtelefono`,`alm_proveedores`.`email` AS `provmail`,`alm_proveedores`.`empr_id` AS `id_empresa`,`alm_proveedores`.`fec_alta` AS `fec_alta`,if((`alm_proveedores`.`eliminado` = 1),'AN','AC') AS `estado` from `alm_proveedores` */;
/*!50001 SET character_set_client      = @saved_cs_client */;
/*!50001 SET character_set_results     = @saved_cs_results */;
/*!50001 SET collation_connection      = @saved_col_connection */;

--
-- Final view structure for view `articles`
--

/*!50001 DROP TABLE IF EXISTS `articles`*/;
/*!50001 DROP VIEW IF EXISTS `articles`*/;
/*!50001 SET @saved_cs_client          = @@character_set_client */;
/*!50001 SET @saved_cs_results         = @@character_set_results */;
/*!50001 SET @saved_col_connection     = @@collation_connection */;
/*!50001 SET character_set_client      = utf8 */;
/*!50001 SET character_set_results     = utf8 */;
/*!50001 SET collation_connection      = utf8_general_ci */;
/*!50001 CREATE ALGORITHM=UNDEFINED */
/*!50013 DEFINER=`root`@`localhost` SQL SECURITY DEFINER */
/*!50001 VIEW `articles` AS select `alm_articulos`.`arti_id` AS `artId`,`alm_articulos`.`barcode` AS `artBarCode`,`alm_articulos`.`descripcion` AS `artDescription`,`alm_articulos`.`costo` AS `artCoste`,`alm_articulos`.`es_caja` AS `artIsByBox`,`alm_articulos`.`cantidad_caja` AS `artCantbox`,`alm_articulos`.`punto_pedido` AS `punto_pedido`,if((`alm_articulos`.`eliminado` = 1),'AN','AC') AS `artEstado`,`alm_articulos`.`unidad_id` AS `unidadmedida`,`alm_articulos`.`empr_id` AS `id_empresa` from `alm_articulos` */;
/*!50001 SET character_set_client      = @saved_cs_client */;
/*!50001 SET character_set_results     = @saved_cs_results */;
/*!50001 SET collation_connection      = @saved_col_connection */;
/*!40103 SET TIME_ZONE=@OLD_TIME_ZONE */;

/*!40101 SET SQL_MODE=@OLD_SQL_MODE */;
/*!40014 SET FOREIGN_KEY_CHECKS=@OLD_FOREIGN_KEY_CHECKS */;
/*!40014 SET UNIQUE_CHECKS=@OLD_UNIQUE_CHECKS */;
/*!40101 SET CHARACTER_SET_CLIENT=@OLD_CHARACTER_SET_CLIENT */;
/*!40101 SET CHARACTER_SET_RESULTS=@OLD_CHARACTER_SET_RESULTS */;
/*!40101 SET COLLATION_CONNECTION=@OLD_COLLATION_CONNECTION */;
/*!40111 SET SQL_NOTES=@OLD_SQL_NOTES */;

-- Dump completed on 2019-09-02  2:00:40
